-- phpMyAdmin SQL Dump
-- version 5.2.1
-- https://www.phpmyadmin.net/
--
-- Host: localhost
-- Generation Time: Mar 06, 2025 at 07:58 AM
-- Server version: 10.11.10-MariaDB
-- PHP Version: 8.4.4

SET SQL_MODE = "NO_AUTO_VALUE_ON_ZERO";
START TRANSACTION;
SET time_zone = "+00:00";


/*!40101 SET @OLD_CHARACTER_SET_CLIENT=@@CHARACTER_SET_CLIENT */;
/*!40101 SET @OLD_CHARACTER_SET_RESULTS=@@CHARACTER_SET_RESULTS */;
/*!40101 SET @OLD_COLLATION_CONNECTION=@@COLLATION_CONNECTION */;
/*!40101 SET NAMES utf8mb4 */;

--
-- Database: `tourpackages`
--

-- --------------------------------------------------------

--
-- Table structure for table `agen_fees`
--

CREATE TABLE `agen_fees` (
  `id` bigint(20) UNSIGNED NOT NULL,
  `price` varchar(255) NOT NULL,
  `created_at` timestamp NULL DEFAULT NULL,
  `updated_at` timestamp NULL DEFAULT NULL
) ENGINE=InnoDB DEFAULT CHARSET=utf8mb4 COLLATE=utf8mb4_unicode_ci;

--
-- Dumping data for table `agen_fees`
--

INSERT INTO `agen_fees` (`id`, `price`, `created_at`, `updated_at`) VALUES
(1, '50000', '2024-11-27 15:48:15', '2024-12-05 09:36:21');

-- --------------------------------------------------------

--
-- Table structure for table `bookings`
--

CREATE TABLE `bookings` (
  `id` bigint(20) UNSIGNED NOT NULL,
  `booking_list_id` int(11) DEFAULT NULL,
  `code_booking` varchar(255) DEFAULT NULL,
  `start_date` date DEFAULT NULL,
  `end_date` date DEFAULT NULL,
  `start_trip` time DEFAULT NULL,
  `end_trip` time DEFAULT NULL,
  `name` varchar(255) DEFAULT NULL,
  `type` varchar(255) DEFAULT NULL,
  `total_user` int(11) DEFAULT NULL,
  `price_person` varchar(255) DEFAULT NULL,
  `total_price` varchar(255) DEFAULT NULL,
  `down_paymet` varchar(255) DEFAULT NULL,
  `remaining_costs` varchar(255) DEFAULT NULL,
  `status` enum('pending','booked','ontrip','paid','finished') DEFAULT NULL,
  `note` varchar(255) DEFAULT NULL,
  `created_at` timestamp NULL DEFAULT NULL,
  `updated_at` timestamp NULL DEFAULT NULL
) ENGINE=InnoDB DEFAULT CHARSET=utf8mb4 COLLATE=utf8mb4_unicode_ci;

-- --------------------------------------------------------

--
-- Table structure for table `booking_lists`
--

CREATE TABLE `booking_lists` (
  `id` bigint(20) UNSIGNED NOT NULL,
  `booking_id` int(11) NOT NULL,
  `agen_id` int(11) NOT NULL,
  `package_id` int(11) NOT NULL,
  `created_at` timestamp NULL DEFAULT NULL,
  `updated_at` timestamp NULL DEFAULT NULL
) ENGINE=InnoDB DEFAULT CHARSET=utf8mb4 COLLATE=utf8mb4_unicode_ci;

-- --------------------------------------------------------

--
-- Table structure for table `cache`
--

CREATE TABLE `cache` (
  `key` varchar(255) NOT NULL,
  `value` mediumtext NOT NULL,
  `expiration` int(11) NOT NULL
) ENGINE=InnoDB DEFAULT CHARSET=utf8mb4 COLLATE=utf8mb4_unicode_ci;

--
-- Dumping data for table `cache`
--

INSERT INTO `cache` (`key`, `value`, `expiration`) VALUES
('spatie.permission.cache', 'a:3:{s:5:\"alias\";a:5:{s:1:\"a\";s:2:\"id\";s:1:\"b\";s:4:\"name\";s:1:\"c\";s:10:\"group_name\";s:1:\"d\";s:10:\"guard_name\";s:1:\"r\";s:5:\"roles\";}s:11:\"permissions\";a:88:{i:0;a:5:{s:1:\"a\";i:1;s:1:\"b\";s:9:\"agen.menu\";s:1:\"c\";s:4:\"agen\";s:1:\"d\";s:3:\"web\";s:1:\"r\";a:3:{i:0;i:1;i:1;i:2;i:2;i:13;}}i:1;a:5:{s:1:\"a\";i:2;s:1:\"b\";s:9:\"agen.list\";s:1:\"c\";s:4:\"agen\";s:1:\"d\";s:3:\"web\";s:1:\"r\";a:3:{i:0;i:1;i:1;i:2;i:2;i:13;}}i:2;a:5:{s:1:\"a\";i:3;s:1:\"b\";s:8:\"agen.add\";s:1:\"c\";s:4:\"agen\";s:1:\"d\";s:3:\"web\";s:1:\"r\";a:2:{i:0;i:1;i:1;i:2;}}i:3;a:5:{s:1:\"a\";i:4;s:1:\"b\";s:9:\"agen.edit\";s:1:\"c\";s:4:\"agen\";s:1:\"d\";s:3:\"web\";s:1:\"r\";a:2:{i:0;i:1;i:1;i:2;}}i:4;a:5:{s:1:\"a\";i:5;s:1:\"b\";s:11:\"agen.delete\";s:1:\"c\";s:4:\"agen\";s:1:\"d\";s:3:\"web\";s:1:\"r\";a:1:{i:0;i:1;}}i:5;a:5:{s:1:\"a\";i:6;s:1:\"b\";s:9:\"agen.show\";s:1:\"c\";s:4:\"agen\";s:1:\"d\";s:3:\"web\";s:1:\"r\";a:3:{i:0;i:1;i:1;i:2;i:2;i:13;}}i:6;a:5:{s:1:\"a\";i:7;s:1:\"b\";s:12:\"booking.menu\";s:1:\"c\";s:7:\"booking\";s:1:\"d\";s:3:\"web\";s:1:\"r\";a:5:{i:0;i:1;i:1;i:2;i:2;i:3;i:3;i:12;i:4;i:13;}}i:7;a:5:{s:1:\"a\";i:8;s:1:\"b\";s:12:\"booking.list\";s:1:\"c\";s:7:\"booking\";s:1:\"d\";s:3:\"web\";s:1:\"r\";a:5:{i:0;i:1;i:1;i:2;i:2;i:3;i:3;i:12;i:4;i:13;}}i:8;a:5:{s:1:\"a\";i:9;s:1:\"b\";s:11:\"booking.add\";s:1:\"c\";s:7:\"booking\";s:1:\"d\";s:3:\"web\";s:1:\"r\";a:4:{i:0;i:1;i:1;i:2;i:2;i:3;i:3;i:12;}}i:9;a:5:{s:1:\"a\";i:10;s:1:\"b\";s:12:\"booking.edit\";s:1:\"c\";s:7:\"booking\";s:1:\"d\";s:3:\"web\";s:1:\"r\";a:3:{i:0;i:1;i:1;i:2;i:2;i:3;}}i:10;a:5:{s:1:\"a\";i:11;s:1:\"b\";s:14:\"booking.delete\";s:1:\"c\";s:7:\"booking\";s:1:\"d\";s:3:\"web\";s:1:\"r\";a:1:{i:0;i:1;}}i:11;a:5:{s:1:\"a\";i:12;s:1:\"b\";s:12:\"booking.show\";s:1:\"c\";s:7:\"booking\";s:1:\"d\";s:3:\"web\";s:1:\"r\";a:5:{i:0;i:1;i:1;i:2;i:2;i:3;i:3;i:12;i:4;i:13;}}i:12;a:5:{s:1:\"a\";i:13;s:1:\"b\";s:12:\"package.menu\";s:1:\"c\";s:7:\"package\";s:1:\"d\";s:3:\"web\";s:1:\"r\";a:5:{i:0;i:1;i:1;i:2;i:2;i:7;i:3;i:12;i:4;i:13;}}i:13;a:5:{s:1:\"a\";i:14;s:1:\"b\";s:12:\"package.list\";s:1:\"c\";s:7:\"package\";s:1:\"d\";s:3:\"web\";s:1:\"r\";a:5:{i:0;i:1;i:1;i:2;i:2;i:7;i:3;i:12;i:4;i:13;}}i:14;a:5:{s:1:\"a\";i:15;s:1:\"b\";s:11:\"package.add\";s:1:\"c\";s:7:\"package\";s:1:\"d\";s:3:\"web\";s:1:\"r\";a:3:{i:0;i:1;i:1;i:2;i:2;i:7;}}i:15;a:5:{s:1:\"a\";i:16;s:1:\"b\";s:12:\"package.edit\";s:1:\"c\";s:7:\"package\";s:1:\"d\";s:3:\"web\";s:1:\"r\";a:3:{i:0;i:1;i:1;i:2;i:2;i:7;}}i:16;a:5:{s:1:\"a\";i:17;s:1:\"b\";s:14:\"package.delete\";s:1:\"c\";s:7:\"package\";s:1:\"d\";s:3:\"web\";s:1:\"r\";a:1:{i:0;i:1;}}i:17;a:5:{s:1:\"a\";i:18;s:1:\"b\";s:12:\"package.show\";s:1:\"c\";s:7:\"package\";s:1:\"d\";s:3:\"web\";s:1:\"r\";a:4:{i:0;i:1;i:1;i:2;i:2;i:7;i:3;i:12;}}i:18;a:5:{s:1:\"a\";i:19;s:1:\"b\";s:9:\"rent.menu\";s:1:\"c\";s:4:\"rent\";s:1:\"d\";s:3:\"web\";s:1:\"r\";a:4:{i:0;i:1;i:1;i:2;i:2;i:7;i:3;i:13;}}i:19;a:5:{s:1:\"a\";i:20;s:1:\"b\";s:9:\"rent.list\";s:1:\"c\";s:4:\"rent\";s:1:\"d\";s:3:\"web\";s:1:\"r\";a:4:{i:0;i:1;i:1;i:2;i:2;i:7;i:3;i:13;}}i:20;a:5:{s:1:\"a\";i:21;s:1:\"b\";s:8:\"rent.add\";s:1:\"c\";s:4:\"rent\";s:1:\"d\";s:3:\"web\";s:1:\"r\";a:3:{i:0;i:1;i:1;i:2;i:2;i:7;}}i:21;a:5:{s:1:\"a\";i:22;s:1:\"b\";s:9:\"rent.edit\";s:1:\"c\";s:4:\"rent\";s:1:\"d\";s:3:\"web\";s:1:\"r\";a:3:{i:0;i:1;i:1;i:2;i:2;i:7;}}i:22;a:5:{s:1:\"a\";i:23;s:1:\"b\";s:11:\"rent.delete\";s:1:\"c\";s:4:\"rent\";s:1:\"d\";s:3:\"web\";s:1:\"r\";a:1:{i:0;i:1;}}i:23;a:5:{s:1:\"a\";i:24;s:1:\"b\";s:9:\"rent,show\";s:1:\"c\";s:4:\"rent\";s:1:\"d\";s:3:\"web\";s:1:\"r\";a:4:{i:0;i:1;i:1;i:2;i:2;i:7;i:3;i:13;}}i:24;a:5:{s:1:\"a\";i:25;s:1:\"b\";s:9:\"role.menu\";s:1:\"c\";s:4:\"role\";s:1:\"d\";s:3:\"web\";s:1:\"r\";a:3:{i:0;i:1;i:1;i:2;i:2;i:13;}}i:25;a:5:{s:1:\"a\";i:26;s:1:\"b\";s:9:\"role.list\";s:1:\"c\";s:4:\"role\";s:1:\"d\";s:3:\"web\";s:1:\"r\";a:3:{i:0;i:1;i:1;i:2;i:2;i:13;}}i:26;a:5:{s:1:\"a\";i:27;s:1:\"b\";s:8:\"role.add\";s:1:\"c\";s:4:\"role\";s:1:\"d\";s:3:\"web\";s:1:\"r\";a:1:{i:0;i:1;}}i:27;a:5:{s:1:\"a\";i:28;s:1:\"b\";s:9:\"role.edit\";s:1:\"c\";s:4:\"role\";s:1:\"d\";s:3:\"web\";s:1:\"r\";a:1:{i:0;i:1;}}i:28;a:5:{s:1:\"a\";i:29;s:1:\"b\";s:11:\"role.delete\";s:1:\"c\";s:4:\"role\";s:1:\"d\";s:3:\"web\";s:1:\"r\";a:1:{i:0;i:1;}}i:29;a:5:{s:1:\"a\";i:31;s:1:\"b\";s:19:\"role.permission.all\";s:1:\"c\";s:4:\"role\";s:1:\"d\";s:3:\"web\";s:1:\"r\";a:3:{i:0;i:1;i:1;i:2;i:2;i:13;}}i:30;a:5:{s:1:\"a\";i:35;s:1:\"b\";s:15:\"permission.menu\";s:1:\"c\";s:10:\"permission\";s:1:\"d\";s:3:\"web\";s:1:\"r\";a:3:{i:0;i:1;i:1;i:2;i:2;i:13;}}i:31;a:5:{s:1:\"a\";i:36;s:1:\"b\";s:15:\"permission.list\";s:1:\"c\";s:10:\"permission\";s:1:\"d\";s:3:\"web\";s:1:\"r\";a:3:{i:0;i:1;i:1;i:2;i:2;i:13;}}i:32;a:5:{s:1:\"a\";i:37;s:1:\"b\";s:14:\"permission.add\";s:1:\"c\";s:10:\"permission\";s:1:\"d\";s:3:\"web\";s:1:\"r\";a:1:{i:0;i:1;}}i:33;a:5:{s:1:\"a\";i:38;s:1:\"b\";s:15:\"permission.edit\";s:1:\"c\";s:10:\"permission\";s:1:\"d\";s:3:\"web\";s:1:\"r\";a:1:{i:0;i:1;}}i:34;a:5:{s:1:\"a\";i:39;s:1:\"b\";s:17:\"permission.delete\";s:1:\"c\";s:10:\"permission\";s:1:\"d\";s:3:\"web\";s:1:\"r\";a:1:{i:0;i:1;}}i:35;a:5:{s:1:\"a\";i:40;s:1:\"b\";s:19:\"role.permission.set\";s:1:\"c\";s:10:\"permission\";s:1:\"d\";s:3:\"web\";s:1:\"r\";a:2:{i:0;i:1;i:1;i:13;}}i:36;a:5:{s:1:\"a\";i:41;s:1:\"b\";s:20:\"role.permission.menu\";s:1:\"c\";s:21:\"Roles and Permissions\";s:1:\"d\";s:3:\"web\";s:1:\"r\";a:3:{i:0;i:1;i:1;i:2;i:2;i:13;}}i:37;a:5:{s:1:\"a\";i:42;s:1:\"b\";s:10:\"admin.menu\";s:1:\"c\";s:5:\"admin\";s:1:\"d\";s:3:\"web\";s:1:\"r\";a:3:{i:0;i:1;i:1;i:2;i:2;i:13;}}i:38;a:5:{s:1:\"a\";i:43;s:1:\"b\";s:10:\"admin.list\";s:1:\"c\";s:5:\"admin\";s:1:\"d\";s:3:\"web\";s:1:\"r\";a:3:{i:0;i:1;i:1;i:2;i:2;i:13;}}i:39;a:5:{s:1:\"a\";i:44;s:1:\"b\";s:9:\"admin.add\";s:1:\"c\";s:5:\"admin\";s:1:\"d\";s:3:\"web\";s:1:\"r\";a:2:{i:0;i:1;i:1;i:2;}}i:40;a:5:{s:1:\"a\";i:45;s:1:\"b\";s:10:\"admin.edit\";s:1:\"c\";s:5:\"admin\";s:1:\"d\";s:3:\"web\";s:1:\"r\";a:1:{i:0;i:1;}}i:41;a:5:{s:1:\"a\";i:46;s:1:\"b\";s:12:\"admin.delete\";s:1:\"c\";s:5:\"admin\";s:1:\"d\";s:3:\"web\";s:1:\"r\";a:1:{i:0;i:1;}}i:42;a:5:{s:1:\"a\";i:48;s:1:\"b\";s:16:\"package.generate\";s:1:\"c\";s:7:\"package\";s:1:\"d\";s:3:\"web\";s:1:\"r\";a:3:{i:0;i:1;i:1;i:2;i:2;i:7;}}i:43;a:5:{s:1:\"a\";i:49;s:1:\"b\";s:20:\"package.setting.menu\";s:1:\"c\";s:7:\"package\";s:1:\"d\";s:3:\"web\";s:1:\"r\";a:4:{i:0;i:1;i:1;i:2;i:2;i:7;i:3;i:13;}}i:44;a:5:{s:1:\"a\";i:50;s:1:\"b\";s:17:\"package.tour.menu\";s:1:\"c\";s:7:\"package\";s:1:\"d\";s:3:\"web\";s:1:\"r\";a:4:{i:0;i:1;i:1;i:2;i:2;i:7;i:3;i:13;}}i:45;a:5:{s:1:\"a\";i:51;s:1:\"b\";s:17:\"destinations.list\";s:1:\"c\";s:12:\"destinations\";s:1:\"d\";s:3:\"web\";s:1:\"r\";a:4:{i:0;i:1;i:1;i:2;i:2;i:7;i:3;i:13;}}i:46;a:5:{s:1:\"a\";i:52;s:1:\"b\";s:16:\"destinations.add\";s:1:\"c\";s:12:\"destinations\";s:1:\"d\";s:3:\"web\";s:1:\"r\";a:3:{i:0;i:1;i:1;i:2;i:2;i:7;}}i:47;a:5:{s:1:\"a\";i:53;s:1:\"b\";s:17:\"destinations.edit\";s:1:\"c\";s:12:\"destinations\";s:1:\"d\";s:3:\"web\";s:1:\"r\";a:2:{i:0;i:1;i:1;i:2;}}i:48;a:5:{s:1:\"a\";i:54;s:1:\"b\";s:19:\"destinations.delete\";s:1:\"c\";s:12:\"destinations\";s:1:\"d\";s:3:\"web\";s:1:\"r\";a:1:{i:0;i:1;}}i:49;a:5:{s:1:\"a\";i:55;s:1:\"b\";s:13:\"vehicles.list\";s:1:\"c\";s:8:\"vehicles\";s:1:\"d\";s:3:\"web\";s:1:\"r\";a:4:{i:0;i:1;i:1;i:2;i:2;i:7;i:3;i:13;}}i:50;a:5:{s:1:\"a\";i:56;s:1:\"b\";s:12:\"vehicles.add\";s:1:\"c\";s:8:\"vehicles\";s:1:\"d\";s:3:\"web\";s:1:\"r\";a:3:{i:0;i:1;i:1;i:2;i:2;i:7;}}i:51;a:5:{s:1:\"a\";i:57;s:1:\"b\";s:13:\"vehicles.edit\";s:1:\"c\";s:8:\"vehicles\";s:1:\"d\";s:3:\"web\";s:1:\"r\";a:3:{i:0;i:1;i:1;i:2;i:2;i:7;}}i:52;a:5:{s:1:\"a\";i:58;s:1:\"b\";s:15:\"vehicles.delete\";s:1:\"c\";s:8:\"vehicles\";s:1:\"d\";s:3:\"web\";s:1:\"r\";a:1:{i:0;i:1;}}i:53;a:5:{s:1:\"a\";i:59;s:1:\"b\";s:11:\"hotels.list\";s:1:\"c\";s:6:\"hotels\";s:1:\"d\";s:3:\"web\";s:1:\"r\";a:4:{i:0;i:1;i:1;i:2;i:2;i:7;i:3;i:13;}}i:54;a:5:{s:1:\"a\";i:60;s:1:\"b\";s:10:\"hotels.add\";s:1:\"c\";s:6:\"hotels\";s:1:\"d\";s:3:\"web\";s:1:\"r\";a:3:{i:0;i:1;i:1;i:2;i:2;i:7;}}i:55;a:5:{s:1:\"a\";i:61;s:1:\"b\";s:11:\"hotels.edit\";s:1:\"c\";s:6:\"hotels\";s:1:\"d\";s:3:\"web\";s:1:\"r\";a:2:{i:0;i:1;i:1;i:2;}}i:56;a:5:{s:1:\"a\";i:62;s:1:\"b\";s:13:\"hotels.delete\";s:1:\"c\";s:6:\"hotels\";s:1:\"d\";s:3:\"web\";s:1:\"r\";a:1:{i:0;i:1;}}i:57;a:5:{s:1:\"a\";i:63;s:1:\"b\";s:12:\"service.list\";s:1:\"c\";s:7:\"service\";s:1:\"d\";s:3:\"web\";s:1:\"r\";a:4:{i:0;i:1;i:1;i:2;i:2;i:7;i:3;i:13;}}i:58;a:5:{s:1:\"a\";i:64;s:1:\"b\";s:11:\"service.add\";s:1:\"c\";s:7:\"service\";s:1:\"d\";s:3:\"web\";s:1:\"r\";a:3:{i:0;i:1;i:1;i:2;i:2;i:7;}}i:59;a:5:{s:1:\"a\";i:65;s:1:\"b\";s:12:\"service.edit\";s:1:\"c\";s:7:\"service\";s:1:\"d\";s:3:\"web\";s:1:\"r\";a:3:{i:0;i:1;i:1;i:2;i:2;i:7;}}i:60;a:5:{s:1:\"a\";i:66;s:1:\"b\";s:14:\"service.delete\";s:1:\"c\";s:7:\"service\";s:1:\"d\";s:3:\"web\";s:1:\"r\";a:1:{i:0;i:1;}}i:61;a:5:{s:1:\"a\";i:67;s:1:\"b\";s:19:\"destinations.import\";s:1:\"c\";s:12:\"destinations\";s:1:\"d\";s:3:\"web\";s:1:\"r\";a:1:{i:0;i:1;}}i:62;a:5:{s:1:\"a\";i:68;s:1:\"b\";s:19:\"destinations.export\";s:1:\"c\";s:12:\"destinations\";s:1:\"d\";s:3:\"web\";s:1:\"r\";a:1:{i:0;i:1;}}i:63;a:5:{s:1:\"a\";i:69;s:1:\"b\";s:12:\"admin.action\";s:1:\"c\";s:5:\"admin\";s:1:\"d\";s:3:\"web\";s:1:\"r\";a:2:{i:0;i:1;i:1;i:13;}}i:64;a:5:{s:1:\"a\";i:70;s:1:\"b\";s:11:\"agen.action\";s:1:\"c\";s:4:\"agen\";s:1:\"d\";s:3:\"web\";s:1:\"r\";a:3:{i:0;i:1;i:1;i:2;i:2;i:13;}}i:65;a:5:{s:1:\"a\";i:71;s:1:\"b\";s:14:\"booking.action\";s:1:\"c\";s:7:\"booking\";s:1:\"d\";s:3:\"web\";s:1:\"r\";a:5:{i:0;i:1;i:1;i:2;i:2;i:3;i:3;i:12;i:4;i:13;}}i:66;a:5:{s:1:\"a\";i:72;s:1:\"b\";s:19:\"destinations.action\";s:1:\"c\";s:12:\"destinations\";s:1:\"d\";s:3:\"web\";s:1:\"r\";a:4:{i:0;i:1;i:1;i:2;i:2;i:7;i:3;i:13;}}i:67;a:5:{s:1:\"a\";i:73;s:1:\"b\";s:13:\"hotels.action\";s:1:\"c\";s:6:\"hotels\";s:1:\"d\";s:3:\"web\";s:1:\"r\";a:4:{i:0;i:1;i:1;i:2;i:2;i:7;i:3;i:13;}}i:68;a:5:{s:1:\"a\";i:74;s:1:\"b\";s:14:\"package.action\";s:1:\"c\";s:7:\"package\";s:1:\"d\";s:3:\"web\";s:1:\"r\";a:4:{i:0;i:1;i:1;i:2;i:2;i:7;i:3;i:13;}}i:69;a:5:{s:1:\"a\";i:75;s:1:\"b\";s:17:\"permission.action\";s:1:\"c\";s:10:\"permission\";s:1:\"d\";s:3:\"web\";s:1:\"r\";a:2:{i:0;i:1;i:1;i:13;}}i:70;a:5:{s:1:\"a\";i:76;s:1:\"b\";s:11:\"rent.action\";s:1:\"c\";s:4:\"rent\";s:1:\"d\";s:3:\"web\";s:1:\"r\";a:4:{i:0;i:1;i:1;i:2;i:2;i:7;i:3;i:13;}}i:71;a:5:{s:1:\"a\";i:77;s:1:\"b\";s:11:\"role.action\";s:1:\"c\";s:4:\"role\";s:1:\"d\";s:3:\"web\";s:1:\"r\";a:2:{i:0;i:1;i:1;i:13;}}i:72;a:5:{s:1:\"a\";i:78;s:1:\"b\";s:14:\"service.action\";s:1:\"c\";s:7:\"service\";s:1:\"d\";s:3:\"web\";s:1:\"r\";a:4:{i:0;i:1;i:1;i:2;i:2;i:7;i:3;i:13;}}i:73;a:5:{s:1:\"a\";i:79;s:1:\"b\";s:15:\"vehicles.action\";s:1:\"c\";s:8:\"vehicles\";s:1:\"d\";s:3:\"web\";s:1:\"r\";a:4:{i:0;i:1;i:1;i:2;i:2;i:7;i:3;i:13;}}i:74;a:5:{s:1:\"a\";i:80;s:1:\"b\";s:12:\"invoice.list\";s:1:\"c\";s:8:\"invoices\";s:1:\"d\";s:3:\"web\";s:1:\"r\";a:2:{i:0;i:1;i:1;i:13;}}i:75;a:5:{s:1:\"a\";i:81;s:1:\"b\";s:11:\"invoice.add\";s:1:\"c\";s:8:\"invoices\";s:1:\"d\";s:3:\"web\";s:1:\"r\";a:1:{i:0;i:1;}}i:76;a:5:{s:1:\"a\";i:82;s:1:\"b\";s:12:\"invoice.edit\";s:1:\"c\";s:8:\"invoices\";s:1:\"d\";s:3:\"web\";s:1:\"r\";a:1:{i:0;i:1;}}i:77;a:5:{s:1:\"a\";i:83;s:1:\"b\";s:14:\"invoice.delete\";s:1:\"c\";s:8:\"invoices\";s:1:\"d\";s:3:\"web\";s:1:\"r\";a:1:{i:0;i:1;}}i:78;a:5:{s:1:\"a\";i:84;s:1:\"b\";s:12:\"invoice.menu\";s:1:\"c\";s:8:\"invoices\";s:1:\"d\";s:3:\"web\";s:1:\"r\";a:2:{i:0;i:1;i:1;i:13;}}i:79;a:5:{s:1:\"a\";i:85;s:1:\"b\";s:12:\"invoice.show\";s:1:\"c\";s:8:\"invoices\";s:1:\"d\";s:3:\"web\";s:1:\"r\";a:2:{i:0;i:1;i:1;i:13;}}i:80;a:5:{s:1:\"a\";i:86;s:1:\"b\";s:14:\"invoice.action\";s:1:\"c\";s:8:\"invoices\";s:1:\"d\";s:3:\"web\";s:1:\"r\";a:2:{i:0;i:1;i:1;i:13;}}i:81;a:5:{s:1:\"a\";i:89;s:1:\"b\";s:15:\"accounting.list\";s:1:\"c\";s:11:\"accountings\";s:1:\"d\";s:3:\"web\";s:1:\"r\";a:2:{i:0;i:1;i:1;i:13;}}i:82;a:5:{s:1:\"a\";i:90;s:1:\"b\";s:14:\"accounting.add\";s:1:\"c\";s:11:\"accountings\";s:1:\"d\";s:3:\"web\";s:1:\"r\";a:1:{i:0;i:1;}}i:83;a:5:{s:1:\"a\";i:91;s:1:\"b\";s:15:\"accounting.edit\";s:1:\"c\";s:11:\"accountings\";s:1:\"d\";s:3:\"web\";s:1:\"r\";a:1:{i:0;i:1;}}i:84;a:5:{s:1:\"a\";i:92;s:1:\"b\";s:17:\"accounting.delete\";s:1:\"c\";s:11:\"accountings\";s:1:\"d\";s:3:\"web\";s:1:\"r\";a:1:{i:0;i:1;}}i:85;a:5:{s:1:\"a\";i:93;s:1:\"b\";s:15:\"accounting.menu\";s:1:\"c\";s:11:\"accountings\";s:1:\"d\";s:3:\"web\";s:1:\"r\";a:2:{i:0;i:1;i:1;i:13;}}i:86;a:5:{s:1:\"a\";i:94;s:1:\"b\";s:15:\"accounting.show\";s:1:\"c\";s:11:\"accountings\";s:1:\"d\";s:3:\"web\";s:1:\"r\";a:2:{i:0;i:1;i:1;i:13;}}i:87;a:5:{s:1:\"a\";i:95;s:1:\"b\";s:17:\"accounting.action\";s:1:\"c\";s:11:\"accountings\";s:1:\"d\";s:3:\"web\";s:1:\"r\";a:2:{i:0;i:1;i:1;i:13;}}}s:5:\"roles\";a:6:{i:0;a:3:{s:1:\"a\";i:1;s:1:\"b\";s:11:\"Super Admin\";s:1:\"d\";s:3:\"web\";}i:1;a:3:{s:1:\"a\";i:2;s:1:\"b\";s:5:\"Admin\";s:1:\"d\";s:3:\"web\";}i:2;a:3:{s:1:\"a\";i:13;s:1:\"b\";s:10:\"View Admin\";s:1:\"d\";s:3:\"web\";}i:3;a:3:{s:1:\"a\";i:3;s:1:\"b\";s:10:\"Accounting\";s:1:\"d\";s:3:\"web\";}i:4;a:3:{s:1:\"a\";i:12;s:1:\"b\";s:4:\"Agen\";s:1:\"d\";s:3:\"web\";}i:5;a:3:{s:1:\"a\";i:7;s:1:\"b\";s:12:\"Tour Planner\";s:1:\"d\";s:3:\"web\";}}}', 1741328391);

-- --------------------------------------------------------

--
-- Table structure for table `cache_locks`
--

CREATE TABLE `cache_locks` (
  `key` varchar(255) NOT NULL,
  `owner` varchar(255) NOT NULL,
  `expiration` int(11) NOT NULL
) ENGINE=InnoDB DEFAULT CHARSET=utf8mb4 COLLATE=utf8mb4_unicode_ci;

-- --------------------------------------------------------

--
-- Table structure for table `crews`
--

CREATE TABLE `crews` (
  `id` bigint(20) UNSIGNED NOT NULL,
  `min_participants` int(11) DEFAULT NULL,
  `max_participants` int(11) DEFAULT NULL,
  `num_crew` int(11) DEFAULT NULL,
  `created_at` timestamp NULL DEFAULT NULL,
  `updated_at` timestamp NULL DEFAULT NULL
) ENGINE=InnoDB DEFAULT CHARSET=utf8mb4 COLLATE=utf8mb4_unicode_ci;

--
-- Dumping data for table `crews`
--

INSERT INTO `crews` (`id`, `min_participants`, `max_participants`, `num_crew`, `created_at`, `updated_at`) VALUES
(2, 1, 6, 1, '2024-11-27 08:26:39', '2024-11-27 08:26:39'),
(3, 7, 12, 2, '2024-11-27 08:27:00', '2024-11-27 08:27:00'),
(4, 13, 18, 3, '2024-11-27 08:27:30', '2024-11-27 08:27:30'),
(5, 19, 30, 4, '2024-11-27 08:27:46', '2024-11-27 08:27:46'),
(6, 31, 40, 5, '2024-11-27 08:28:12', '2024-12-28 19:59:34'),
(7, 41, 58, 6, '2024-11-27 08:28:32', '2024-12-28 19:59:58');

-- --------------------------------------------------------

--
-- Table structure for table `customs`
--

CREATE TABLE `customs` (
  `id` bigint(20) UNSIGNED NOT NULL,
  `custompackage` text CHARACTER SET utf8mb4 COLLATE utf8mb4_general_ci NOT NULL,
  `created_at` timestamp NULL DEFAULT NULL,
  `updated_at` timestamp NULL DEFAULT NULL
) ENGINE=InnoDB DEFAULT CHARSET=utf8mb4 COLLATE=utf8mb4_unicode_ci;

--
-- Dumping data for table `customs`
--

INSERT INTO `customs` (`id`, `custompackage`, `created_at`, `updated_at`) VALUES
(1, '{\"transportCost\":3600000,\"parkingCost\":60000,\"ticketCost\":2725000,\"hotelCost\":0,\"extraBedCost\":\"500\",\"otherFee\":\"500000\",\"reservedFee\":\"700000\",\"totalMealCost\":0,\"facilityCost\":9600,\"totalCost\":7594600,\"DurationPackage\":\"4\",\"night\":\"0\",\"downPayment\":2278380,\"remainingCosts\":5316220,\"costPerPerson\":1518920,\"childCost\":607568,\"participants\":\"5\",\"additionalCostWna\":440000,\"destinationNames\":[\"Heha Ocean View\",\"Svargabumi\",\"VW Borobudur Medium\",\"Candi Borobudur Naik\",\"Obelix Sea View\",\"Ibarbo Park\"],\"facilityNames\":[\"Transport selama trip\",\"Driver Profesional\",\"BBM, Parkir, Retribusi\",\"Air Mineral 600ml \\/day \\/orang\",\"VW\",\"Tiket Masuk\"]}', '2025-01-12 23:40:05', '2025-03-03 23:50:38'),
(5, '{\"transportCost\":2100000,\"parkingCost\":110000,\"ticketCost\":573000,\"hotelCost\":3200000,\"otherFee\":\"800000\",\"reservedFee\":\"1000000\",\"totalMealCost\":0,\"facilityCost\":5407200,\"totalCost\":13190200,\"DurationPackage\":\"3\",\"night\":\"2\",\"downPayment\":3957060,\"remainingCosts\":9233140,\"costPerPerson\":4396733.333333333,\"childCost\":1758693.3333333333,\"participants\":\"3\",\"additionalCostWna\":178500,\"destinationNames\":[\"Pusat oleh-oleh Yogyakarta\",\"Telaga Menjer\",\"Maha Sky Batu Angkruk\",\"Telaga Warna\",\"Batu Pandang Ratapan Angin\",\"Bukit Sikunir\",\"Kawah Sikidang\",\"Candi Arjuna\",\"D-qiano Water Park\",\"Kahyangan Skyline\",\"Kebun Teh Panama\"],\"facilityNames\":[\"Photo & Video\",\"Transport selama trip\",\"Driver Profesional\",\"BBM, Parkir, Retribusi\",\"Air Mineral 600ml \\/day \\/orang\",\"Penginapan 2 malam sesuai pIlihan\",\"Tiket Masuk\"],\"agen_id\":\"2\",\"regency_id\":\"3307\",\"status\":\"active\",\"package_name\":\"Test Booking Dieng\",\"package_type\":\"custom\"}', '2025-02-04 09:25:03', '2025-02-04 09:25:03'),
(6, '{\"transportCost\":3600000,\"parkingCost\":90000,\"ticketCost\":805000,\"hotelCost\":1400000,\"otherFee\":\"400000\",\"reservedFee\":\"1500000\",\"totalMealCost\":0,\"facilityCost\":1604000,\"totalCost\":9399000,\"DurationPackage\":\"2\",\"night\":\"1\",\"downPayment\":2819700,\"remainingCosts\":6579300,\"costPerPerson\":1342714.2857142857,\"childCost\":537085.7142857143,\"participants\":\"7\",\"additionalCostWna\":30000,\"destinationNames\":[\"Telaga Menjer\",\"Maha Sky Batu Angkruk\",\"Batu Pandang Ratapan Angin\",\"Bukit Sikunir\",\"Kawah Sikidang\",\"Candi Arjuna\",\"Kebun Teh Panama\"],\"facilityNames\":[\"Transport selama trip\",\"Driver Profesional\",\"BBM, Parkir, Retribusi\",\"Air Mineral 600ml \\/day \\/orang\",\"Tiket Masuk\",\"Photo & Video\"],\"agen_id\":\"6\",\"regency_id\":\"3307\",\"status\":\"active\",\"package_name\":\"Dieng Test Harga\",\"package_type\":\"custom\"}', '2025-02-04 09:30:04', '2025-02-04 09:30:04'),
(7, '{\"transportCost\":1400000,\"parkingCost\":65000,\"ticketCost\":1088000,\"hotelCost\":1500000,\"otherFee\":\"400000\",\"reservedFee\":\"600000\",\"totalMealCost\":1100000,\"facilityCost\":6400,\"totalCost\":6159400,\"DurationPackage\":\"2\",\"night\":\"1\",\"downPayment\":1847820,\"remainingCosts\":4311580,\"costPerPerson\":1539850,\"childCost\":615940,\"participants\":\"4\",\"additionalCostWna\":412500,\"destinationNames\":[\"Candi Prambanan\",\"Malioboro\",\"Pantai Parangtritis\",\"Obelix Sea View\",\"Lava Tour Medium\",\"Pusat oleh-oleh Yogyakarta\",\"Tebing Breksi\"],\"facilityNames\":[\"Transport selama trip\",\"Driver Profesional\",\"BBM, Parkir, Retribusi\",\"Makan Sesuai Itinerary\",\"Air Mineral 600ml \\/day \\/orang\",\"Penginapan 1 malam sesuai pIlihan\",\"Jeep Merapi\",\"Tiket Masuk\"],\"agen_id\":\"6\",\"regency_id\":\"3307\",\"status\":\"active\",\"package_name\":\"CUST-DEYAH-DIENG2DAY\",\"package_type\":\"custom\"}', '2025-02-07 22:47:06', '2025-02-07 22:47:06'),
(8, '{\"transportCost\":2800000,\"parkingCost\":120000,\"ticketCost\":821000,\"hotelCost\":1200000,\"otherFee\":\"400000\",\"reservedFee\":\"600000\",\"totalMealCost\":0,\"facilityCost\":12800,\"totalCost\":5953800,\"DurationPackage\":\"4\",\"night\":\"3\",\"downPayment\":1786140,\"remainingCosts\":4167660,\"costPerPerson\":5953800,\"childCost\":2381520,\"participants\":\"1\",\"additionalCostWna\":455000,\"destinationNames\":[\"HeHa Sky View\",\"Malioboro\",\"Candi Borobudur Naik\",\"Lava Tour Medium\",\"Bhumi Merapi\",\"Pantai Gunung Kidul\",\"Batu Pandang Ratapan Angin\",\"Bukit Sikunir\",\"Kawah Sikidang\",\"Candi Arjuna\",\"Taman Sari\",\"Tebing Breksi\",\"Seribu Batu Songgo Langit\"],\"facilityNames\":[\"Transport selama trip\",\"Driver Profesional\",\"BBM, Parkir, Retribusi\",\"Makan Sesuai Itinerary\",\"Air Mineral 600ml \\/day \\/orang\",\"Penginapan 3 malam sesuai pIlihan\",\"Jeep Merapi\",\"Tiket Masuk\"],\"agen_id\":\"6\",\"regency_id\":\"3471\",\"status\":\"active\",\"package_name\":\"CUSD-4D3N-1P\",\"package_type\":\"custom\"}', '2025-02-08 23:17:55', '2025-02-08 23:17:55'),
(9, '{\"transportCost\":1200000,\"parkingCost\":40000,\"ticketCost\":180000,\"hotelCost\":0,\"otherFee\":\"400000\",\"reservedFee\":\"500000\",\"totalMealCost\":0,\"facilityCost\":2000,\"totalCost\":2322000,\"DurationPackage\":\"1\",\"night\":\"0\",\"downPayment\":696600,\"remainingCosts\":1625400,\"costPerPerson\":774000,\"childCost\":309600,\"participants\":\"3\",\"additionalCostWna\":15000,\"destinationNames\":[\"Batu Pandang Ratapan Angin\",\"Bukit Sikunir\",\"Kawah Sikidang\",\"Candi Arjuna\"],\"facilityNames\":[\"Transport selama trip\",\"Driver Profesional\",\"BBM, Parkir, Retribusi\",\"Air Mineral 600ml \\/day \\/orang\",\"Tiket Masuk\"],\"agen_id\":\"6\",\"regency_id\":\"3374\",\"status\":\"active\",\"package_name\":\"CUST-1D-SMGDIENG\",\"package_type\":\"custom\"}', '2025-02-09 20:46:28', '2025-02-09 20:46:28'),
(10, '{\"transportCost\":1400000,\"parkingCost\":65000,\"ticketCost\":744000,\"hotelCost\":250000,\"otherFee\":\"500000\",\"reservedFee\":\"600000\",\"totalMealCost\":0,\"facilityCost\":5600,\"totalCost\":3564600,\"DurationPackage\":\"2\",\"night\":\"1\",\"downPayment\":1069380,\"remainingCosts\":2495220,\"costPerPerson\":1782300,\"childCost\":712920,\"participants\":\"2\",\"additionalCostWna\":425000,\"destinationNames\":[\"Candi Prambanan\",\"Malioboro\",\"Pantai Parangtritis\",\"Obelix Sea View\",\"Lava Tour Short+\",\"Pusat oleh-oleh Yogyakarta\",\"Tebing Breksi\"],\"facilityNames\":[\"Transport selama trip\",\"Driver Profesional\",\"BBM, Parkir, Retribusi\",\"Air Mineral 600ml \\/day \\/orang\",\"Penginapan 1 malam sesuai pIlihan\",\"Jeep Merapi\",\"Tiket Masuk\"],\"agen_id\":\"6\",\"regency_id\":\"3471\",\"status\":\"active\",\"package_name\":\"Custom 2H1M #1\",\"package_type\":\"custom\"}', '2025-02-24 20:22:02', '2025-02-24 20:22:02');

-- --------------------------------------------------------

--
-- Table structure for table `destinations`
--

CREATE TABLE `destinations` (
  `id` bigint(20) UNSIGNED NOT NULL,
  `regency_id` int(11) NOT NULL,
  `name` varchar(255) DEFAULT NULL,
  `price_wni` varchar(255) DEFAULT NULL,
  `price_wna` varchar(255) DEFAULT NULL,
  `price_type` enum('per_person','flat') NOT NULL DEFAULT 'per_person',
  `max_participants` int(11) DEFAULT NULL,
  `parking_city_car` varchar(255) DEFAULT NULL,
  `parking_mini_bus` varchar(255) DEFAULT NULL,
  `parking_bus` varchar(255) DEFAULT NULL,
  `ket` text DEFAULT NULL,
  `status` tinyint(1) NOT NULL DEFAULT 1,
  `created_at` timestamp NULL DEFAULT NULL,
  `updated_at` timestamp NULL DEFAULT NULL
) ENGINE=InnoDB DEFAULT CHARSET=utf8mb4 COLLATE=utf8mb4_unicode_ci;

--
-- Dumping data for table `destinations`
--

INSERT INTO `destinations` (`id`, `regency_id`, `name`, `price_wni`, `price_wna`, `price_type`, `max_participants`, `parking_city_car`, `parking_mini_bus`, `parking_bus`, `ket`, `status`, `created_at`, `updated_at`) VALUES
(2, 3471, 'Alun - Alun Selatan', '5000', '15000', 'per_person', 1, '10000', '25000', '50000', NULL, 1, '2024-11-25 05:58:21', '2024-11-25 05:58:21'),
(3, 3471, 'de rocka beach bar', '140000', '185000', 'per_person', 1, '10000', '40000', '100000', NULL, 1, '2024-11-25 05:58:21', '2024-11-25 05:58:21'),
(4, 3471, 'Alun-alun Kidul', '15000', '20000', 'per_person', 1, '10000', '25000', '30000', NULL, 1, '2024-11-25 05:59:41', '2024-11-25 05:59:41'),
(5, 3471, 'Balkondes', '15000', '30000', 'per_person', 1, '10000', '25000', '30000', NULL, 1, '2024-11-25 05:59:41', '2024-11-25 05:59:41'),
(6, 3471, 'Benteng Vredeburg', '15000', '35000', 'per_person', 1, '10000', '25000', '30000', NULL, 1, '2024-11-25 05:59:41', '2024-11-25 05:59:41'),
(7, 3471, 'Bukit Bintang', '15000', '30000', 'per_person', 1, '10000', '25000', '30000', NULL, 1, '2024-11-25 05:59:41', '2024-11-25 05:59:41'),
(8, 3471, 'Bukit Mojo', '10000', '20000', 'per_person', 1, '10000', '25000', '30000', NULL, 1, '2024-11-25 05:59:42', '2024-11-25 05:59:42'),
(9, 3471, 'Bukit Paralayang', '15000', '30000', 'per_person', 1, '10000', '25000', '30000', NULL, 1, '2024-11-25 05:59:42', '2024-11-25 05:59:42'),
(10, 3471, 'Bukit Pengilon', '10000', '20000', 'per_person', 1, '15000', '25000', '50000', NULL, 1, '2024-11-25 05:59:42', '2024-11-25 05:59:42'),
(11, 3471, 'Bukit Rhema', '30000', '50000', 'per_person', 1, '10000', '25000', '30000', NULL, 1, '2024-11-25 05:59:42', '2024-11-25 05:59:42'),
(12, 3471, 'Candi Borobudur', '60000', '400000', 'per_person', 1, '10000', '25000', '30000', NULL, 1, '2024-11-25 05:59:42', '2024-11-25 05:59:42'),
(13, 3471, 'Candi Ijo', '15000', '20000', 'per_person', 1, '10000', '25000', '30000', NULL, 1, '2024-11-25 05:59:42', '2024-11-25 05:59:42'),
(14, 3471, 'Candi Mendut', '35000', '70000', 'per_person', 1, '10000', '25000', '30000', NULL, 1, '2024-11-25 05:59:42', '2024-11-25 05:59:42'),
(15, 3471, 'Candi Plaosan', '15000', '45000', 'per_person', 1, '15000', '25000', '45000', NULL, 1, '2024-11-25 05:59:42', '2024-11-25 05:59:42'),
(16, 3471, 'Candi Prambanan', '50000', '400000', 'per_person', 1, '10000', '25000', '30000', NULL, 1, '2024-11-25 05:59:42', '2024-11-25 05:59:42'),
(17, 3471, 'Cave Tubing Goa Pindul', '35000', '65000', 'per_person', 1, '10000', '25000', '30000', NULL, 1, '2024-11-25 05:59:42', '2024-11-25 05:59:42'),
(18, 3471, 'Cokelat Monggo', '15000', '30000', 'per_person', 1, '10000', '25000', '30000', NULL, 1, '2024-11-25 05:59:42', '2024-11-25 05:59:42'),
(19, 3471, 'Dagadu Jogja', '15000', '25000', 'per_person', 1, '10000', '25000', '30000', NULL, 1, '2024-11-25 05:59:42', '2024-11-25 05:59:42'),
(20, 3471, 'Embung Nglanggeran', '65000', '85000', 'per_person', 1, '10000', '25000', '30000', NULL, 1, '2024-11-25 05:59:42', '2024-11-25 05:59:42'),
(21, 3471, 'Gamplong Studio', '35000', '70000', 'per_person', 1, '10000', '25000', '30000', NULL, 1, '2024-11-25 05:59:42', '2024-11-25 05:59:42'),
(22, 3471, 'Gereja Ayam', '25000', '60000', 'per_person', 1, '10000', '25000', '30000', NULL, 1, '2024-11-25 05:59:42', '2024-11-25 05:59:42'),
(23, 3471, 'Gumuk Pasir', '15000', '25000', 'per_person', 1, '10000', '25000', '30000', NULL, 1, '2024-11-25 05:59:42', '2024-11-25 05:59:42'),
(24, 3471, 'Gunung Api Purba', '20000', '40000', 'per_person', 1, '10000', '25000', '30000', NULL, 1, '2024-11-25 05:59:42', '2024-11-25 05:59:42'),
(25, 3471, 'Heha Ocean View', '50000', '90000', 'per_person', 1, '10000', '25000', '30000', NULL, 1, '2024-11-25 05:59:42', '2024-11-25 05:59:42'),
(26, 3471, 'HeHa Sky View', '30000', '50000', 'per_person', 1, '10000', '25000', '30000', NULL, 1, '2024-11-25 05:59:42', '2024-11-25 05:59:42'),
(27, 3471, 'Hutan Mangrove', '20000', '40000', 'per_person', 1, '10000', '25000', '30000', NULL, 1, '2024-11-25 05:59:42', '2024-11-25 05:59:42'),
(28, 3471, 'Hutan Pinus Asri', '15000', '30000', 'per_person', 1, '10000', '25000', '30000', NULL, 1, '2024-11-25 05:59:42', '2024-11-25 05:59:42'),
(29, 3471, 'Hutan Pinus Kragilan', '20000', '40000', 'per_person', 1, '10000', '25000', '30000', NULL, 1, '2024-11-25 05:59:42', '2024-11-25 05:59:42'),
(30, 3471, 'Hutan Pinus Pengger', '15000', '30000', 'per_person', 1, '10000', '25000', '30000', NULL, 1, '2024-11-25 05:59:42', '2024-11-25 05:59:42'),
(32, 3471, 'Jurang Tembelang', '15000', '20000', 'per_person', 1, '10000', '25000', '30000', NULL, 1, '2024-11-25 05:59:42', '2024-11-25 05:59:42'),
(33, 3471, 'Kebun Buah Mangunan', '15000', '20000', 'per_person', 1, '10000', '25000', '30000', NULL, 1, '2024-11-25 05:59:42', '2024-11-25 05:59:42'),
(34, 3471, 'Kebun Teh Nglinggo', '15000', '25000', 'per_person', 1, '10000', '25000', '30000', NULL, 1, '2024-11-25 05:59:42', '2024-11-25 05:59:42'),
(35, 3471, 'Kedung Kayang', '15000', '25000', 'per_person', 1, '10000', '25000', '30000', NULL, 1, '2024-11-25 05:59:42', '2024-11-25 05:59:42'),
(36, 3471, 'Kedung Pedut', '25000', '50000', 'per_person', 1, '15000', '25000', '50000', NULL, 1, '2024-11-25 05:59:42', '2024-11-25 05:59:42'),
(37, 3471, 'Kerajinan Perak Kota Gede', '15000', '20000', 'per_person', 1, '15000', '25000', '45000', NULL, 1, '2024-11-25 05:59:42', '2024-11-25 05:59:42'),
(38, 3471, 'Keraton Jogja', '25000', '50000', 'per_person', 1, '10000', '25000', '30000', NULL, 1, '2024-11-25 05:59:42', '2024-11-25 05:59:42'),
(39, 3471, 'Kopi Panggang', '10000', '15000', 'per_person', 1, '10000', '25000', '30000', NULL, 1, '2024-11-25 05:59:42', '2024-11-25 05:59:42'),
(40, 3471, 'Laguna Glagah', '15000', '25000', 'per_person', 1, '10000', '25000', '30000', NULL, 1, '2024-11-25 05:59:42', '2024-11-25 05:59:42'),
(41, 3471, 'Lalisa Farm', '35000', '45000', 'per_person', 1, '5000', '25000', '25000', NULL, 1, '2024-11-25 05:59:42', '2024-11-25 05:59:42'),
(42, 3471, 'Lintang Sewu', '15000', '20000', 'per_person', 1, '15000', '25000', '40000', NULL, 1, '2024-11-25 05:59:42', '2024-11-25 05:59:42'),
(43, 3471, 'Malioboro', '1000', '1000', 'per_person', 1, '10000', '25000', '30000', NULL, 1, '2024-11-25 05:59:42', '2024-12-05 09:05:33'),
(44, 3471, 'Merapi Park', '35000', '65000', 'per_person', 1, '10000', '25000', '30000', NULL, 1, '2024-11-25 05:59:42', '2024-11-25 05:59:42'),
(45, 3471, 'Museum Ullen Sentalu', '55000', '125000', 'per_person', 1, '10000', '25000', '30000', NULL, 1, '2024-11-25 05:59:42', '2024-11-25 05:59:42'),
(46, 3471, 'Pantai Glagah', '15000', '25000', 'per_person', 1, '10000', '25000', '30000', NULL, 1, '2024-11-25 05:59:42', '2024-11-25 05:59:42'),
(47, 3471, 'Pantai Kesirat', '15000', '30000', 'per_person', 1, '5000', '25000', '45000', NULL, 1, '2024-11-25 05:59:42', '2024-11-25 05:59:42'),
(48, 3471, 'Pantai Kukup', '20000', '30000', 'per_person', 1, '10000', '25000', '30000', NULL, 1, '2024-11-25 05:59:42', '2024-11-25 05:59:42'),
(49, 3471, 'Pantai Mesra', '20000', '30000', 'per_person', 1, '10000', '25000', '30000', NULL, 1, '2024-11-25 05:59:42', '2024-11-25 05:59:42'),
(50, 3471, 'Pantai Ngandong', '20000', '30000', 'per_person', 1, '10000', '25000', '30000', NULL, 1, '2024-11-25 05:59:42', '2024-11-25 05:59:42'),
(51, 3471, 'Pantai Nglambor', '20000', '30000', 'per_person', 1, '10000', '25000', '30000', NULL, 1, '2024-11-25 05:59:42', '2024-11-25 05:59:42'),
(52, 3471, 'Pantai Ngobaran', '15000', '30000', 'per_person', 1, '10000', '25000', '30000', NULL, 1, '2024-11-25 05:59:42', '2024-11-25 05:59:42'),
(53, 3471, 'Pantai Ngrenehan', '15000', '30000', 'per_person', 1, '10000', '25000', '30000', NULL, 1, '2024-11-25 05:59:42', '2024-11-25 05:59:42'),
(54, 3471, 'Pantai Parangtritis', '15000', '30000', 'per_person', 1, '10000', '25000', '30000', NULL, 1, '2024-11-25 05:59:42', '2024-11-25 05:59:42'),
(55, 3471, 'Pantai Pok Tunggal', '25000', '30000', 'per_person', 1, '10000', '25000', '30000', NULL, 1, '2024-11-25 05:59:42', '2024-11-25 05:59:42'),
(56, 3471, 'Pantai Sadranan', '25000', '30000', 'per_person', 1, '10000', '25000', '30000', NULL, 1, '2024-11-25 05:59:42', '2024-11-25 05:59:42'),
(57, 3471, 'Pantai Sadranan Snorkeling', '70000', '30000', 'per_person', 1, '10000', '25000', '30000', NULL, 1, '2024-11-25 05:59:42', '2024-11-25 05:59:42'),
(58, 3471, 'Pantai Siung', '15000', '30000', 'per_person', 1, '15000', '25000', '45000', NULL, 1, '2024-11-25 05:59:42', '2024-11-25 05:59:42'),
(59, 3471, 'Pantai Slili', '15000', '30000', 'per_person', 1, '5000', '25000', '45000', NULL, 1, '2024-11-25 05:59:42', '2024-11-25 05:59:42'),
(60, 3471, 'Pantai Teras Kaca', '65000', '80000', 'per_person', 1, '10000', '25000', '30000', NULL, 1, '2024-11-25 05:59:42', '2024-11-25 05:59:42'),
(61, 3471, 'Pantai Timang', '15000', '30000', 'per_person', 1, '10000', '25000', '30000', NULL, 1, '2024-11-25 05:59:42', '2024-11-25 05:59:42'),
(62, 3471, 'Pantai Watu Kodok', '15000', '30000', 'per_person', 1, '15000', '25000', '50000', NULL, 1, '2024-11-25 05:59:42', '2024-11-25 05:59:42'),
(63, 3471, 'Pantai Wediombo', '20000', '40000', 'per_person', 1, '10000', '25000', '30000', NULL, 1, '2024-11-25 05:59:42', '2024-11-25 05:59:42'),
(64, 3471, 'Pule Payung', '45000', '65000', 'per_person', 1, '10000', '25000', '30000', NULL, 1, '2024-11-25 05:59:42', '2024-11-25 05:59:42'),
(65, 3471, 'Puncak Segoro', '50000', '100000', 'per_person', 1, '10000', '25000', '25000', NULL, 1, '2024-11-25 05:59:42', '2024-11-25 05:59:42'),
(66, 3471, 'Puncak Sosok', '10000', '15000', 'per_person', 1, '5000', '25000', '50000', NULL, 1, '2024-11-25 05:59:42', '2024-11-25 05:59:42'),
(67, 3471, 'Puncak Suroloyo', '15000', '30000', 'per_person', 1, '10000', '25000', '30000', NULL, 1, '2024-11-25 05:59:42', '2024-11-25 05:59:42'),
(68, 3471, 'Punthuk Setumbu', '25000', '45000', 'per_person', 1, '10000', '25000', '30000', NULL, 1, '2024-11-25 05:59:42', '2024-11-25 05:59:42'),
(69, 3471, 'Rafting Sungai Elo Basic', '700000', '800000', 'flat', 4, '10000', '25000', '30000', NULL, 1, '2024-11-25 05:59:42', '2024-11-25 05:59:42'),
(70, 3471, 'Rafting Sungai Progo Atas', '800000', '900000', 'flat', 4, '10000', '25000', '30000', NULL, 1, '2024-11-25 05:59:42', '2024-11-25 05:59:42'),
(71, 3471, 'Rafting Sungai Progo Hulu', '1500000', '1650000', 'flat', 4, '10000', '25000', '30000', NULL, 1, '2024-11-25 05:59:42', '2024-11-25 05:59:42'),
(72, 3471, 'Rafting Sungai Oya', '60000', '120000', 'flat', 4, '10000', '25000', '30000', NULL, 1, '2024-11-25 05:59:42', '2024-11-25 05:59:42'),
(73, 3471, 'River Tubing Sungai Oya', '45000', '60000', 'per_person', 1, '10000', '25000', '30000', NULL, 1, '2024-11-25 05:59:42', '2024-11-25 05:59:42'),
(74, 3471, 'Tanding Goa Pindul ', '180000', '240000', 'flat', 4, '10000', '25000', '30000', NULL, 1, '2024-11-25 05:59:42', '2024-11-25 05:59:42'),
(75, 3471, 'Sentra Industri Perak', '15000', '20000', 'per_person', 1, '10000', '25000', '30000', NULL, 1, '2024-11-25 05:59:42', '2024-11-25 05:59:42'),
(76, 3471, 'Stonehenge', '20000', '35000', 'per_person', 1, '10000', '25000', '50000', NULL, 1, '2024-11-25 05:59:42', '2024-11-25 05:59:42'),
(77, 3471, 'Sungai Mudal', '15000', '25000', 'per_person', 1, '10000', '25000', '30000', NULL, 1, '2024-11-25 05:59:42', '2024-11-25 05:59:42'),
(78, 3471, 'Svargabumi', '40000', '60000', 'per_person', 1, '10000', '25000', '30000', NULL, 1, '2024-11-25 05:59:42', '2024-11-25 05:59:42'),
(79, 3471, 'Taman Kelinci', '30000', '40000', 'per_person', 1, '10000', '25000', '30000', NULL, 1, '2024-11-25 05:59:42', '2024-11-25 05:59:42'),
(80, 3471, 'Taman Pelangi', '25000', '35000', 'per_person', 1, '10000', '25000', '30000', NULL, 1, '2024-11-25 05:59:42', '2024-11-25 05:59:42'),
(81, 3471, 'Taman Pintar', '50000', '75000', 'per_person', 1, '15000', '25000', '50000', NULL, 1, '2024-11-25 05:59:42', '2024-11-25 05:59:42'),
(82, 3471, 'Tugu Yogyakarta', '15000', '20000', 'per_person', 1, '10000', '25000', '30000', NULL, 1, '2024-11-25 05:59:42', '2024-11-25 05:59:42'),
(83, 3471, 'Tumpeng Menoreh', '60000', '100000', 'per_person', 1, '10000', '25000', '30000', NULL, 1, '2024-11-25 05:59:42', '2024-11-25 05:59:42'),
(84, 3471, 'VW Borobudur Short', '450000', '500000', 'flat', 4, '10000', '25000', '30000', NULL, 1, '2024-11-25 05:59:42', '2024-11-25 05:59:42'),
(85, 3471, 'VW Borobudur Medium', '550000', '600000', 'flat', 4, '10000', '25000', '30000', NULL, 1, '2024-11-25 05:59:42', '2024-11-25 05:59:42'),
(86, 3471, 'VW Borobudur Long', '700000', '800000', 'flat', 4, '10000', '25000', '30000', NULL, 1, '2024-11-25 05:59:42', '2024-11-25 05:59:42'),
(87, 3471, 'VW Borobudur One day', '900000', '1000000', 'flat', 4, '10000', '25000', '30000', NULL, 1, '2024-11-25 05:59:42', '2024-11-25 05:59:42'),
(88, 3471, 'Waduk Sermo', '15000', '25000', 'per_person', 1, '10000', '25000', '30000', NULL, 1, '2024-11-25 05:59:42', '2024-11-25 05:59:42'),
(89, 3471, 'Sunset Dell Coffee', '5000', '10000', 'per_person', 1, '10000', '25000', '25000', NULL, 1, '2024-11-25 05:59:42', '2024-11-25 05:59:42'),
(90, 3471, 'Mahaloka Paradise', '30000', '45000', 'per_person', 1, '5000', '25000', '25000', NULL, 1, '2024-11-25 05:59:42', '2024-11-25 05:59:42'),
(91, 3471, 'Enam Langit Sunrise', '400000', '500000', 'per_person', 1, '5000', '25000', '25000', NULL, 1, '2024-11-25 05:59:42', '2024-11-25 05:59:42'),
(92, 3471, 'Coconut Coffe & Eatery', '95000', '125000', 'per_person', 1, '5000', '25000', '25000', NULL, 1, '2024-11-25 05:59:42', '2024-11-25 05:59:42'),
(93, 3471, 'Water Boom Jogja', '60000', '80000', 'per_person', 1, '5000', '25000', '25000', NULL, 1, '2024-11-25 05:59:42', '2024-11-25 05:59:42'),
(94, 3471, 'Candi Plaosan', '10000', '15000', 'per_person', 1, '10000', '25000', '25000', NULL, 1, '2024-11-25 05:59:42', '2024-11-25 05:59:42'),
(95, 3471, 'Tumpeng Ayu', '110000', '140000', 'per_person', 1, '10000', '25000', '25000', NULL, 1, '2024-11-25 05:59:42', '2024-11-25 05:59:42'),
(96, 3471, 'Hutan Pinus Mangunan', '15000', '20000', 'per_person', 1, '10000', '25000', '25000', NULL, 1, '2024-11-25 05:59:42', '2024-11-25 05:59:42'),
(97, 3471, 'Dino Park Jojga', '20000', '40000', 'per_person', 1, '5000', '25000', '25000', NULL, 1, '2024-11-25 05:59:42', '2024-11-25 05:59:42'),
(98, 3471, 'Heha Forest', '25000', '35000', 'per_person', 1, '5000', '25000', '25000', NULL, 1, '2024-11-25 05:59:42', '2024-11-25 05:59:42'),
(99, 3471, 'Park Botanical Garden', '35000', '70000', 'per_person', 1, '5000', '25000', '25000', NULL, 1, '2024-11-25 05:59:42', '2024-11-25 05:59:42'),
(100, 3471, 'Borobudur Land', '45000', '90000', 'per_person', 1, '5000', '25000', '25000', NULL, 1, '2024-11-25 05:59:42', '2024-11-25 05:59:42'),
(101, 3471, 'Watu Mabur Sunrise', '20000', '40000', 'per_person', 1, '50000', '25000', '25000', NULL, 1, '2024-11-25 05:59:42', '2024-11-25 05:59:42'),
(102, 3471, 'Gunung Ireng Sunrise', '10000', '20000', 'per_person', 1, '5000', '25000', '25000', NULL, 1, '2024-11-25 05:59:42', '2024-11-25 05:59:42'),
(103, 3471, 'Silancur Highland', '25000', '50000', 'per_person', 1, '5000', '25000', '25000', NULL, 1, '2024-11-25 05:59:42', '2024-11-25 05:59:42'),
(104, 3471, 'Kopi Klothok', '7500', '15000', 'per_person', 1, '5000', '25000', '25000', NULL, 1, '2024-11-25 05:59:42', '2024-11-25 05:59:42'),
(105, 3471, 'Pantai Drini', '20000', '25000', 'per_person', 1, '10000', '25000', '50000', NULL, 1, '2024-11-25 05:59:42', '2024-11-25 05:59:42'),
(106, 3471, 'Tempo Gelato', '30000', '45000', 'per_person', 1, '10000', '25000', '40000', NULL, 1, '2024-11-25 05:59:42', '2024-11-25 05:59:42'),
(107, 3471, 'Museum Sonobudoyo', '15000', '35000', 'per_person', 1, '10000', '25000', '50000', NULL, 1, '2024-11-25 05:59:42', '2024-11-25 05:59:42'),
(108, 3471, 'Candi Borobudur Naik', '130000', '450000', 'per_person', 1, '15000', '25000', '50000', NULL, 1, '2024-11-25 05:59:42', '2024-11-25 05:59:42'),
(109, 3471, 'Nepal Van Java', '115000', '150000', 'per_person', 1, '10000', '25000', '50000', NULL, 1, '2024-11-25 05:59:42', '2024-11-25 05:59:42'),
(110, 3471, 'Sukomakmur Highland', '15000', '30000', 'per_person', 1, '10000', '25000', '50000', NULL, 1, '2024-11-25 05:59:42', '2024-11-25 05:59:42'),
(111, 3471, 'Lembah Oya Kedungjati', '15000', '30000', 'per_person', 1, '10000', '25000', '50000', NULL, 1, '2024-11-25 05:59:42', '2024-11-25 05:59:42'),
(112, 3471, 'Obelix Sea View', '65000', '85000', 'per_person', 1, '10000', '25000', '50000', NULL, 1, '2024-11-25 05:59:42', '2024-11-25 05:59:42'),
(113, 3471, 'Candi Borobudur Plataran', '50000', '400000', 'per_person', 1, '15000', '50000', '100000', NULL, 1, '2024-11-25 05:59:42', '2024-11-25 05:59:42'),
(114, 3471, 'Scooteer Geblek Pari', '25000', '45000', 'per_person', 1, '10000', '25000', '50000', NULL, 1, '2024-11-25 05:59:42', '2024-11-25 05:59:42'),
(115, 3471, 'Kids Fun Park', '140000', '180000', 'per_person', 1, '10000', '25000', '50000', NULL, 1, '2024-11-25 05:59:42', '2024-11-25 05:59:42'),
(116, 3471, 'Umbul Ponggok', '60000', '85000', 'per_person', 1, '10000', '25000', '50000', NULL, 1, '2024-11-25 05:59:42', '2024-11-25 05:59:42'),
(117, 3471, 'Gunung Ireng', '15000', '30000', 'per_person', 1, '10000', '25000', '50000', NULL, 1, '2024-11-25 05:59:42', '2024-11-25 05:59:42'),
(118, 3471, 'Goa Jomblang', '600000', '850000', 'per_person', 1, '20000', '50000', '100000', NULL, 1, '2024-11-25 05:59:42', '2024-11-25 05:59:42'),
(119, 3471, 'Tankaman Natural', '15000', '30000', 'per_person', 1, '5000', '10000', '50000', NULL, 1, '2024-11-25 05:59:42', '2024-11-25 05:59:42'),
(120, 3471, 'Nawang Jagad', '15000', '30000', 'per_person', 1, '5000', '10000', '50000', NULL, 1, '2024-11-25 05:59:42', '2024-11-25 05:59:42'),
(121, 3471, 'Plunyon Kalikuning', '15000', '30000', 'per_person', 1, '5000', '10000', '50000', NULL, 1, '2024-11-25 05:59:42', '2024-11-25 05:59:42'),
(123, 3471, 'Puncak Segoro Hinggil', '85000', '125000', 'per_person', 1, '10000', '15000', '25000', NULL, 1, '2024-11-25 05:59:42', '2024-11-25 05:59:42'),
(124, 3471, 'Jungwok Blue Ocean', '40000', '80000', 'per_person', 1, '5000', '25000', '50000', NULL, 1, '2024-11-25 05:59:42', '2024-11-25 05:59:42'),
(125, 3471, 'Lava Tour Short', '400000', '450000', 'flat', 4, '10000', '25000', '30000', NULL, 1, '2024-11-25 09:27:21', '2024-11-25 09:27:21'),
(126, 3471, 'Lava Tour Short+', '450000', '500000', 'flat', 4, '10000', '25000', '30000', NULL, 1, '2024-11-25 09:27:21', '2024-11-25 09:27:21'),
(127, 3471, 'Lava Tour Medium', '500000', '550000', 'flat', 4, '10000', '25000', '30000', NULL, 1, '2024-11-25 09:27:21', '2024-11-25 09:27:21'),
(128, 3471, 'Lava Tour Long', '600000', '650000', 'flat', 4, '10000', '25000', '30000', NULL, 1, '2024-11-25 09:27:21', '2024-11-25 09:27:21'),
(129, 3471, 'Lava Tour Sunrise1', '550000', '600000', 'flat', 4, '10000', '25000', '30000', NULL, 1, '2024-11-25 09:27:21', '2024-11-25 09:27:21'),
(130, 3471, 'Lava Tour Sunrise2', '600000', '650000', 'flat', 4, '10000', '25000', '30000', NULL, 1, '2024-11-25 09:27:21', '2024-11-25 09:27:21'),
(131, 3471, 'Lava Tour Sunrise3', '700000', '750000', 'flat', 4, '10000', '25000', '30000', NULL, 1, '2024-11-25 09:27:21', '2024-11-25 09:27:21'),
(133, 3471, 'Air Terjun Sri Gethuk', '40000', '60000', 'per_person', 1, '5000', '25000', '50000', 'harga perorang', 1, '2024-11-26 04:59:22', '2024-11-26 04:59:22'),
(134, 3471, 'Bhumi Merapi', '30000', '45000', 'per_person', 1, '5000', '25000', '50000', 'harga perorang', 1, '2024-11-28 02:55:12', '2024-12-07 22:48:02'),
(135, 3471, 'Pantai Gunung Kidul', '20000', '25000', 'per_person', 1, '10000', '25000', '30000', NULL, 1, '2024-12-05 09:03:22', '2024-12-05 09:03:22'),
(136, 3471, 'Pusat oleh-oleh Yogyakarta', '1000', '1000', 'per_person', 1, '10000', '25000', '30000', NULL, 1, '2024-12-05 09:05:10', '2024-12-16 06:05:54'),
(137, 3471, 'Ibarbo Park', '40000', '60000', 'per_person', 1, '5000', '10000', '50000', NULL, 1, '2024-12-06 03:12:25', '2024-12-06 03:12:25'),
(138, 3471, 'Candi Ratu Boko', '40000', '300000', 'per_person', 1, '5000', '10000', '40000', NULL, 1, '2024-12-07 23:13:11', '2024-12-07 23:13:11'),
(139, 3471, 'The Lost Word Castle', '45000', '65000', 'per_person', 1, '5000', '10000', '25000', NULL, 1, '2024-12-07 23:16:45', '2024-12-07 23:16:45'),
(140, 3471, 'Pantai Indrayanti', '20000', '25000', 'per_person', 1, '5000', '15000', '50000', NULL, 1, '2024-12-12 04:58:51', '2024-12-12 04:58:51'),
(141, 3307, 'Kawasan Tpr Garung', '15000', '20000', 'per_person', 1, '10000', '10000', '20000', NULL, 1, '2024-12-12 06:21:50', '2024-12-12 06:21:50'),
(142, 3307, 'Taman Rekreasi Kalianget', '6000', '6000', 'per_person', 1, '10000', '10000', '20000', NULL, 1, '2024-12-12 06:21:50', '2024-12-12 06:21:50'),
(143, 3307, 'Wonoland', '15000', '15000', 'per_person', 1, '10000', '10000', '20000', NULL, 1, '2024-12-12 06:21:50', '2024-12-12 06:21:50'),
(144, 3307, 'Telaga Menjer', '30000', '35000', 'per_person', 1, '10000', '10000', '20000', NULL, 1, '2024-12-12 06:21:50', '2024-12-12 06:21:50'),
(145, 3307, 'Bukit Cinta', '5000', '10000', 'per_person', 1, '10000', '10000', '20000', NULL, 1, '2024-12-12 06:21:50', '2024-12-12 06:21:50'),
(146, 3307, 'Bukit Seroja', '5000', '10000', 'per_person', 1, '10000', '10000', '20000', NULL, 1, '2024-12-12 06:21:50', '2024-12-12 06:21:50'),
(147, 3307, 'Bukit Setalang', '5000', '10000', 'per_person', 1, '10000', '10000', '20000', NULL, 1, '2024-12-12 06:21:50', '2024-12-12 06:21:50'),
(148, 3307, 'Gardu Pandang', '10000', '10000', 'per_person', 1, '10000', '10000', '20000', NULL, 1, '2024-12-12 06:21:50', '2024-12-12 06:21:50'),
(149, 3307, 'Maha Sky Batu Angkruk', '15000', '15000', 'per_person', 1, '10000', '10000', '20000', NULL, 1, '2024-12-12 06:21:50', '2024-12-12 06:21:50'),
(150, 3307, 'Jembatan Kaca', '15000', '15000', 'per_person', 1, '10000', '10000', '20000', NULL, 1, '2024-12-12 06:21:50', '2024-12-12 06:21:50'),
(151, 3307, 'Gunung Prau', '15000', '25000', 'per_person', 1, '10000', '10000', '20000', NULL, 1, '2024-12-12 06:21:50', '2024-12-12 06:21:50'),
(152, 3307, 'Tuk Bimolukar', '10000', '10000', 'per_person', 1, '10000', '10000', '20000', NULL, 1, '2024-12-12 06:21:50', '2024-12-12 06:21:50'),
(153, 3307, 'Telaga Warna', '30000', '163500', 'per_person', 1, '10000', '15000', '20000', NULL, 1, '2024-12-12 06:21:50', '2024-12-12 06:21:50'),
(154, 3307, 'Panama', '10000', '20000', 'per_person', 1, '10000', '10000', '20000', NULL, 1, '2024-12-12 06:21:50', '2024-12-12 06:21:50'),
(155, 3307, 'Dieng Plateau Theater', '15000', '10000', 'per_person', 1, '10000', '20000', '20000', NULL, 1, '2024-12-12 06:21:50', '2024-12-12 06:21:50'),
(156, 3307, 'Batu Pandang Ratapan Angin', '15000', '25000', 'per_person', 1, '10000', '20000', '20000', NULL, 1, '2024-12-12 06:21:50', '2024-12-12 06:21:50'),
(157, 3307, 'Bukit Sikunir', '15000', '15000', 'per_person', 1, '10000', '20000', '20000', NULL, 1, '2024-12-12 06:21:50', '2024-12-12 06:21:50'),
(158, 3307, 'Air Terjun Sikarim', '15000', '10000', 'per_person', 1, '10000', '10000', '20000', NULL, 1, '2024-12-12 06:21:50', '2024-12-12 06:21:50'),
(159, 3307, 'Gunung Bismo', '20000', '20000', 'per_person', 1, '10000', '10000', '20000', NULL, 1, '2024-12-12 06:21:50', '2024-12-12 06:21:50'),
(160, 3307, 'Candi bima', '5000', '5000', 'per_person', 1, '10000', '10000', '20000', NULL, 1, '2024-12-12 06:21:50', '2024-12-12 06:21:50'),
(161, 3307, 'Musemu Kailasa', '6000', '15000', 'per_person', 1, '10000', '10000', '20000', NULL, 1, '2024-12-12 06:21:50', '2024-12-12 06:21:50'),
(162, 3307, 'Kawah Sikidang', '15000', '17500', 'per_person', 1, '10000', '10000', '20000', NULL, 1, '2024-12-12 06:21:50', '2024-12-12 06:21:50'),
(163, 3307, 'Candi Arjuna', '15000', '17500', 'per_person', 1, '10000', '10000', '20000', NULL, 1, '2024-12-12 06:21:50', '2024-12-12 06:21:50'),
(164, 3307, 'Telaga Merdada', '5000', '5000', 'per_person', 1, '10000', '10000', '20000', NULL, 1, '2024-12-12 06:21:50', '2024-12-12 06:21:50'),
(165, 3307, 'Kawah Sileri', '5000', '5000', 'per_person', 1, '10000', '10000', '20000', NULL, 1, '2024-12-12 06:21:50', '2024-12-12 06:21:50'),
(166, 3307, 'D-qiano Water Park', '25000', '25000', 'per_person', 1, '10000', '10000', '20000', NULL, 1, '2024-12-12 06:21:50', '2024-12-12 06:21:50'),
(167, 3307, 'Sumur Jalatunda', '5000', '5000', 'per_person', 1, '10000', '10000', '20000', NULL, 1, '2024-12-12 06:21:50', '2024-12-12 06:21:50'),
(168, 3307, 'Kawah Candradimuka', '5000', '5000', 'per_person', 1, '10000', '10000', '20000', NULL, 1, '2024-12-12 06:21:50', '2024-12-12 06:21:50'),
(169, 3307, 'Telaga Dringo', '5000', '5000', 'per_person', 1, '10000', '10000', '20000', NULL, 1, '2024-12-12 06:21:50', '2024-12-12 06:21:50'),
(170, 3307, 'Curug Sigludug', '5000', '5000', 'per_person', 1, '10000', '10000', '20000', NULL, 1, '2024-12-12 06:21:50', '2024-12-12 06:21:50'),
(171, 3307, 'Lubang Sewu', '5000', '5000', 'per_person', 1, '10000', '10000', '20000', NULL, 1, '2024-12-12 06:21:50', '2024-12-12 06:21:50'),
(172, 3307, 'Embung Kelidung', '5000', '5000', 'per_person', 1, '10000', '10000', '20000', NULL, 1, '2024-12-12 06:21:50', '2024-12-12 06:21:50'),
(173, 3307, 'Sibajag Green Canyon', '10000', '10000', 'per_person', 1, '10000', '10000', '20000', NULL, 1, '2024-12-12 06:21:50', '2024-12-12 06:21:50'),
(174, 3307, 'Kebun Teh Tambi', '10000', '10000', 'per_person', 1, '10000', '10000', '20000', NULL, 1, '2024-12-12 06:21:50', '2024-12-12 06:21:50'),
(175, 3307, 'Bukit Awan', '15000', '20000', 'per_person', 1, '10000', '10000', '20000', NULL, 1, '2024-12-12 06:21:50', '2024-12-12 06:21:50'),
(176, 3307, 'Dieng Culture Festival', '1000', '1000', 'per_person', 1, '10000', '10000', '20000', NULL, 1, '2024-12-12 06:21:50', '2024-12-12 06:21:50'),
(177, 3307, 'Bukit Mbeser', '10000', '10000', 'per_person', 1, '10000', '10000', '20000', NULL, 1, '2024-12-12 06:21:50', '2024-12-12 06:21:50'),
(178, 3307, 'Dieng Park', '20000', '25000', 'per_person', 1, '10000', '10000', '20000', NULL, 1, '2024-12-12 06:21:50', '2024-12-12 06:21:50'),
(179, 3307, 'Kahyangan Skyline', '20000', '35000', 'per_person', 1, '10000', '10000', '20000', NULL, 1, '2024-12-12 06:21:50', '2024-12-12 06:21:50'),
(180, 3307, 'Watu Angkruk', '15000', '20000', 'per_person', 1, '10000', '10000', '20000', NULL, 1, '2024-12-12 06:21:50', '2024-12-12 06:21:50'),
(181, 3307, 'Telaga Cebong', '15000', '20000', 'per_person', 1, '10000', '10000', '20000', NULL, 1, '2024-12-12 06:21:50', '2024-12-12 06:21:50'),
(182, 3307, 'Kebun Teh Panama', '10000', '20000', 'per_person', 1, '10000', '10000', '20000', NULL, 1, '2024-12-12 06:21:50', '2024-12-12 06:21:50'),
(183, 3307, 'Bukit Scooter', '10000', '25000', 'per_person', 1, '10000', '10000', '20000', NULL, 1, '2024-12-12 06:21:50', '2024-12-12 06:21:50'),
(184, 3307, 'Telaga Sewiwi', '10000', '15000', 'per_person', 1, '10000', '10000', '20000', NULL, 1, '2024-12-12 06:21:50', '2024-12-12 06:21:50'),
(185, 3307, 'Telaga Bedakah', '10000', '20000', 'per_person', 1, '10000', '10000', '20000', NULL, 1, '2024-12-12 06:21:50', '2024-12-12 06:21:50'),
(186, 3307, 'Pintu Langit', '20000', '25000', 'per_person', 1, '10000', '10000', '20000', NULL, 1, '2024-12-12 06:21:51', '2024-12-12 06:21:51'),
(187, 3307, 'Pusat oleh-oleh Wonosobo', '1000', '1000', 'per_person', 1, '10000', '10000', '20000', NULL, 1, '2024-12-12 06:21:51', '2024-12-16 06:05:35'),
(188, 3307, 'Tieng Garden', '15000', '20000', 'per_person', 1, '10000', '10000', '20000', NULL, 1, '2024-12-12 06:21:51', '2024-12-12 06:21:51'),
(189, 3307, 'Swiss Van Java', '15000', '20000', 'per_person', 1, '10000', '10000', '20000', NULL, 1, '2024-12-12 06:21:51', '2024-12-12 06:21:51'),
(194, 3471, 'Taman Sari', '20000', '30000', 'per_person', 1, '10000', '15000', '50000', NULL, 1, '2024-12-16 06:01:34', '2024-12-16 06:01:34'),
(195, 3471, 'Obelix Hills', '60000', '70000', 'per_person', 1, '5000', '15000', '50000', NULL, 1, '2024-12-16 06:02:33', '2024-12-16 06:02:33'),
(196, 3471, 'Puncak Becici', '15000', '20000', 'per_person', 1, '5000', '10000', '50000', NULL, 1, '2024-12-16 06:09:39', '2024-12-16 06:09:39'),
(197, 3471, 'Ledok Sambi', '5000', '10000', 'per_person', 1, '5000', '15000', '50000', 'pemandangan alam, dan air mengalir', 1, '2025-01-08 21:20:12', '2025-01-08 21:20:12'),
(198, 3471, 'Tebing Breksi', '15000', '30000', 'per_person', 1, '5000', '15000', '25000', 'Pemandanga tebing batu kapur', 1, '2025-01-08 21:21:41', '2025-01-08 21:21:41'),
(199, 3471, 'Telomoyo', '500000', '600000', 'flat', 4, '10000', '15000', '25000', 'harus naik jeep', 1, '2025-01-16 19:50:47', '2025-01-16 19:50:47'),
(200, 3471, 'Telomoyo Sunrise', '800000', '900000', 'flat', 4, '10000', '15000', '25000', 'Wajib naik Jeep', 1, '2025-01-16 19:51:54', '2025-01-16 19:51:54'),
(201, 3471, 'Telomoyo Sunset', '600000', '700000', 'flat', 4, '10000', '15000', '25000', 'Wajib naik Jeep', 1, '2025-01-16 20:16:04', '2025-01-16 20:16:04'),
(202, 3471, 'Seribu Batu Songgo Langit', '15000', '20000', 'per_person', 1, '5000', '15000', '50000', NULL, 1, '2025-01-23 21:50:53', '2025-01-23 21:50:53'),
(203, 3471, 'Panguk Kediwung', '15000', '20000', 'per_person', 1, '5000', '15000', '50000', NULL, 1, '2025-01-23 21:55:00', '2025-01-23 21:55:00'),
(204, 3471, 'Drini Park', '30000', '40000', 'per_person', 1, '5000', '15000', '50000', 'Drini Park Gunung Kidul', 1, '2025-01-30 19:40:04', '2025-01-30 19:40:04'),
(205, 3471, 'Gesing Wonderland', '30000', '35000', 'per_person', 1, '5000', '15000', '50000', 'test', 1, '2025-01-31 01:31:59', '2025-01-31 01:31:59'),
(206, 3579, 'Jatim Park 2', '180000', '360000', 'per_person', 1, '5000', '15000', '25000', 'Free Guide, Dokumetasi Foto dan Video untuk jumlah peserta mulai dari 20 orang', 1, '2025-03-01 21:06:40', '2025-03-01 21:09:53'),
(207, 3579, 'Jatim Park 1', '150000', '300000', 'per_person', 1, '5000', '25000', '50000', 'Free Guide, Dokumetasi Foto dan Video untuk jumlah peserta mulai dari 20 orang', 1, '2025-03-01 21:11:17', '2025-03-01 21:11:17'),
(208, 3579, 'Jatim Park 3', '190000', '360000', 'per_person', 1, '50000', '25000', '50000', NULL, 1, '2025-03-01 21:13:44', '2025-03-01 21:51:35'),
(209, 3579, 'Museum Angkut', '125000', '250000', 'per_person', 1, '5000', '25000', '50000', 'Free Guide, Dokumetasi Foto dan Video untuk jumlah peserta mulai dari 20 orang', 1, '2025-03-01 21:16:41', '2025-03-01 21:16:41'),
(210, 3579, 'Coban Rondo', '50000', '150000', 'per_person', 1, '5000', '25000', '50000', NULL, 1, '2025-03-01 21:17:36', '2025-03-01 21:17:36'),
(211, 3579, 'Flora De Santerra Pujon', '40000', '80000', 'per_person', 1, '50000', '25000', '50000', NULL, 1, '2025-03-01 21:19:56', '2025-03-01 21:19:56'),
(212, 3579, 'Cafe Sawah', '20000', '40000', 'per_person', 1, '5000', '25000', '50000', NULL, 1, '2025-03-01 21:21:39', '2025-03-01 21:21:39'),
(213, 3579, 'Wisata Petik Apel', '50000', '60000', 'per_person', 1, '5000', '25000', '50000', NULL, 1, '2025-03-01 21:25:12', '2025-03-01 21:25:12'),
(214, 3579, 'Pantai Balekambang', '20000', '40000', 'per_person', 1, '5000', '25000', '50000', NULL, 1, '2025-03-01 21:26:28', '2025-03-01 21:26:28'),
(215, 3579, 'Pantai Teluk Asmara', '20000', '40000', 'per_person', 1, '10000', '25000', '50000', NULL, 1, '2025-03-01 21:27:27', '2025-03-01 21:27:27'),
(216, 3579, 'Batu Night Spectacular', '50000', '60000', 'per_person', 1, '10000', '25000', '50000', NULL, 1, '2025-03-01 21:29:00', '2025-03-01 21:29:00'),
(217, 3579, 'Selecta', '60000', '80000', 'per_person', 1, '10000', '25000', '50000', NULL, 1, '2025-03-01 21:30:01', '2025-03-01 21:30:01'),
(218, 3579, 'Gunung Banyak', '35000', '60000', 'per_person', 1, '5000', '20000', '50000', NULL, 1, '2025-03-01 21:31:08', '2025-03-01 21:31:08'),
(219, 3579, 'Alun-alun Batu', '10000', '15000', 'per_person', 1, '10000', '25000', '50000', NULL, 1, '2025-03-01 23:15:28', '2025-03-01 23:15:28');

-- --------------------------------------------------------

--
-- Table structure for table `facilities`
--

CREATE TABLE `facilities` (
  `id` bigint(20) UNSIGNED NOT NULL,
  `name` varchar(255) NOT NULL,
  `price` varchar(255) NOT NULL,
  `type` enum('flat','per_person','info','per_day','shuttle','doc','tl','event') NOT NULL DEFAULT 'flat',
  `max_user` varchar(4) DEFAULT NULL,
  `regency_id` int(11) NOT NULL,
  `created_at` timestamp NULL DEFAULT NULL,
  `updated_at` timestamp NULL DEFAULT NULL
) ENGINE=InnoDB DEFAULT CHARSET=utf8mb4 COLLATE=utf8mb4_unicode_ci;

--
-- Dumping data for table `facilities`
--

INSERT INTO `facilities` (`id`, `name`, `price`, `type`, `max_user`, `regency_id`, `created_at`, `updated_at`) VALUES
(2, 'Photo', '650000', 'doc', '1', 3471, '2024-11-27 12:13:43', '2024-12-28 05:13:47'),
(3, 'Guide', '450000', 'tl', '30', 3471, '2024-11-27 12:13:57', '2024-12-28 19:54:45'),
(4, 'Photo & Video', '1800000', 'doc', '1', 3471, '2024-11-27 12:14:33', '2025-01-13 05:31:16'),
(5, 'Drone', '1600000', 'doc', '1', 3471, '2024-11-27 12:15:14', '2024-12-28 05:13:02'),
(6, 'Dinner', '180000', 'per_person', '1', 3471, '2024-11-27 21:33:58', '2024-12-14 04:59:07'),
(7, 'Room Dekor', '400000', 'event', '1', 3471, '2024-11-27 21:34:25', '2024-12-31 09:39:53'),
(8, 'Electone 2', '2500000', 'event', '1', 3471, '2024-11-27 21:34:50', '2024-12-31 09:39:35'),
(9, 'Electone', '1600000', 'event', '1', 3471, '2024-11-27 21:35:08', '2024-12-31 09:39:14'),
(10, 'Romantic Dinner', '400000', 'event', '1', 3471, '2024-12-05 05:52:59', '2024-12-31 09:38:56'),
(11, 'Guide Overland', '500000', 'tl', '30', 3471, '2024-12-08 20:30:46', '2024-12-28 20:26:23'),
(12, 'Shuttle Dieng Sunrise', '800000', 'shuttle', '15', 3307, '2024-12-14 04:27:59', '2024-12-17 02:36:51'),
(13, 'Shuttle Dieng', '750000', 'shuttle', '15', 3307, '2024-12-15 04:14:32', '2024-12-17 02:36:40'),
(14, 'Jeep Dieng Zona 3 (Start Dieng)', '1000000', 'flat', '4', 3307, '2024-12-18 01:57:17', '2025-01-06 12:27:42'),
(15, 'Jeep Dieng Zona 1 (Start Dieng)', '850000', 'flat', '4', 3307, '2024-12-18 01:58:06', '2025-01-06 12:27:12'),
(16, 'Jeep Dieng Sunrise (Start Dieng)', '500000', 'flat', '4', 3307, '2024-12-18 01:58:54', '2025-01-06 12:28:06'),
(17, 'Transport selama trip', '400', 'info', '1', 3307, '2024-12-18 02:20:04', '2024-12-18 02:20:04'),
(18, 'Driver Profesional', '400', 'info', '1', 3471, '2024-12-18 02:21:10', '2024-12-18 02:21:10'),
(19, 'BBM, Parkir, Retribusi', '400', 'info', '1', 3471, '2024-12-18 02:21:42', '2024-12-18 02:21:55'),
(20, 'Makan Sesuai Itinerary', '400', 'info', '1', 3471, '2024-12-18 02:24:20', '2024-12-18 02:24:20'),
(21, 'Air Mineral 600ml /day /orang', '400', 'info', '1', 3471, '2024-12-18 02:24:58', '2024-12-18 02:24:58'),
(22, 'Penginapan 1 malam sesuai pIlihan', '400', 'info', '1', 3471, '2024-12-18 02:26:04', '2024-12-18 02:26:04'),
(23, 'Penginapan 2 malam sesuai pIlihan', '400', 'info', '1', 3471, '2024-12-18 02:26:21', '2024-12-18 02:26:21'),
(24, 'Penginapan 3 malam sesuai pIlihan', '400', 'info', '1', 3471, '2024-12-18 02:26:35', '2024-12-18 02:26:35'),
(25, 'Jeep Merapi', '400', 'info', '1', 3471, '2024-12-18 02:28:26', '2024-12-18 02:28:26'),
(26, 'VW', '400', 'info', '1', 3471, '2024-12-18 02:28:48', '2024-12-18 02:28:48'),
(27, 'Tiket Masuk', '400', 'info', '1', 3471, '2024-12-27 08:35:09', '2024-12-27 08:35:09'),
(29, 'Jeep Dieng Zona 1 (Start Wonosonbo Kota)', '1050000', 'flat', '4', 3307, '2025-01-06 12:30:35', '2025-01-06 12:30:35'),
(30, 'Jeep Dieng Sunrise (Start Wonosobo Kota)', '800000', 'flat', '4', 3307, '2025-01-06 12:31:44', '2025-01-06 12:31:44'),
(31, 'Jeep Dieng Zona 3 (Start Wonosobo Kota)', '1200000', 'flat', '4', 3307, '2025-01-06 12:33:33', '2025-01-06 12:33:33'),
(32, 'Jeep Dieng Longtrip (Start Dieng)', '1450000', 'flat', '4', 3307, '2025-01-06 12:34:24', '2025-01-06 12:34:24'),
(33, 'Jeep Dieng Longtrip (Start Wonosobo Kota)', '1750000', 'flat', '4', 3307, '2025-01-06 12:40:46', '2025-01-06 12:40:46'),
(34, 'Jeep Gumuk  Short', '475000', 'flat', '4', 3471, '2025-01-31 01:43:03', '2025-01-31 01:43:03'),
(35, 'Jeep Gumuk Medium', '675000', 'flat', '4', 3471, '2025-01-31 01:43:48', '2025-01-31 01:43:48'),
(36, 'Jeep Gumuk Long', '850000', 'flat', '4', 3471, '2025-01-31 01:44:18', '2025-01-31 01:45:01'),
(37, 'Photo & Video', '800000', 'per_day', '1', 3307, '2025-02-02 19:51:17', '2025-02-02 19:51:17'),
(38, 'Jeep Merapi Short Plus', '400000', 'flat', '4', 3471, '2025-02-08 04:11:27', '2025-02-08 04:11:27'),
(39, 'Jeep Merapi Medium A', '500000', 'flat', '4', 3471, '2025-02-08 04:11:59', '2025-02-08 04:11:59'),
(40, 'Jeep Merapi Medium B', '500000', 'flat', '4', 3471, '2025-02-08 04:12:25', '2025-02-08 04:12:25'),
(41, 'Jeep Merapi Kaliurang Explore A', '450000', 'flat', '4', 3471, '2025-02-08 04:13:31', '2025-02-08 04:13:31'),
(42, 'Jeep Merapi Kaliurang Explore B', '550000', 'flat', '4', 3471, '2025-02-08 04:14:02', '2025-02-08 04:14:02'),
(43, 'Jeep Merapi Long', '600000', 'flat', '4', 3471, '2025-02-08 04:14:49', '2025-02-08 04:14:49'),
(44, 'Jeep Merapi Sunrise 1', '550000', 'flat', '4', 3471, '2025-02-08 04:15:24', '2025-02-08 04:15:24'),
(45, 'Jeep Merapi Sunrise 2', '600000', 'flat', '4', 3471, '2025-02-08 04:15:40', '2025-02-08 04:15:40'),
(46, 'Jeep Merapi Sunrise 3', '700000', 'flat', '4', 3471, '2025-02-08 04:16:01', '2025-02-08 04:16:01'),
(47, 'VW Short Trip', '450000', 'flat', '4', 3471, '2025-02-08 04:16:40', '2025-02-08 04:16:40'),
(48, 'VW Medium Trip', '650000', 'flat', '4', 3471, '2025-02-08 04:17:05', '2025-02-08 04:17:05'),
(49, 'VW Long Trip', '950000', 'flat', '4', 3471, '2025-02-08 04:17:24', '2025-02-08 04:17:24'),
(50, 'VW Oneday Trip', '1500000', 'flat', '4', 3471, '2025-02-08 04:17:53', '2025-02-08 04:17:53');

-- --------------------------------------------------------

--
-- Table structure for table `facilities_four_days`
--

CREATE TABLE `facilities_four_days` (
  `id` bigint(20) UNSIGNED NOT NULL,
  `package_id` bigint(20) UNSIGNED DEFAULT NULL,
  `facility_id` bigint(20) UNSIGNED DEFAULT NULL
) ENGINE=InnoDB DEFAULT CHARSET=utf8mb4 COLLATE=utf8mb4_unicode_ci;

--
-- Dumping data for table `facilities_four_days`
--

INSERT INTO `facilities_four_days` (`id`, `package_id`, `facility_id`) VALUES
(11, 3, 3),
(12, 3, 4),
(13, 3, 17),
(14, 3, 18),
(15, 3, 19),
(16, 3, 20),
(17, 3, 21),
(18, 3, 24),
(19, 3, 25),
(20, 3, 27),
(21, 4, 17),
(22, 4, 18),
(23, 4, 19),
(24, 4, 20),
(25, 4, 21),
(26, 4, 24),
(27, 4, 25),
(28, 4, 27);

-- --------------------------------------------------------

--
-- Table structure for table `facilities_one_days`
--

CREATE TABLE `facilities_one_days` (
  `id` bigint(20) UNSIGNED NOT NULL,
  `package_id` bigint(20) UNSIGNED DEFAULT NULL,
  `facility_id` bigint(20) UNSIGNED DEFAULT NULL
) ENGINE=InnoDB DEFAULT CHARSET=utf8mb4 COLLATE=utf8mb4_unicode_ci;

--
-- Dumping data for table `facilities_one_days`
--

INSERT INTO `facilities_one_days` (`id`, `package_id`, `facility_id`) VALUES
(144, 29, 3),
(145, 29, 4),
(146, 29, 17),
(147, 29, 18),
(148, 29, 19),
(149, 29, 20),
(150, 29, 21),
(151, 29, 27),
(152, 30, 3),
(153, 30, 4),
(154, 30, 17),
(155, 30, 18),
(156, 30, 19),
(157, 30, 20),
(158, 30, 21),
(159, 30, 26),
(160, 30, 27),
(161, 31, 3),
(162, 31, 4),
(163, 31, 17),
(164, 31, 18),
(165, 31, 19),
(166, 31, 20),
(167, 31, 21),
(168, 31, 27),
(169, 32, 3),
(170, 32, 4),
(171, 32, 17),
(172, 32, 18),
(173, 32, 19),
(174, 32, 20),
(175, 32, 21),
(176, 32, 27),
(177, 33, 3),
(178, 33, 4),
(179, 33, 17),
(180, 33, 18),
(181, 33, 19),
(182, 33, 20),
(183, 33, 21),
(184, 33, 27),
(185, 34, 3),
(186, 34, 4),
(187, 34, 17),
(188, 34, 18),
(189, 34, 19),
(190, 34, 20),
(191, 34, 21),
(192, 34, 27);

-- --------------------------------------------------------

--
-- Table structure for table `facilities_three_days`
--

CREATE TABLE `facilities_three_days` (
  `id` bigint(20) UNSIGNED NOT NULL,
  `package_id` bigint(20) UNSIGNED DEFAULT NULL,
  `facility_id` bigint(20) UNSIGNED DEFAULT NULL
) ENGINE=InnoDB DEFAULT CHARSET=utf8mb4 COLLATE=utf8mb4_unicode_ci;

--
-- Dumping data for table `facilities_three_days`
--

INSERT INTO `facilities_three_days` (`id`, `package_id`, `facility_id`) VALUES
(18, 8, 3),
(19, 8, 4),
(20, 8, 17),
(21, 8, 18),
(22, 8, 19),
(23, 8, 20),
(24, 8, 21),
(25, 8, 23),
(26, 8, 25),
(27, 8, 27),
(28, 9, 3),
(29, 9, 4),
(30, 9, 17),
(31, 9, 18),
(32, 9, 19),
(33, 9, 20),
(34, 9, 21),
(35, 9, 23),
(36, 9, 26),
(37, 9, 27),
(38, 10, 3),
(39, 10, 4),
(40, 10, 17),
(41, 10, 18),
(42, 10, 19),
(43, 10, 20),
(44, 10, 21),
(45, 10, 23),
(46, 10, 27),
(47, 10, 35),
(48, 11, 3),
(49, 11, 4),
(50, 11, 12),
(51, 11, 17),
(52, 11, 18),
(53, 11, 19),
(54, 11, 20),
(55, 11, 21),
(56, 11, 23),
(57, 11, 27);

-- --------------------------------------------------------

--
-- Table structure for table `facilities_two_days`
--

CREATE TABLE `facilities_two_days` (
  `id` bigint(20) UNSIGNED NOT NULL,
  `package_id` bigint(20) UNSIGNED DEFAULT NULL,
  `facility_id` bigint(20) UNSIGNED DEFAULT NULL
) ENGINE=InnoDB DEFAULT CHARSET=utf8mb4 COLLATE=utf8mb4_unicode_ci;

--
-- Dumping data for table `facilities_two_days`
--

INSERT INTO `facilities_two_days` (`id`, `package_id`, `facility_id`) VALUES
(164, 29, 3),
(165, 29, 4),
(166, 29, 17),
(167, 29, 18),
(168, 29, 19),
(169, 29, 20),
(170, 29, 21),
(171, 29, 22),
(172, 29, 25),
(173, 29, 27),
(174, 30, 3),
(175, 30, 4),
(176, 30, 18),
(177, 30, 19),
(178, 30, 20),
(179, 30, 21),
(180, 30, 22),
(181, 30, 26),
(182, 30, 27),
(183, 31, 3),
(184, 31, 4),
(185, 31, 17),
(186, 31, 18),
(187, 31, 19),
(188, 31, 20),
(189, 31, 21),
(190, 31, 22),
(191, 31, 27),
(192, 32, 3),
(193, 32, 4),
(194, 32, 17),
(195, 32, 18),
(196, 32, 19),
(197, 32, 20),
(198, 32, 21),
(199, 32, 22),
(200, 32, 27),
(240, 37, 3),
(241, 37, 4),
(242, 37, 17),
(243, 37, 18),
(244, 37, 19),
(245, 37, 20),
(246, 37, 21),
(247, 37, 24),
(248, 37, 27),
(249, 38, 3),
(250, 38, 4),
(251, 38, 17),
(252, 38, 18),
(253, 38, 19),
(254, 38, 20),
(255, 38, 21),
(256, 38, 22),
(257, 38, 27),
(258, 39, 3),
(259, 39, 4),
(260, 39, 17),
(261, 39, 18),
(262, 39, 19),
(263, 39, 20),
(264, 39, 21),
(265, 39, 22),
(266, 39, 27),
(267, 40, 3),
(268, 40, 4),
(269, 40, 17),
(270, 40, 18),
(271, 40, 19),
(272, 40, 20),
(273, 40, 21),
(274, 40, 22),
(275, 40, 27),
(276, 41, 3),
(277, 41, 4),
(278, 41, 17),
(279, 41, 18),
(280, 41, 19),
(281, 41, 20),
(282, 41, 21),
(283, 41, 22),
(284, 41, 27),
(296, 43, 3),
(297, 43, 4),
(298, 43, 17),
(299, 43, 18),
(300, 43, 19),
(301, 43, 20),
(302, 43, 21),
(303, 43, 22),
(304, 43, 27),
(305, 44, 3),
(306, 44, 4),
(307, 44, 17),
(308, 44, 18),
(309, 44, 19),
(310, 44, 20),
(311, 44, 21),
(312, 44, 22),
(313, 44, 27),
(314, 45, 3),
(315, 45, 4),
(316, 45, 17),
(317, 45, 18),
(318, 45, 19),
(319, 45, 20),
(320, 45, 21),
(321, 45, 22),
(322, 45, 27);

-- --------------------------------------------------------

--
-- Table structure for table `failed_jobs`
--

CREATE TABLE `failed_jobs` (
  `id` bigint(20) UNSIGNED NOT NULL,
  `uuid` varchar(255) NOT NULL,
  `connection` text NOT NULL,
  `queue` text NOT NULL,
  `payload` longtext NOT NULL,
  `exception` longtext NOT NULL,
  `failed_at` timestamp NOT NULL DEFAULT current_timestamp()
) ENGINE=InnoDB DEFAULT CHARSET=utf8mb4 COLLATE=utf8mb4_unicode_ci;

-- --------------------------------------------------------

--
-- Table structure for table `hotels`
--

CREATE TABLE `hotels` (
  `id` bigint(20) UNSIGNED NOT NULL,
  `regency_id` int(11) DEFAULT NULL,
  `name` varchar(255) DEFAULT NULL,
  `type` enum('TwoStar','ThreeStar','FourStar','FiveStar','Villa','Homestay','Cottage','Cabin','Guesthouse','WithoutAccomodation') NOT NULL DEFAULT 'ThreeStar',
  `capacity` varchar(4) DEFAULT NULL,
  `price` varchar(255) DEFAULT NULL,
  `extrabed_price` varchar(255) DEFAULT NULL,
  `status` tinyint(1) NOT NULL DEFAULT 1,
  `created_at` timestamp NULL DEFAULT NULL,
  `updated_at` timestamp NULL DEFAULT NULL
) ENGINE=InnoDB DEFAULT CHARSET=utf8mb4 COLLATE=utf8mb4_unicode_ci;

--
-- Dumping data for table `hotels`
--

INSERT INTO `hotels` (`id`, `regency_id`, `name`, `type`, `capacity`, `price`, `extrabed_price`, `status`, `created_at`, `updated_at`) VALUES
(1, 3471, 'No Accomodation', 'WithoutAccomodation', '2', '100000', '50000', 1, '2024-12-06 08:26:36', '2024-12-06 08:26:36'),
(2, 3471, 'Stay in Guesthouse', 'Guesthouse', '2', '250000', '150000', 1, '2024-12-06 08:28:58', '2024-12-06 08:28:58'),
(3, 3471, 'Stay in Homestay', 'Homestay', '4', '1000000', '150000', 1, '2024-12-06 08:30:17', '2025-01-08 22:36:43'),
(4, 3471, 'Stay in Hotel *2', 'TwoStar', '2', '450000', '150000', 1, '2024-12-06 08:31:28', '2024-12-06 08:31:28'),
(5, 3471, 'Stay in Hotel *3', 'ThreeStar', '2', '750000', '250000', 1, '2024-12-06 08:32:07', '2024-12-06 08:32:07'),
(6, 3471, 'Stay in Hotel *4', 'FourStar', '2', '1200000', '350000', 1, '2024-12-06 08:32:47', '2024-12-06 08:32:47'),
(7, 3471, 'Stay in Hotel *5', 'FiveStar', '2', '1600000', '450000', 1, '2024-12-06 08:33:46', '2024-12-06 08:33:46'),
(8, 3307, 'Cottage #A', 'Cottage', '4', '1200000', '150000', 1, '2024-12-31 01:49:06', '2025-01-09 04:24:27'),
(9, 3307, 'Homestay Dieng #A', 'Homestay', '4', '1200000', '150000', 1, '2024-12-31 01:49:47', '2025-01-09 04:38:50'),
(10, 3307, 'Hotel Bintang 3', 'ThreeStar', '2', '450000', '200000', 1, '2024-12-31 01:51:18', '2024-12-31 01:51:18'),
(11, 3307, 'Guest House', 'Guesthouse', '2', '300000', '150000', 1, '2024-12-31 02:03:41', '2025-01-09 05:43:01'),
(12, 3307, 'Tanpa Inap', 'WithoutAccomodation', '2', '150000', '100000', 1, '2024-12-31 02:17:58', '2024-12-31 02:17:58'),
(13, 3307, 'Cottage #B', 'Cottage', '6', '1400000', '150000', 1, '2025-01-09 04:25:06', '2025-01-09 04:25:06'),
(14, 3307, 'Cottage #C', 'Cottage', '8', '1800000', '150000', 1, '2025-01-09 04:28:31', '2025-01-09 04:28:31'),
(15, 3307, 'Homestay Dieng #B', 'Homestay', '6', '1400000', '150000', 1, '2025-01-09 04:40:39', '2025-01-09 04:40:39'),
(16, 3307, 'Homestay Dieng #C', 'Homestay', '8', '1500000', '150000', 1, '2025-01-09 05:31:39', '2025-01-09 05:35:37'),
(17, 3307, 'Homestay Dieng #D', 'Homestay', '10', '1650000', '150000', 1, '2025-01-09 05:36:12', '2025-01-09 05:36:12'),
(18, 3307, 'Homestay Dieng #E', 'Homestay', '15', '2100000', '150000', 1, '2025-01-09 05:38:02', '2025-01-09 05:38:02'),
(19, 3307, 'Homestay Dieng #F', 'Homestay', '18', '2750000', '150000', 1, '2025-01-09 05:38:59', '2025-01-09 05:38:59'),
(20, 3307, 'Homestay Dieng #G', 'Homestay', '25', '2950000', '150000', 1, '2025-01-09 05:40:11', '2025-01-09 05:40:11'),
(21, 3579, 'Villa 4 Kamar', 'Villa', '8', '1100000', '150000', 1, '2025-03-01 20:32:32', '2025-03-01 20:32:32'),
(22, 3579, 'Villa 3 Kamar Kolam Renang', 'Villa', '6', '1300000', '150000', 1, '2025-03-01 20:34:49', '2025-03-01 20:34:49'),
(23, 3579, 'Villa 5 Kamar Kolam Renang', 'Villa', '10', '3800000', '150000', 1, '2025-03-01 20:36:17', '2025-03-01 20:36:17'),
(24, 3579, 'Villa 10 Kamar Kolam Renang', 'Villa', '20', '6000000', '150000', 1, '2025-03-01 20:37:49', '2025-03-01 20:37:49'),
(25, 3579, 'Villa 8 Kamar Kolam Renang', 'Villa', '16', '4400000', '150000', 1, '2025-03-01 20:38:54', '2025-03-01 20:38:54'),
(26, 3579, 'Villa The Peack Kusuma', 'Villa', '32', '18000000', '150000', 1, '2025-03-01 20:41:13', '2025-03-01 20:41:13'),
(27, 3579, 'Villa Mutiara Batu', 'Villa', '4', '850000', '150000', 1, '2025-03-01 20:44:48', '2025-03-01 20:44:48'),
(28, 3579, 'Homestay Kamaran', 'Guesthouse', '2', '200000', '100000', 1, '2025-03-01 20:49:33', '2025-03-01 20:49:33'),
(29, 3579, 'Hotel Three Star', 'ThreeStar', '2', '650000', '180000', 1, '2025-03-01 20:57:01', '2025-03-01 20:57:01'),
(30, 3579, 'Hotel Four Star', 'FourStar', '2', '950000', '450000', 1, '2025-03-01 20:58:53', '2025-03-01 20:58:53');

-- --------------------------------------------------------

--
-- Table structure for table `invoices`
--

CREATE TABLE `invoices` (
  `id` bigint(20) UNSIGNED NOT NULL,
  `created_at` timestamp NULL DEFAULT NULL,
  `updated_at` timestamp NULL DEFAULT NULL
) ENGINE=InnoDB DEFAULT CHARSET=utf8mb4 COLLATE=utf8mb4_unicode_ci;

-- --------------------------------------------------------

--
-- Table structure for table `jobs`
--

CREATE TABLE `jobs` (
  `id` bigint(20) UNSIGNED NOT NULL,
  `queue` varchar(255) NOT NULL,
  `payload` longtext NOT NULL,
  `attempts` tinyint(3) UNSIGNED NOT NULL,
  `reserved_at` int(10) UNSIGNED DEFAULT NULL,
  `available_at` int(10) UNSIGNED NOT NULL,
  `created_at` int(10) UNSIGNED NOT NULL
) ENGINE=InnoDB DEFAULT CHARSET=utf8mb4 COLLATE=utf8mb4_unicode_ci;

-- --------------------------------------------------------

--
-- Table structure for table `job_batches`
--

CREATE TABLE `job_batches` (
  `id` varchar(255) NOT NULL,
  `name` varchar(255) NOT NULL,
  `total_jobs` int(11) NOT NULL,
  `pending_jobs` int(11) NOT NULL,
  `failed_jobs` int(11) NOT NULL,
  `failed_job_ids` longtext NOT NULL,
  `options` mediumtext DEFAULT NULL,
  `cancelled_at` int(11) DEFAULT NULL,
  `created_at` int(11) NOT NULL,
  `finished_at` int(11) DEFAULT NULL
) ENGINE=InnoDB DEFAULT CHARSET=utf8mb4 COLLATE=utf8mb4_unicode_ci;

-- --------------------------------------------------------

--
-- Table structure for table `meals`
--

CREATE TABLE `meals` (
  `id` bigint(20) UNSIGNED NOT NULL,
  `price` varchar(11) NOT NULL,
  `type` enum('1D','2D','3D','4D','5D','Honeymoon','Custom') NOT NULL DEFAULT '1D',
  `duration` enum('1','2','3','4','5','6') NOT NULL DEFAULT '1',
  `num_meals` varchar(255) NOT NULL,
  `regency_id` int(11) NOT NULL,
  `created_at` timestamp NULL DEFAULT NULL,
  `updated_at` timestamp NULL DEFAULT NULL
) ENGINE=InnoDB DEFAULT CHARSET=utf8mb4 COLLATE=utf8mb4_unicode_ci;

--
-- Dumping data for table `meals`
--

INSERT INTO `meals` (`id`, `price`, `type`, `duration`, `num_meals`, `regency_id`, `created_at`, `updated_at`) VALUES
(1, '55000', '1D', '1', '1', 3471, '2024-11-28 05:19:01', '2024-11-28 01:01:49'),
(2, '60000', '2D', '2', '5', 3471, '2024-11-28 01:07:36', '2024-11-28 01:08:29'),
(3, '60000', '3D', '3', '7', 3471, '2024-11-28 01:08:57', '2024-11-28 01:08:57'),
(4, '60000', '4D', '4', '10', 3471, '2024-11-28 01:09:26', '2024-11-28 01:09:26'),
(5, '75000', '1D', '1', '1', 3579, '2025-03-01 20:15:08', '2025-03-01 20:15:08'),
(6, '80000', '2D', '2', '5', 3579, '2025-03-01 20:15:53', '2025-03-01 20:15:53'),
(7, '80000', '3D', '3', '7', 3579, '2025-03-01 20:16:32', '2025-03-01 20:16:32'),
(8, '80000', '4D', '4', '10', 3579, '2025-03-01 20:16:57', '2025-03-01 20:16:57');

-- --------------------------------------------------------

--
-- Table structure for table `migrations`
--

CREATE TABLE `migrations` (
  `id` int(10) UNSIGNED NOT NULL,
  `migration` varchar(255) NOT NULL,
  `batch` int(11) NOT NULL
) ENGINE=InnoDB DEFAULT CHARSET=utf8mb4 COLLATE=utf8mb4_unicode_ci;

--
-- Dumping data for table `migrations`
--

INSERT INTO `migrations` (`id`, `migration`, `batch`) VALUES
(1, '0001_01_01_000000_create_users_table', 1),
(2, '0001_01_01_000001_create_cache_table', 1),
(3, '0001_01_01_000002_create_jobs_table', 1),
(4, '2024_11_21_184550_create_provinces_table', 1),
(5, '2024_11_21_184614_create_regencies_table', 1),
(6, '2024_11_21_185808_create_destinations_table', 1),
(8, '2024_11_21_190042_create_vehicles_table', 2),
(9, '2024_11_21_190125_create_meals_table', 3),
(10, '2024_11_21_190145_create_crews_table', 3),
(11, '2024_11_27_075212_create_facilities_table', 3),
(12, '2024_11_27_082901_create_agen_fees_table', 3),
(13, '2024_11_27_082909_create_service_fees_table', 3),
(14, '2024_12_04_090948_create_reserve_fees_table', 5),
(15, '2024_11_21_190056_create_hotels_table', 9),
(16, '2024_11_21_190007_create_package_destinations_table', 10),
(17, '2024_12_02_112952_create_package_one_days_table', 10),
(18, '2024_12_04_190917_create_package_prices_table', 10),
(19, '2024_12_04_194435_update_package_destinations_table', 10),
(20, '2024_12_10_083653_create_package_two_days_table', 10),
(21, '2024_12_10_120640_create_package_two_destinations_table', 11),
(22, '2024_12_10_120653_create_package_two_prices_table', 11),
(23, '2024_12_10_134435_update_package_two_destinations_table', 11),
(24, '2024_12_10_152559_create_package_three_prices_table', 12),
(25, '2024_12_10_152614_create_package_three_destinations_table', 12),
(26, '2024_12_10_152636_create_package_three_days_table', 12),
(27, '2024_12_10_152637_update_package_three_destinations_table', 12),
(28, '2024_12_12_072433_create_package_four_days_table', 12),
(29, '2024_12_12_072509_create_package_four_destinations_table', 12),
(30, '2024_12_12_072518_create_package_four_prices_table', 12),
(31, '2024_12_12_072524_update_package_four_destinations_table', 12),
(32, '2024_12_12_171309_add_collum_type_to_facilities', 12),
(33, '2024_12_16_164425_create_facilities_one_days_table', 13),
(34, '2024_12_29_180733_create_facilities_two_days_table', 14),
(35, '2024_12_29_181707_create_facilities_three_days_table', 14),
(36, '2024_12_29_181715_create_facilities_four_days_table', 14),
(37, '2025_01_02_153631_create_permission_tables', 15),
(38, '2025_01_09_171309_add_collum_capacity_to_hotels', 16),
(39, '2025_01_12_082013_create_customs_table', 17),
(41, '2025_01_14_152802_create_bookings_table', 18),
(42, '2025_01_15_144221_create_booking_lists_table', 18),
(43, '2025_02_08_173318_create_notifications_table', 19),
(44, '2025_02_10_171403_create_invoices_table', 20),
(45, '2025_02_21_112809_add_collum_company_to_users', 20),
(46, '2025_02_26_143318_add_collum_to_bookings', 21);

-- --------------------------------------------------------

--
-- Table structure for table `model_has_permissions`
--

CREATE TABLE `model_has_permissions` (
  `permission_id` bigint(20) UNSIGNED NOT NULL,
  `model_type` varchar(255) NOT NULL,
  `model_id` bigint(20) UNSIGNED NOT NULL
) ENGINE=InnoDB DEFAULT CHARSET=utf8mb4 COLLATE=utf8mb4_unicode_ci;

-- --------------------------------------------------------

--
-- Table structure for table `model_has_roles`
--

CREATE TABLE `model_has_roles` (
  `role_id` bigint(20) UNSIGNED NOT NULL,
  `model_type` varchar(255) NOT NULL,
  `model_id` bigint(20) UNSIGNED NOT NULL
) ENGINE=InnoDB DEFAULT CHARSET=utf8mb4 COLLATE=utf8mb4_unicode_ci;

--
-- Dumping data for table `model_has_roles`
--

INSERT INTO `model_has_roles` (`role_id`, `model_type`, `model_id`) VALUES
(1, 'App\\Models\\User', 1),
(2, 'App\\Models\\User', 10),
(12, 'App\\Models\\User', 2),
(12, 'App\\Models\\User', 6),
(12, 'App\\Models\\User', 8),
(13, 'App\\Models\\User', 9);

-- --------------------------------------------------------

--
-- Table structure for table `notifications`
--

CREATE TABLE `notifications` (
  `id` char(36) NOT NULL,
  `type` varchar(255) NOT NULL,
  `notifiable_type` varchar(255) NOT NULL,
  `notifiable_id` bigint(20) UNSIGNED NOT NULL,
  `data` text NOT NULL,
  `read_at` timestamp NULL DEFAULT NULL,
  `created_at` timestamp NULL DEFAULT NULL,
  `updated_at` timestamp NULL DEFAULT NULL
) ENGINE=InnoDB DEFAULT CHARSET=utf8mb4 COLLATE=utf8mb4_unicode_ci;

--
-- Dumping data for table `notifications`
--

INSERT INTO `notifications` (`id`, `type`, `notifiable_type`, `notifiable_id`, `data`, `read_at`, `created_at`, `updated_at`) VALUES
('064f4c27-c214-4130-b073-94066bf33865', 'App\\Notifications\\Admin\\BookingStatus', 'App\\Models\\User', 6, '{\"message\":\"Booking code: BOOK-67C11CC01C86F status update to: booked\"}', '2025-02-28 03:35:10', '2025-02-27 20:10:55', '2025-02-28 03:35:10'),
('0f4b9219-9832-4397-bc02-fb1fa21851b1', 'App\\Notifications\\Admin\\BookingStatus', 'App\\Models\\User', 2, '{\"message\":\"Booking code: BOOK-67AA11A84D581 status update to: booked\"}', '2025-02-10 08:51:18', '2025-02-10 08:50:17', '2025-02-10 08:51:18'),
('105bca8b-3f69-45c0-b50e-54aa69782177', 'App\\Notifications\\Admin\\BookingStatus', 'App\\Models\\User', 6, '{\"message\":\"Booking code: BOOK-67C11DB154D74 status update to: booked\"}', '2025-02-28 22:32:32', '2025-02-28 13:08:01', '2025-02-28 22:32:32'),
('1be172fa-08ab-43db-911c-80eb49fc861d', 'App\\Notifications\\Admin\\BookingStatus', 'App\\Models\\User', 6, '{\"message\":\"Booking code: BOOK-67C11DB154D74 status update to: pending\"}', '2025-02-28 03:35:09', '2025-02-27 20:10:30', '2025-02-28 03:35:09'),
('1e54e201-6932-464e-a74c-da083fcc30da', 'App\\Notifications\\Admin\\BookingStatus', 'App\\Models\\User', 6, '{\"message\":\"Booking code: BOOK-67C1171F0A8C9 status update to: booked\"}', '2025-02-28 03:35:06', '2025-02-27 20:11:28', '2025-02-28 03:35:06'),
('3204e58c-536a-4f88-9bbe-70d49bb24f36', 'App\\Notifications\\Admin\\BookingStatus', 'App\\Models\\User', 6, '{\"message\":\"Booking code: BOOK-67C214829D30C status update to: booked\"}', '2025-02-28 22:32:31', '2025-02-28 14:04:21', '2025-02-28 22:32:31'),
('376bef8a-34a5-4394-80ec-d706ca46eee6', 'App\\Notifications\\Admin\\BookingStatus', 'App\\Models\\User', 2, '{\"message\":\"Booking code: BOOK-67AA1220EDB5F status update to: booked\"}', '2025-02-10 08:51:19', '2025-02-10 08:50:01', '2025-02-10 08:51:19'),
('3be69d57-3f04-420a-ae14-c5473b2b7b88', 'App\\Notifications\\Admin\\BookingStatus', 'App\\Models\\User', 2, '{\"message\":\"Booking code: BOOK-67A642FCC80F7 status update to: pending\"}', '2025-02-10 06:55:01', '2025-02-08 19:42:49', '2025-02-10 06:55:01'),
('3d15a67f-fd8e-4681-b71c-19fc10da956c', 'App\\Notifications\\Agen\\AgenBookingCreated', 'App\\Models\\User', 1, '{\"message\":\"A new booking added by agen1\"}', '2025-02-10 04:53:38', '2025-02-08 11:46:17', '2025-02-10 04:53:38'),
('623e73f1-dd78-43c6-8c46-853e4b4c446e', 'App\\Notifications\\Admin\\BookingStatus', 'App\\Models\\User', 2, '{\"message\":\"Booking code: BOOK-67B976BB155F6 status update to: booked\"}', '2025-02-26 05:54:57', '2025-02-22 00:05:00', '2025-02-26 05:54:57'),
('70b3aa74-3716-4a1e-923b-825cb5dffb5d', 'App\\Notifications\\Agen\\AgenBookingCreated', 'App\\Models\\User', 1, '{\"message\":\"A new booking added by agen1\"}', '2025-02-10 04:34:55', '2025-02-08 11:35:29', '2025-02-10 04:34:55'),
('8352317c-1944-4076-8334-4f33cb0a2465', 'App\\Notifications\\Admin\\BookingStatus', 'App\\Models\\User', 2, '{\"message\":\"Booking code: BOOK-67A642FCC80F7 status update to: booked\"}', '2025-02-10 06:53:30', '2025-02-08 19:49:52', '2025-02-10 06:53:30'),
('86eca668-debd-4ae3-b5f5-234815142e6d', 'App\\Notifications\\Agen\\AgenBookingCreated', 'App\\Models\\User', 1, '{\"message\":\"A new booking added by agen1\"}', '2025-02-10 08:46:06', '2025-02-10 07:48:08', '2025-02-10 08:46:06'),
('9db09918-31e2-48b1-85a4-f5db7fcfca74', 'App\\Notifications\\Admin\\BookingStatus', 'App\\Models\\User', 6, '{\"message\":\"Booking code: BOOK-67B97FDDAFA76 status update to: booked\"}', '2025-02-28 03:35:14', '2025-02-22 00:43:21', '2025-02-28 03:35:14'),
('a2f3a07b-5eb4-44f6-bb71-0ff644c17c57', 'App\\Notifications\\Admin\\BookingStatus', 'App\\Models\\User', 6, '{\"message\":\"Booking code: BOOK-67C11DB154D74 status update to: booked\"}', '2025-02-28 22:32:33', '2025-02-28 12:56:41', '2025-02-28 22:32:33'),
('ae0784ad-26c3-43d9-8d29-26749ae9bd7b', 'App\\Notifications\\Admin\\BookingStatus', 'App\\Models\\User', 6, '{\"message\":\"Booking code: BOOK-67C11DB154D74 status update to: booked\"}', '2025-02-28 03:35:08', '2025-02-27 20:11:08', '2025-02-28 03:35:08'),
('b421b2a8-e70a-474f-98b1-eb4bf68e3c7d', 'App\\Notifications\\Agen\\AgenBookingCreated', 'App\\Models\\User', 1, '{\"message\":\"A new booking added by agen1\"}', '2025-02-10 07:24:06', '2025-02-10 07:16:52', '2025-02-10 07:24:06'),
('bd380e81-9724-43bb-bd1b-e47969a3f1af', 'App\\Notifications\\Admin\\BookingStatus', 'App\\Models\\User', 6, '{\"message\":\"Booking code: BOOK-67B97FDDAFA76 status update to: booked\"}', '2025-02-28 03:35:15', '2025-02-22 00:42:35', '2025-02-28 03:35:15'),
('c5d5606c-b0ad-4476-8653-68cd4e0271c4', 'App\\Notifications\\Agen\\AgenBookingCreated', 'App\\Models\\User', 1, '{\"message\":\"A new booking added by agen1\"}', '2025-02-10 08:46:06', '2025-02-10 07:50:09', '2025-02-10 08:46:06'),
('cd3cdd86-6fb8-4a3b-9d6e-56437f1225ce', 'App\\Notifications\\Admin\\BookingStatus', 'App\\Models\\User', 2, '{\"message\":\"Booking code: BOOK-67B9819FCEE34 status update to: booked\"}', '2025-02-26 05:54:56', '2025-02-22 00:50:03', '2025-02-26 05:54:56'),
('d3ced619-5f34-4c7a-89f6-d4fecc12e7e9', 'App\\Notifications\\Admin\\BookingStatus', 'App\\Models\\User', 6, '{\"message\":\"Booking code: BOOK-67A6EFFEB697C status update to: paid\"}', '2025-02-10 06:52:40', '2025-02-08 22:10:35', '2025-02-10 06:52:40'),
('d75fe7f5-8b6d-4490-9623-bf2aa66703c3', 'App\\Notifications\\Admin\\BookingStatus', 'App\\Models\\User', 2, '{\"message\":\"Booking code: BOOK-67A77FC67CEF1 status update to: paid\"}', '2025-02-26 05:54:59', '2025-02-22 00:01:04', '2025-02-26 05:54:59'),
('dcf84ea6-af85-4b8f-88c3-1eb41d1061f4', 'App\\Notifications\\Admin\\BookingStatus', 'App\\Models\\User', 2, '{\"message\":\"Booking code: BOOK-67B9819FCEE34 status update to: booked\"}', NULL, '2025-02-28 22:23:50', '2025-02-28 22:23:50'),
('e281e118-099c-4840-99fc-34a8e866637d', 'App\\Notifications\\Admin\\BookingStatus', 'App\\Models\\User', 6, '{\"message\":\"Booking code: BOOK-67C1171F0A8C9 status update to: booked\"}', '2025-02-28 22:32:29', '2025-02-28 22:21:39', '2025-02-28 22:32:29'),
('f7977da8-d8cb-4b8d-b2a4-811980a8ba8b', 'App\\Notifications\\Agen\\AgenBookingCreated', 'App\\Models\\User', 1, '{\"message\":\"A new booking added by agen1\"}', '2025-02-10 08:58:15', '2025-02-10 08:57:56', '2025-02-10 08:58:15');

-- --------------------------------------------------------

--
-- Table structure for table `package_destinations`
--

CREATE TABLE `package_destinations` (
  `id` bigint(20) UNSIGNED NOT NULL,
  `package_id` bigint(20) UNSIGNED DEFAULT NULL,
  `destination_id` bigint(20) UNSIGNED DEFAULT NULL,
  `created_at` timestamp NULL DEFAULT NULL,
  `updated_at` timestamp NULL DEFAULT NULL
) ENGINE=InnoDB DEFAULT CHARSET=utf8mb4 COLLATE=utf8mb4_unicode_ci;

--
-- Dumping data for table `package_destinations`
--

INSERT INTO `package_destinations` (`id`, `package_id`, `destination_id`, `created_at`, `updated_at`) VALUES
(147, 29, 43, NULL, NULL),
(148, 29, 65, NULL, NULL),
(149, 29, 135, NULL, NULL),
(150, 29, 136, NULL, NULL),
(151, 29, 204, NULL, NULL),
(152, 30, 11, NULL, NULL),
(153, 30, 84, NULL, NULL),
(154, 30, 108, NULL, NULL),
(155, 30, 136, NULL, NULL),
(156, 31, 209, NULL, NULL),
(157, 31, 211, NULL, NULL),
(158, 31, 212, NULL, NULL),
(159, 31, 219, NULL, NULL),
(160, 32, 208, NULL, NULL),
(161, 32, 210, NULL, NULL),
(162, 32, 218, NULL, NULL),
(163, 32, 219, NULL, NULL),
(164, 33, 206, NULL, NULL),
(165, 33, 213, NULL, NULL),
(166, 33, 219, NULL, NULL),
(167, 34, 214, NULL, NULL),
(168, 34, 215, NULL, NULL);

-- --------------------------------------------------------

--
-- Table structure for table `package_four_days`
--

CREATE TABLE `package_four_days` (
  `id` bigint(20) UNSIGNED NOT NULL,
  `name_package` varchar(255) DEFAULT NULL,
  `regency_id` int(11) DEFAULT NULL,
  `facility_id` int(11) DEFAULT NULL,
  `agen_id` int(11) DEFAULT NULL,
  `status` tinyint(1) NOT NULL DEFAULT 1,
  `information` varchar(255) DEFAULT NULL,
  `created_at` timestamp NULL DEFAULT NULL,
  `updated_at` timestamp NULL DEFAULT NULL
) ENGINE=InnoDB DEFAULT CHARSET=utf8mb4 COLLATE=utf8mb4_unicode_ci;

--
-- Dumping data for table `package_four_days`
--

INSERT INTO `package_four_days` (`id`, `name_package`, `regency_id`, `facility_id`, `agen_id`, `status`, `information`, `created_at`, `updated_at`) VALUES
(3, 'New 4D3N A', 3471, NULL, 6, 1, '<p><span style=\"background-color: rgb(47, 51, 73); color: rgb(172, 171, 193);\">Free Guide, Dokumetasi Foto dan Video untuk jumlah peserta mulai dari 20 orang.</span></p>', '2025-02-07 03:49:27', '2025-02-07 03:49:27'),
(4, 'New 4D3N B', 3471, NULL, 6, 1, '<p><span style=\"background-color: rgb(47, 51, 73); color: rgb(172, 171, 193);\">Free Guide, Dokumetasi Foto dan Video untuk jumlah peserta mulai dari 20 orang.</span></p>', '2025-02-09 21:13:38', '2025-02-09 21:40:30');

-- --------------------------------------------------------

--
-- Table structure for table `package_four_destinations`
--

CREATE TABLE `package_four_destinations` (
  `id` bigint(20) UNSIGNED NOT NULL,
  `package_id` bigint(20) UNSIGNED DEFAULT NULL,
  `destination_id` bigint(20) UNSIGNED DEFAULT NULL,
  `created_at` timestamp NULL DEFAULT NULL,
  `updated_at` timestamp NULL DEFAULT NULL
) ENGINE=InnoDB DEFAULT CHARSET=utf8mb4 COLLATE=utf8mb4_unicode_ci;

--
-- Dumping data for table `package_four_destinations`
--

INSERT INTO `package_four_destinations` (`id`, `package_id`, `destination_id`, `created_at`, `updated_at`) VALUES
(19, 3, 23, NULL, NULL),
(20, 3, 25, NULL, NULL),
(21, 3, 38, NULL, NULL),
(22, 3, 43, NULL, NULL),
(23, 3, 54, NULL, NULL),
(24, 3, 108, NULL, NULL),
(25, 3, 112, NULL, NULL),
(26, 3, 127, NULL, NULL),
(27, 3, 135, NULL, NULL),
(28, 3, 136, NULL, NULL),
(29, 3, 137, NULL, NULL),
(30, 3, 194, NULL, NULL),
(32, 4, 76, NULL, NULL),
(33, 4, 108, NULL, NULL),
(34, 4, 127, NULL, NULL),
(35, 4, 134, NULL, NULL),
(36, 4, 136, NULL, NULL),
(37, 4, 156, NULL, NULL),
(38, 4, 157, NULL, NULL),
(39, 4, 162, NULL, NULL),
(40, 4, 163, NULL, NULL),
(41, 4, 187, NULL, NULL),
(42, 4, 194, NULL, NULL),
(43, 4, 198, NULL, NULL),
(44, 3, 204, NULL, NULL);

-- --------------------------------------------------------

--
-- Table structure for table `package_four_prices`
--

CREATE TABLE `package_four_prices` (
  `id` bigint(20) UNSIGNED NOT NULL,
  `package_four_day_id` int(11) NOT NULL,
  `price_data` longtext CHARACTER SET utf8mb4 COLLATE utf8mb4_bin DEFAULT NULL CHECK (json_valid(`price_data`)),
  `created_at` timestamp NULL DEFAULT NULL,
  `updated_at` timestamp NULL DEFAULT NULL
) ENGINE=InnoDB DEFAULT CHARSET=utf8mb4 COLLATE=utf8mb4_unicode_ci;

--
-- Dumping data for table `package_four_prices`
--

INSERT INTO `package_four_prices` (`id`, `package_four_day_id`, `price_data`, `created_at`, `updated_at`) VALUES
(3, 3, '[{\"Price Type\":\"Include Meal\",\"data\":[{\"Price Type\":\"Include Meal\"},{\"vehicle\":\"Avanza\",\"user\":1,\"wnaCost\":525000,\"mealCostPerPerson\":1200000,\"WithoutAccomodation\":6167292,\"Guesthouse\":6962292,\"Homestay\":8870292,\"TwoStar\":7598292,\"ThreeStar\":8870292,\"FourStar\":10619292,\"FiveStar\":12209292},{\"vehicle\":\"Avanza\",\"user\":2,\"wnaCost\":500000,\"mealCostPerPerson\":900000,\"WithoutAccomodation\":3710106,\"Guesthouse\":3948606,\"Homestay\":5141106,\"TwoStar\":4266606,\"ThreeStar\":4743606,\"FourStar\":5459106,\"FiveStar\":6095106},{\"vehicle\":\"Avanza\",\"user\":3,\"wnaCost\":491666.67,\"mealCostPerPerson\":800000,\"WithoutAccomodation\":3103044,\"Guesthouse\":3527044,\"Homestay\":3898044,\"TwoStar\":3951044,\"ThreeStar\":4693044,\"FourStar\":5753044,\"FiveStar\":6707044},{\"vehicle\":\"Avanza\",\"user\":4,\"wnaCost\":487500,\"mealCostPerPerson\":750000,\"WithoutAccomodation\":2640513,\"Guesthouse\":2879013,\"Homestay\":3276513,\"TwoStar\":3197013,\"ThreeStar\":3674013,\"FourStar\":4389513,\"FiveStar\":5025513},{\"vehicle\":\"Avanza\",\"user\":5,\"wnaCost\":495000,\"mealCostPerPerson\":720000,\"WithoutAccomodation\":2596194.4,\"Guesthouse\":2945994.4,\"Homestay\":3104994.4,\"TwoStar\":3327594.4,\"ThreeStar\":3963594.4,\"FourStar\":4885794.4,\"FiveStar\":5712594.4},{\"vehicle\":\"Innova\",\"user\":6,\"wnaCost\":491666.67,\"mealCostPerPerson\":700000,\"WithoutAccomodation\":2513648.67,\"Guesthouse\":2752148.67,\"Homestay\":3043648.67,\"TwoStar\":3070148.67,\"ThreeStar\":3547148.67,\"FourStar\":4262648.67,\"FiveStar\":4898648.67},{\"vehicle\":\"Hiace Commuter\",\"user\":7,\"wnaCost\":489285.71,\"mealCostPerPerson\":771428.57,\"WithoutAccomodation\":2964244.57,\"Guesthouse\":3282244.57,\"Homestay\":3668387.43,\"TwoStar\":3645673.14,\"ThreeStar\":4236244.57,\"FourStar\":5099387.43,\"FiveStar\":5871673.14},{\"vehicle\":\"Hiace Commuter\",\"user\":8,\"wnaCost\":487500,\"mealCostPerPerson\":750000,\"WithoutAccomodation\":2750329,\"Guesthouse\":2988829,\"Homestay\":3386329,\"TwoStar\":3306829,\"ThreeStar\":3783829,\"FourStar\":4499329,\"FiveStar\":5135329},{\"vehicle\":\"Hiace Commuter\",\"user\":9,\"wnaCost\":491666.67,\"mealCostPerPerson\":733333.33,\"WithoutAccomodation\":2713505.78,\"Guesthouse\":3013839.11,\"Homestay\":3278839.11,\"TwoStar\":3367172.44,\"ThreeStar\":3932505.78,\"FourStar\":4762839.11,\"FiveStar\":5504839.11},{\"vehicle\":\"Hiace Commuter\",\"user\":10,\"wnaCost\":490000,\"mealCostPerPerson\":720000,\"WithoutAccomodation\":2567447.2,\"Guesthouse\":2805947.2,\"Homestay\":3139847.2,\"TwoStar\":3123947.2,\"ThreeStar\":3600947.2,\"FourStar\":4316447.2,\"FiveStar\":4952447.2},{\"vehicle\":\"Hiace Commuter\",\"user\":11,\"wnaCost\":488636.36,\"mealCostPerPerson\":709090.91,\"WithoutAccomodation\":2505762.91,\"Guesthouse\":2794853.82,\"Homestay\":3185126.55,\"TwoStar\":3141762.91,\"ThreeStar\":3691035.64,\"FourStar\":4500490.18,\"FiveStar\":5223217.45},{\"vehicle\":\"Hiace Commuter\",\"user\":12,\"wnaCost\":487500,\"mealCostPerPerson\":700000,\"WithoutAccomodation\":2401359.33,\"Guesthouse\":2639859.33,\"Homestay\":3037359.33,\"TwoStar\":2957859.33,\"ThreeStar\":3434859.33,\"FourStar\":4150359.33,\"FiveStar\":4786359.33},{\"vehicle\":\"Elf Giga\",\"user\":13,\"wnaCost\":490384.62,\"mealCostPerPerson\":738461.54,\"WithoutAccomodation\":2484248.62,\"Guesthouse\":2765556.31,\"Homestay\":3071325.54,\"TwoStar\":3108017.85,\"ThreeStar\":3646171.69,\"FourStar\":4441171.69,\"FiveStar\":5150556.31},{\"vehicle\":\"Elf Giga\",\"user\":14,\"wnaCost\":489285.71,\"mealCostPerPerson\":728571.43,\"WithoutAccomodation\":2396296.57,\"Guesthouse\":2634796.57,\"Homestay\":2986868,\"TwoStar\":2952796.57,\"ThreeStar\":3429796.57,\"FourStar\":4145296.57,\"FiveStar\":4781296.57},{\"vehicle\":\"Elf Giga\",\"user\":15,\"wnaCost\":488333.33,\"mealCostPerPerson\":720000,\"WithoutAccomodation\":2362471.47,\"Guesthouse\":2638071.47,\"Homestay\":3030271.47,\"TwoStar\":2977271.47,\"ThreeStar\":3507271.47,\"FourStar\":4291671.47,\"FiveStar\":4991271.47},{\"vehicle\":\"Elf Giga\",\"user\":16,\"wnaCost\":487500,\"mealCostPerPerson\":712500,\"WithoutAccomodation\":2293124.5,\"Guesthouse\":2531624.5,\"Homestay\":2929124.5,\"TwoStar\":2849624.5,\"ThreeStar\":3326624.5,\"FourStar\":4042124.5,\"FiveStar\":4678124.5},{\"vehicle\":\"Elf Giga\",\"user\":17,\"wnaCost\":489705.88,\"mealCostPerPerson\":705882.35,\"WithoutAccomodation\":2300524.24,\"Guesthouse\":2571759.53,\"Homestay\":2899112.47,\"TwoStar\":2908465.41,\"ThreeStar\":3432230.12,\"FourStar\":4208524.24,\"FiveStar\":4900641.88},{\"vehicle\":\"Medium Bus\",\"user\":18,\"wnaCost\":488888.89,\"mealCostPerPerson\":700000,\"WithoutAccomodation\":2466101.78,\"Guesthouse\":2704601.78,\"Homestay\":3066768.44,\"TwoStar\":3022601.78,\"ThreeStar\":3499601.78,\"FourStar\":4215101.78,\"FiveStar\":4851101.78},{\"vehicle\":\"Medium Bus\",\"user\":19,\"wnaCost\":488157.89,\"mealCostPerPerson\":726315.79,\"WithoutAccomodation\":2469197.47,\"Guesthouse\":2736986.95,\"Homestay\":3130302.74,\"TwoStar\":3071723.79,\"ThreeStar\":3590565.89,\"FourStar\":4360460.63,\"FiveStar\":5046671.16},{\"vehicle\":\"Medium Bus\",\"user\":20,\"wnaCost\":487500,\"mealCostPerPerson\":720000,\"WithoutAccomodation\":2885383.6,\"Guesthouse\":3123883.6,\"Homestay\":3521383.6,\"TwoStar\":3441883.6,\"ThreeStar\":3918883.6,\"FourStar\":4634383.6,\"FiveStar\":5270383.6},{\"vehicle\":\"Medium Bus\",\"user\":21,\"wnaCost\":489285.71,\"mealCostPerPerson\":714285.71,\"WithoutAccomodation\":2863171.05,\"Guesthouse\":3128171.05,\"Homestay\":3468885.33,\"TwoStar\":3461313.9,\"ThreeStar\":3976171.05,\"FourStar\":4740885.33,\"FiveStar\":5422313.9},{\"vehicle\":\"Medium Bus\",\"user\":22,\"wnaCost\":488636.36,\"mealCostPerPerson\":709090.91,\"WithoutAccomodation\":2789977.82,\"Guesthouse\":3028477.82,\"Homestay\":3397068.73,\"TwoStar\":3346477.82,\"ThreeStar\":3823477.82,\"FourStar\":4538977.82,\"FiveStar\":5174977.82},{\"vehicle\":\"Medium Bus\",\"user\":23,\"wnaCost\":488043.48,\"mealCostPerPerson\":704347.83,\"WithoutAccomodation\":2750801.39,\"Guesthouse\":3013497.04,\"Homestay\":3407540.52,\"TwoStar\":3345323.13,\"ThreeStar\":3856888.35,\"FourStar\":4617323.13,\"FiveStar\":5294801.39},{\"vehicle\":\"Medium Bus\",\"user\":24,\"wnaCost\":487500,\"mealCostPerPerson\":700000,\"WithoutAccomodation\":2688389.67,\"Guesthouse\":2926889.67,\"Homestay\":3324389.67,\"TwoStar\":3244889.67,\"ThreeStar\":3721889.67,\"FourStar\":4437389.67,\"FiveStar\":5073389.67},{\"vehicle\":\"Medium Bus\",\"user\":25,\"wnaCost\":489000,\"mealCostPerPerson\":696000,\"WithoutAccomodation\":2677610.88,\"Guesthouse\":2938370.88,\"Homestay\":3288170.88,\"TwoStar\":3269090.88,\"ThreeStar\":3777890.88,\"FourStar\":4534730.88,\"FiveStar\":5208890.88},{\"vehicle\":\"Medium Bus\",\"user\":26,\"wnaCost\":488461.54,\"mealCostPerPerson\":692307.69,\"WithoutAccomodation\":2622815.08,\"Guesthouse\":2861315.08,\"Homestay\":3234353.54,\"TwoStar\":3179315.08,\"ThreeStar\":3656315.08,\"FourStar\":4371815.08,\"FiveStar\":5007815.08},{\"vehicle\":\"Medium Bus\",\"user\":27,\"wnaCost\":487962.96,\"mealCostPerPerson\":688888.89,\"WithoutAccomodation\":2595633.78,\"Guesthouse\":2854744.89,\"Homestay\":3249300.44,\"TwoStar\":3184522.67,\"ThreeStar\":3690967.11,\"FourStar\":4444744.89,\"FiveStar\":5116078.22},{\"vehicle\":\"Medium Bus\",\"user\":28,\"wnaCost\":487500,\"mealCostPerPerson\":685714.29,\"WithoutAccomodation\":2547679.71,\"Guesthouse\":2786179.71,\"Homestay\":3183679.71,\"TwoStar\":3104179.71,\"ThreeStar\":3581179.71,\"FourStar\":4296679.71,\"FiveStar\":4932679.71},{\"vehicle\":\"Medium Bus\",\"user\":29,\"wnaCost\":488793.1,\"mealCostPerPerson\":682758.62,\"WithoutAccomodation\":2543239.72,\"Guesthouse\":2800929.38,\"Homestay\":3157308.69,\"TwoStar\":3129894.9,\"ThreeStar\":3634308.69,\"FourStar\":4385446.62,\"FiveStar\":5054343.17},{\"vehicle\":\"Medium Bus\",\"user\":30,\"wnaCost\":488333.33,\"mealCostPerPerson\":680000,\"WithoutAccomodation\":2500229.07,\"Guesthouse\":2738729.07,\"Homestay\":3115029.07,\"TwoStar\":3056729.07,\"ThreeStar\":3533729.07,\"FourStar\":4249229.07,\"FiveStar\":4885229.07},{\"vehicle\":\"Big Bus HD\",\"user\":31,\"wnaCost\":487903.23,\"mealCostPerPerson\":696774.19,\"WithoutAccomodation\":2705502.97,\"Guesthouse\":2961954.58,\"Homestay\":3356890.06,\"TwoStar\":3290212.65,\"ThreeStar\":3792857.81,\"FourStar\":4541696.52,\"FiveStar\":5208470.71},{\"vehicle\":\"Big Bus HD\",\"user\":32,\"wnaCost\":487500,\"mealCostPerPerson\":693750,\"WithoutAccomodation\":2659447.25,\"Guesthouse\":2897947.25,\"Homestay\":3295447.25,\"TwoStar\":3215947.25,\"ThreeStar\":3692947.25,\"FourStar\":4408447.25,\"FiveStar\":5044447.25},{\"vehicle\":\"Big Bus HD\",\"user\":33,\"wnaCost\":488636.36,\"mealCostPerPerson\":690909.09,\"WithoutAccomodation\":2651516.12,\"Guesthouse\":2906879.76,\"Homestay\":3268243.39,\"TwoStar\":3234516.12,\"ThreeStar\":3735607.03,\"FourStar\":4482425.21,\"FiveStar\":5147334.3},{\"vehicle\":\"Big Bus HD\",\"user\":34,\"wnaCost\":488235.29,\"mealCostPerPerson\":688235.29,\"WithoutAccomodation\":2609757.41,\"Guesthouse\":2848257.41,\"Homestay\":3227051.53,\"TwoStar\":3166257.41,\"ThreeStar\":3643257.41,\"FourStar\":4358757.41,\"FiveStar\":4994757.41},{\"vehicle\":\"Big Bus HD\",\"user\":35,\"wnaCost\":487857.14,\"mealCostPerPerson\":685714.29,\"WithoutAccomodation\":2588556.34,\"Guesthouse\":2842956.34,\"Homestay\":3238184.91,\"TwoStar\":3170042.06,\"ThreeStar\":3669756.34,\"FourStar\":4414784.91,\"FiveStar\":5078042.06},{\"vehicle\":\"Big Bus HD\",\"user\":36,\"wnaCost\":487500,\"mealCostPerPerson\":683333.33,\"WithoutAccomodation\":2550866.44,\"Guesthouse\":2789366.44,\"Homestay\":3186866.44,\"TwoStar\":3107366.44,\"ThreeStar\":3584366.44,\"FourStar\":4299866.44,\"FiveStar\":4935866.44},{\"vehicle\":\"Big Bus HD\",\"user\":37,\"wnaCost\":488513.51,\"mealCostPerPerson\":681081.08,\"WithoutAccomodation\":2546727.35,\"Guesthouse\":2800267.89,\"Homestay\":3165538.16,\"TwoStar\":3126862.49,\"ThreeStar\":3625348.97,\"FourStar\":4368781.41,\"FiveStar\":5030565.19},{\"vehicle\":\"Big Bus HD\",\"user\":38,\"wnaCost\":488157.89,\"mealCostPerPerson\":678947.37,\"WithoutAccomodation\":2512121.89,\"Guesthouse\":2750621.89,\"Homestay\":3131385.05,\"TwoStar\":3068621.89,\"ThreeStar\":3545621.89,\"FourStar\":4261121.89,\"FiveStar\":4897121.89},{\"vehicle\":\"Big Bus HD\",\"user\":39,\"wnaCost\":487820.51,\"mealCostPerPerson\":676923.08,\"WithoutAccomodation\":2495598.77,\"Guesthouse\":2748368,\"Homestay\":3143829.54,\"TwoStar\":3074521.85,\"ThreeStar\":3571906.46,\"FourStar\":4313906.46,\"FiveStar\":4974368},{\"vehicle\":\"Big Bus HD\",\"user\":40,\"wnaCost\":487500,\"mealCostPerPerson\":675000,\"WithoutAccomodation\":2464001.8,\"Guesthouse\":2702501.8,\"Homestay\":3100001.8,\"TwoStar\":3020501.8,\"ThreeStar\":3497501.8,\"FourStar\":4213001.8,\"FiveStar\":4849001.8},{\"vehicle\":\"Big Bus HD\",\"user\":41,\"wnaCost\":488414.63,\"mealCostPerPerson\":687804.88,\"WithoutAccomodation\":2477897.37,\"Guesthouse\":2729970.54,\"Homestay\":3098385.17,\"TwoStar\":3055726.63,\"ThreeStar\":3552116.88,\"FourStar\":4292824.2,\"FiveStar\":4952092.49},{\"vehicle\":\"Big Bus HD\",\"user\":42,\"wnaCost\":488095.24,\"mealCostPerPerson\":685714.29,\"WithoutAccomodation\":2448226.48,\"Guesthouse\":2686726.48,\"Homestay\":3069083.62,\"TwoStar\":3004726.48,\"ThreeStar\":3481726.48,\"FourStar\":4197226.48,\"FiveStar\":4833226.48},{\"vehicle\":\"Big Bus HD\",\"user\":43,\"wnaCost\":487790.7,\"mealCostPerPerson\":683720.93,\"WithoutAccomodation\":2434726.33,\"Guesthouse\":2686168.19,\"Homestay\":3081819.35,\"TwoStar\":3011563.53,\"ThreeStar\":3507051.91,\"FourStar\":4246586.79,\"FiveStar\":4904772.84},{\"vehicle\":\"Big Bus HD\",\"user\":44,\"wnaCost\":487500,\"mealCostPerPerson\":681818.18,\"WithoutAccomodation\":2407385.27,\"Guesthouse\":2645885.27,\"Homestay\":3043385.27,\"TwoStar\":2963885.27,\"ThreeStar\":3440885.27,\"FourStar\":4156385.27,\"FiveStar\":4792385.27},{\"vehicle\":\"Big Bus HD\",\"user\":45,\"wnaCost\":488333.33,\"mealCostPerPerson\":680000,\"WithoutAccomodation\":2407170.49,\"Guesthouse\":2658037.16,\"Homestay\":3029037.16,\"TwoStar\":2983103.82,\"ThreeStar\":3477770.49,\"FourStar\":4216237.16,\"FiveStar\":4873437.16},{\"vehicle\":\"Big Bus SHD\",\"user\":46,\"wnaCost\":488043.48,\"mealCostPerPerson\":678260.87,\"WithoutAccomodation\":2446138.96,\"Guesthouse\":2684638.96,\"Homestay\":3068312.87,\"TwoStar\":3002638.96,\"ThreeStar\":3479638.96,\"FourStar\":4195138.96,\"FiveStar\":4831138.96},{\"vehicle\":\"Big Bus SHD\",\"user\":47,\"wnaCost\":487765.96,\"mealCostPerPerson\":676595.74,\"WithoutAccomodation\":2433832.17,\"Guesthouse\":2684172.6,\"Homestay\":3079981.11,\"TwoStar\":3008938.55,\"ThreeStar\":3502853.45,\"FourStar\":4240342.81,\"FiveStar\":4896640.68},{\"vehicle\":\"Big Bus SHD\",\"user\":48,\"wnaCost\":487500,\"mealCostPerPerson\":675000,\"WithoutAccomodation\":2408788.17,\"Guesthouse\":2647288.17,\"Homestay\":3044788.17,\"TwoStar\":2965288.17,\"ThreeStar\":3442288.17,\"FourStar\":4157788.17,\"FiveStar\":4793788.17},{\"vehicle\":\"Big Bus SHD\",\"user\":49,\"wnaCost\":488265.31,\"mealCostPerPerson\":673469.39,\"WithoutAccomodation\":2408562.29,\"Guesthouse\":2658419.43,\"Homestay\":3031582.69,\"TwoStar\":2982909.22,\"ThreeStar\":3476133.71,\"FourStar\":4212725.55,\"FiveStar\":4868194.94},{\"vehicle\":\"Big Bus SHD\",\"user\":50,\"wnaCost\":488000,\"mealCostPerPerson\":672000,\"WithoutAccomodation\":2385025.44,\"Guesthouse\":2623525.44,\"Homestay\":3008305.44,\"TwoStar\":2941525.44,\"ThreeStar\":3418525.44,\"FourStar\":4134025.44,\"FiveStar\":4770025.44},{\"vehicle\":\"Big Bus SHD\",\"user\":51,\"wnaCost\":487745.1,\"mealCostPerPerson\":670588.24,\"WithoutAccomodation\":2374882.2,\"Guesthouse\":2624293.96,\"Homestay\":3020235.14,\"TwoStar\":2948529.25,\"ThreeStar\":3441117.49,\"FourStar\":4176882.2,\"FiveStar\":4831588.08},{\"vehicle\":\"Big Bus SHD\",\"user\":52,\"wnaCost\":487500,\"mealCostPerPerson\":669230.77,\"WithoutAccomodation\":2352898.31,\"Guesthouse\":2591398.31,\"Homestay\":2988898.31,\"TwoStar\":2909398.31,\"ThreeStar\":3386398.31,\"FourStar\":4101898.31,\"FiveStar\":4737898.31},{\"vehicle\":\"Big Bus SHD\",\"user\":53,\"wnaCost\":488207.55,\"mealCostPerPerson\":667924.53,\"WithoutAccomodation\":2353744,\"Guesthouse\":2602744,\"Homestay\":2977744,\"TwoStar\":2926744,\"ThreeStar\":3418744,\"FourStar\":4153744,\"FiveStar\":4807744},{\"vehicle\":\"Big Bus SHD\",\"user\":54,\"wnaCost\":487962.96,\"mealCostPerPerson\":666666.67,\"WithoutAccomodation\":2332965.78,\"Guesthouse\":2571465.78,\"Homestay\":2957188,\"TwoStar\":2889465.78,\"ThreeStar\":3366465.78,\"FourStar\":4081965.78,\"FiveStar\":4717965.78},{\"vehicle\":\"Big Bus SHD\",\"user\":55,\"wnaCost\":487727.27,\"mealCostPerPerson\":665454.55,\"WithoutAccomodation\":2324506.76,\"Guesthouse\":2573124.95,\"Homestay\":2969179.49,\"TwoStar\":2896906.76,\"ThreeStar\":3388361.31,\"FourStar\":4122652.22,\"FiveStar\":4775997.67}]},{\"Price Type\":\"Exclude Meal\",\"data\":[{\"Price Type\":\"Exclude Meal\"},{\"vehicle\":\"Avanza\",\"user\":1,\"wnaCost\":525000,\"mealCostPerPerson\":600000,\"WithoutAccomodation\":5531292,\"Guesthouse\":6326292,\"Homestay\":8234292,\"TwoStar\":6962292,\"ThreeStar\":8234292,\"FourStar\":9983292,\"FiveStar\":11573292},{\"vehicle\":\"Avanza\",\"user\":2,\"wnaCost\":500000,\"mealCostPerPerson\":300000,\"WithoutAccomodation\":3074106,\"Guesthouse\":3312606,\"Homestay\":4505106,\"TwoStar\":3630606,\"ThreeStar\":4107606,\"FourStar\":4823106,\"FiveStar\":5459106},{\"vehicle\":\"Avanza\",\"user\":3,\"wnaCost\":491666.67,\"mealCostPerPerson\":200000,\"WithoutAccomodation\":2467044,\"Guesthouse\":2891044,\"Homestay\":3262044,\"TwoStar\":3315044,\"ThreeStar\":4057044,\"FourStar\":5117044,\"FiveStar\":6071044},{\"vehicle\":\"Avanza\",\"user\":4,\"wnaCost\":487500,\"mealCostPerPerson\":150000,\"WithoutAccomodation\":2004513,\"Guesthouse\":2243013,\"Homestay\":2640513,\"TwoStar\":2561013,\"ThreeStar\":3038013,\"FourStar\":3753513,\"FiveStar\":4389513},{\"vehicle\":\"Avanza\",\"user\":5,\"wnaCost\":495000,\"mealCostPerPerson\":120000,\"WithoutAccomodation\":1960194.4,\"Guesthouse\":2309994.4,\"Homestay\":2468994.4,\"TwoStar\":2691594.4,\"ThreeStar\":3327594.4,\"FourStar\":4249794.4,\"FiveStar\":5076594.4},{\"vehicle\":\"Innova\",\"user\":6,\"wnaCost\":491666.67,\"mealCostPerPerson\":100000,\"WithoutAccomodation\":1877648.67,\"Guesthouse\":2116148.67,\"Homestay\":2407648.67,\"TwoStar\":2434148.67,\"ThreeStar\":2911148.67,\"FourStar\":3626648.67,\"FiveStar\":4262648.67},{\"vehicle\":\"Hiace Commuter\",\"user\":7,\"wnaCost\":489285.71,\"mealCostPerPerson\":171428.57,\"WithoutAccomodation\":2328244.57,\"Guesthouse\":2646244.57,\"Homestay\":3032387.43,\"TwoStar\":3009673.14,\"ThreeStar\":3600244.57,\"FourStar\":4463387.43,\"FiveStar\":5235673.14},{\"vehicle\":\"Hiace Commuter\",\"user\":8,\"wnaCost\":487500,\"mealCostPerPerson\":150000,\"WithoutAccomodation\":2114329,\"Guesthouse\":2352829,\"Homestay\":2750329,\"TwoStar\":2670829,\"ThreeStar\":3147829,\"FourStar\":3863329,\"FiveStar\":4499329},{\"vehicle\":\"Hiace Commuter\",\"user\":9,\"wnaCost\":491666.67,\"mealCostPerPerson\":133333.33,\"WithoutAccomodation\":2077505.78,\"Guesthouse\":2377839.11,\"Homestay\":2642839.11,\"TwoStar\":2731172.44,\"ThreeStar\":3296505.78,\"FourStar\":4126839.11,\"FiveStar\":4868839.11},{\"vehicle\":\"Hiace Commuter\",\"user\":10,\"wnaCost\":490000,\"mealCostPerPerson\":120000,\"WithoutAccomodation\":1931447.2,\"Guesthouse\":2169947.2,\"Homestay\":2503847.2,\"TwoStar\":2487947.2,\"ThreeStar\":2964947.2,\"FourStar\":3680447.2,\"FiveStar\":4316447.2},{\"vehicle\":\"Hiace Commuter\",\"user\":11,\"wnaCost\":488636.36,\"mealCostPerPerson\":109090.91,\"WithoutAccomodation\":1869762.91,\"Guesthouse\":2158853.82,\"Homestay\":2549126.55,\"TwoStar\":2505762.91,\"ThreeStar\":3055035.64,\"FourStar\":3864490.18,\"FiveStar\":4587217.45},{\"vehicle\":\"Hiace Commuter\",\"user\":12,\"wnaCost\":487500,\"mealCostPerPerson\":100000,\"WithoutAccomodation\":1765359.33,\"Guesthouse\":2003859.33,\"Homestay\":2401359.33,\"TwoStar\":2321859.33,\"ThreeStar\":2798859.33,\"FourStar\":3514359.33,\"FiveStar\":4150359.33},{\"vehicle\":\"Elf Giga\",\"user\":13,\"wnaCost\":490384.62,\"mealCostPerPerson\":138461.54,\"WithoutAccomodation\":1848248.62,\"Guesthouse\":2129556.31,\"Homestay\":2435325.54,\"TwoStar\":2472017.85,\"ThreeStar\":3010171.69,\"FourStar\":3805171.69,\"FiveStar\":4514556.31},{\"vehicle\":\"Elf Giga\",\"user\":14,\"wnaCost\":489285.71,\"mealCostPerPerson\":128571.43,\"WithoutAccomodation\":1760296.57,\"Guesthouse\":1998796.57,\"Homestay\":2350868,\"TwoStar\":2316796.57,\"ThreeStar\":2793796.57,\"FourStar\":3509296.57,\"FiveStar\":4145296.57},{\"vehicle\":\"Elf Giga\",\"user\":15,\"wnaCost\":488333.33,\"mealCostPerPerson\":120000,\"WithoutAccomodation\":1726471.47,\"Guesthouse\":2002071.47,\"Homestay\":2394271.47,\"TwoStar\":2341271.47,\"ThreeStar\":2871271.47,\"FourStar\":3655671.47,\"FiveStar\":4355271.47},{\"vehicle\":\"Elf Giga\",\"user\":16,\"wnaCost\":487500,\"mealCostPerPerson\":112500,\"WithoutAccomodation\":1657124.5,\"Guesthouse\":1895624.5,\"Homestay\":2293124.5,\"TwoStar\":2213624.5,\"ThreeStar\":2690624.5,\"FourStar\":3406124.5,\"FiveStar\":4042124.5},{\"vehicle\":\"Elf Giga\",\"user\":17,\"wnaCost\":489705.88,\"mealCostPerPerson\":105882.35,\"WithoutAccomodation\":1664524.24,\"Guesthouse\":1935759.53,\"Homestay\":2263112.47,\"TwoStar\":2272465.41,\"ThreeStar\":2796230.12,\"FourStar\":3572524.24,\"FiveStar\":4264641.88},{\"vehicle\":\"Medium Bus\",\"user\":18,\"wnaCost\":488888.89,\"mealCostPerPerson\":100000,\"WithoutAccomodation\":1830101.78,\"Guesthouse\":2068601.78,\"Homestay\":2430768.44,\"TwoStar\":2386601.78,\"ThreeStar\":2863601.78,\"FourStar\":3579101.78,\"FiveStar\":4215101.78},{\"vehicle\":\"Medium Bus\",\"user\":19,\"wnaCost\":488157.89,\"mealCostPerPerson\":126315.79,\"WithoutAccomodation\":1833197.47,\"Guesthouse\":2100986.95,\"Homestay\":2494302.74,\"TwoStar\":2435723.79,\"ThreeStar\":2954565.89,\"FourStar\":3724460.63,\"FiveStar\":4410671.16},{\"vehicle\":\"Medium Bus\",\"user\":20,\"wnaCost\":487500,\"mealCostPerPerson\":120000,\"WithoutAccomodation\":2249383.6,\"Guesthouse\":2487883.6,\"Homestay\":2885383.6,\"TwoStar\":2805883.6,\"ThreeStar\":3282883.6,\"FourStar\":3998383.6,\"FiveStar\":4634383.6},{\"vehicle\":\"Medium Bus\",\"user\":21,\"wnaCost\":489285.71,\"mealCostPerPerson\":114285.71,\"WithoutAccomodation\":2227171.05,\"Guesthouse\":2492171.05,\"Homestay\":2832885.33,\"TwoStar\":2825313.9,\"ThreeStar\":3340171.05,\"FourStar\":4104885.33,\"FiveStar\":4786313.9},{\"vehicle\":\"Medium Bus\",\"user\":22,\"wnaCost\":488636.36,\"mealCostPerPerson\":109090.91,\"WithoutAccomodation\":2153977.82,\"Guesthouse\":2392477.82,\"Homestay\":2761068.73,\"TwoStar\":2710477.82,\"ThreeStar\":3187477.82,\"FourStar\":3902977.82,\"FiveStar\":4538977.82},{\"vehicle\":\"Medium Bus\",\"user\":23,\"wnaCost\":488043.48,\"mealCostPerPerson\":104347.83,\"WithoutAccomodation\":2114801.39,\"Guesthouse\":2377497.04,\"Homestay\":2771540.52,\"TwoStar\":2709323.13,\"ThreeStar\":3220888.35,\"FourStar\":3981323.13,\"FiveStar\":4658801.39},{\"vehicle\":\"Medium Bus\",\"user\":24,\"wnaCost\":487500,\"mealCostPerPerson\":100000,\"WithoutAccomodation\":2052389.67,\"Guesthouse\":2290889.67,\"Homestay\":2688389.67,\"TwoStar\":2608889.67,\"ThreeStar\":3085889.67,\"FourStar\":3801389.67,\"FiveStar\":4437389.67},{\"vehicle\":\"Medium Bus\",\"user\":25,\"wnaCost\":489000,\"mealCostPerPerson\":96000,\"WithoutAccomodation\":2041610.88,\"Guesthouse\":2302370.88,\"Homestay\":2652170.88,\"TwoStar\":2633090.88,\"ThreeStar\":3141890.88,\"FourStar\":3898730.88,\"FiveStar\":4572890.88},{\"vehicle\":\"Medium Bus\",\"user\":26,\"wnaCost\":488461.54,\"mealCostPerPerson\":92307.69,\"WithoutAccomodation\":1986815.08,\"Guesthouse\":2225315.08,\"Homestay\":2598353.54,\"TwoStar\":2543315.08,\"ThreeStar\":3020315.08,\"FourStar\":3735815.08,\"FiveStar\":4371815.08},{\"vehicle\":\"Medium Bus\",\"user\":27,\"wnaCost\":487962.96,\"mealCostPerPerson\":88888.89,\"WithoutAccomodation\":1959633.78,\"Guesthouse\":2218744.89,\"Homestay\":2613300.44,\"TwoStar\":2548522.67,\"ThreeStar\":3054967.11,\"FourStar\":3808744.89,\"FiveStar\":4480078.22},{\"vehicle\":\"Medium Bus\",\"user\":28,\"wnaCost\":487500,\"mealCostPerPerson\":85714.29,\"WithoutAccomodation\":1911679.71,\"Guesthouse\":2150179.71,\"Homestay\":2547679.71,\"TwoStar\":2468179.71,\"ThreeStar\":2945179.71,\"FourStar\":3660679.71,\"FiveStar\":4296679.71},{\"vehicle\":\"Medium Bus\",\"user\":29,\"wnaCost\":488793.1,\"mealCostPerPerson\":82758.62,\"WithoutAccomodation\":1907239.72,\"Guesthouse\":2164929.38,\"Homestay\":2521308.69,\"TwoStar\":2493894.9,\"ThreeStar\":2998308.69,\"FourStar\":3749446.62,\"FiveStar\":4418343.17},{\"vehicle\":\"Medium Bus\",\"user\":30,\"wnaCost\":488333.33,\"mealCostPerPerson\":80000,\"WithoutAccomodation\":1864229.07,\"Guesthouse\":2102729.07,\"Homestay\":2479029.07,\"TwoStar\":2420729.07,\"ThreeStar\":2897729.07,\"FourStar\":3613229.07,\"FiveStar\":4249229.07},{\"vehicle\":\"Big Bus HD\",\"user\":31,\"wnaCost\":487903.23,\"mealCostPerPerson\":96774.19,\"WithoutAccomodation\":2069502.97,\"Guesthouse\":2325954.58,\"Homestay\":2720890.06,\"TwoStar\":2654212.65,\"ThreeStar\":3156857.81,\"FourStar\":3905696.52,\"FiveStar\":4572470.71},{\"vehicle\":\"Big Bus HD\",\"user\":32,\"wnaCost\":487500,\"mealCostPerPerson\":93750,\"WithoutAccomodation\":2023447.25,\"Guesthouse\":2261947.25,\"Homestay\":2659447.25,\"TwoStar\":2579947.25,\"ThreeStar\":3056947.25,\"FourStar\":3772447.25,\"FiveStar\":4408447.25},{\"vehicle\":\"Big Bus HD\",\"user\":33,\"wnaCost\":488636.36,\"mealCostPerPerson\":90909.09,\"WithoutAccomodation\":2015516.12,\"Guesthouse\":2270879.76,\"Homestay\":2632243.39,\"TwoStar\":2598516.12,\"ThreeStar\":3099607.03,\"FourStar\":3846425.21,\"FiveStar\":4511334.3},{\"vehicle\":\"Big Bus HD\",\"user\":34,\"wnaCost\":488235.29,\"mealCostPerPerson\":88235.29,\"WithoutAccomodation\":1973757.41,\"Guesthouse\":2212257.41,\"Homestay\":2591051.53,\"TwoStar\":2530257.41,\"ThreeStar\":3007257.41,\"FourStar\":3722757.41,\"FiveStar\":4358757.41},{\"vehicle\":\"Big Bus HD\",\"user\":35,\"wnaCost\":487857.14,\"mealCostPerPerson\":85714.29,\"WithoutAccomodation\":1952556.34,\"Guesthouse\":2206956.34,\"Homestay\":2602184.91,\"TwoStar\":2534042.06,\"ThreeStar\":3033756.34,\"FourStar\":3778784.91,\"FiveStar\":4442042.06},{\"vehicle\":\"Big Bus HD\",\"user\":36,\"wnaCost\":487500,\"mealCostPerPerson\":83333.33,\"WithoutAccomodation\":1914866.44,\"Guesthouse\":2153366.44,\"Homestay\":2550866.44,\"TwoStar\":2471366.44,\"ThreeStar\":2948366.44,\"FourStar\":3663866.44,\"FiveStar\":4299866.44},{\"vehicle\":\"Big Bus HD\",\"user\":37,\"wnaCost\":488513.51,\"mealCostPerPerson\":81081.08,\"WithoutAccomodation\":1910727.35,\"Guesthouse\":2164267.89,\"Homestay\":2529538.16,\"TwoStar\":2490862.49,\"ThreeStar\":2989348.97,\"FourStar\":3732781.41,\"FiveStar\":4394565.19},{\"vehicle\":\"Big Bus HD\",\"user\":38,\"wnaCost\":488157.89,\"mealCostPerPerson\":78947.37,\"WithoutAccomodation\":1876121.89,\"Guesthouse\":2114621.89,\"Homestay\":2495385.05,\"TwoStar\":2432621.89,\"ThreeStar\":2909621.89,\"FourStar\":3625121.89,\"FiveStar\":4261121.89},{\"vehicle\":\"Big Bus HD\",\"user\":39,\"wnaCost\":487820.51,\"mealCostPerPerson\":76923.08,\"WithoutAccomodation\":1859598.77,\"Guesthouse\":2112368,\"Homestay\":2507829.54,\"TwoStar\":2438521.85,\"ThreeStar\":2935906.46,\"FourStar\":3677906.46,\"FiveStar\":4338368},{\"vehicle\":\"Big Bus HD\",\"user\":40,\"wnaCost\":487500,\"mealCostPerPerson\":75000,\"WithoutAccomodation\":1828001.8,\"Guesthouse\":2066501.8,\"Homestay\":2464001.8,\"TwoStar\":2384501.8,\"ThreeStar\":2861501.8,\"FourStar\":3577001.8,\"FiveStar\":4213001.8},{\"vehicle\":\"Big Bus HD\",\"user\":41,\"wnaCost\":488414.63,\"mealCostPerPerson\":87804.88,\"WithoutAccomodation\":1841897.37,\"Guesthouse\":2093970.54,\"Homestay\":2462385.17,\"TwoStar\":2419726.63,\"ThreeStar\":2916116.88,\"FourStar\":3656824.2,\"FiveStar\":4316092.49},{\"vehicle\":\"Big Bus HD\",\"user\":42,\"wnaCost\":488095.24,\"mealCostPerPerson\":85714.29,\"WithoutAccomodation\":1812226.48,\"Guesthouse\":2050726.48,\"Homestay\":2433083.62,\"TwoStar\":2368726.48,\"ThreeStar\":2845726.48,\"FourStar\":3561226.48,\"FiveStar\":4197226.48},{\"vehicle\":\"Big Bus HD\",\"user\":43,\"wnaCost\":487790.7,\"mealCostPerPerson\":83720.93,\"WithoutAccomodation\":1798726.33,\"Guesthouse\":2050168.19,\"Homestay\":2445819.35,\"TwoStar\":2375563.53,\"ThreeStar\":2871051.91,\"FourStar\":3610586.79,\"FiveStar\":4268772.84},{\"vehicle\":\"Big Bus HD\",\"user\":44,\"wnaCost\":487500,\"mealCostPerPerson\":81818.18,\"WithoutAccomodation\":1771385.27,\"Guesthouse\":2009885.27,\"Homestay\":2407385.27,\"TwoStar\":2327885.27,\"ThreeStar\":2804885.27,\"FourStar\":3520385.27,\"FiveStar\":4156385.27},{\"vehicle\":\"Big Bus HD\",\"user\":45,\"wnaCost\":488333.33,\"mealCostPerPerson\":80000,\"WithoutAccomodation\":1771170.49,\"Guesthouse\":2022037.16,\"Homestay\":2393037.16,\"TwoStar\":2347103.82,\"ThreeStar\":2841770.49,\"FourStar\":3580237.16,\"FiveStar\":4237437.16},{\"vehicle\":\"Big Bus SHD\",\"user\":46,\"wnaCost\":488043.48,\"mealCostPerPerson\":78260.87,\"WithoutAccomodation\":1810138.96,\"Guesthouse\":2048638.96,\"Homestay\":2432312.87,\"TwoStar\":2366638.96,\"ThreeStar\":2843638.96,\"FourStar\":3559138.96,\"FiveStar\":4195138.96},{\"vehicle\":\"Big Bus SHD\",\"user\":47,\"wnaCost\":487765.96,\"mealCostPerPerson\":76595.74,\"WithoutAccomodation\":1797832.17,\"Guesthouse\":2048172.6,\"Homestay\":2443981.11,\"TwoStar\":2372938.55,\"ThreeStar\":2866853.45,\"FourStar\":3604342.81,\"FiveStar\":4260640.68},{\"vehicle\":\"Big Bus SHD\",\"user\":48,\"wnaCost\":487500,\"mealCostPerPerson\":75000,\"WithoutAccomodation\":1772788.17,\"Guesthouse\":2011288.17,\"Homestay\":2408788.17,\"TwoStar\":2329288.17,\"ThreeStar\":2806288.17,\"FourStar\":3521788.17,\"FiveStar\":4157788.17},{\"vehicle\":\"Big Bus SHD\",\"user\":49,\"wnaCost\":488265.31,\"mealCostPerPerson\":73469.39,\"WithoutAccomodation\":1772562.29,\"Guesthouse\":2022419.43,\"Homestay\":2395582.69,\"TwoStar\":2346909.22,\"ThreeStar\":2840133.71,\"FourStar\":3576725.55,\"FiveStar\":4232194.94},{\"vehicle\":\"Big Bus SHD\",\"user\":50,\"wnaCost\":488000,\"mealCostPerPerson\":72000,\"WithoutAccomodation\":1749025.44,\"Guesthouse\":1987525.44,\"Homestay\":2372305.44,\"TwoStar\":2305525.44,\"ThreeStar\":2782525.44,\"FourStar\":3498025.44,\"FiveStar\":4134025.44},{\"vehicle\":\"Big Bus SHD\",\"user\":51,\"wnaCost\":487745.1,\"mealCostPerPerson\":70588.24,\"WithoutAccomodation\":1738882.2,\"Guesthouse\":1988293.96,\"Homestay\":2384235.14,\"TwoStar\":2312529.25,\"ThreeStar\":2805117.49,\"FourStar\":3540882.2,\"FiveStar\":4195588.08},{\"vehicle\":\"Big Bus SHD\",\"user\":52,\"wnaCost\":487500,\"mealCostPerPerson\":69230.77,\"WithoutAccomodation\":1716898.31,\"Guesthouse\":1955398.31,\"Homestay\":2352898.31,\"TwoStar\":2273398.31,\"ThreeStar\":2750398.31,\"FourStar\":3465898.31,\"FiveStar\":4101898.31},{\"vehicle\":\"Big Bus SHD\",\"user\":53,\"wnaCost\":488207.55,\"mealCostPerPerson\":67924.53,\"WithoutAccomodation\":1717744,\"Guesthouse\":1966744,\"Homestay\":2341744,\"TwoStar\":2290744,\"ThreeStar\":2782744,\"FourStar\":3517744,\"FiveStar\":4171744},{\"vehicle\":\"Big Bus SHD\",\"user\":54,\"wnaCost\":487962.96,\"mealCostPerPerson\":66666.67,\"WithoutAccomodation\":1696965.78,\"Guesthouse\":1935465.78,\"Homestay\":2321188,\"TwoStar\":2253465.78,\"ThreeStar\":2730465.78,\"FourStar\":3445965.78,\"FiveStar\":4081965.78},{\"vehicle\":\"Big Bus SHD\",\"user\":55,\"wnaCost\":487727.27,\"mealCostPerPerson\":65454.55,\"WithoutAccomodation\":1688506.76,\"Guesthouse\":1937124.95,\"Homestay\":2333179.49,\"TwoStar\":2260906.76,\"ThreeStar\":2752361.31,\"FourStar\":3486652.22,\"FiveStar\":4139997.67}]}]', '2025-02-07 03:49:29', '2025-02-09 21:39:48');
INSERT INTO `package_four_prices` (`id`, `package_four_day_id`, `price_data`, `created_at`, `updated_at`) VALUES
(4, 4, '[{\"Price Type\":\"Include Meal\",\"data\":[{\"Price Type\":\"Include Meal\"},{\"vehicle\":\"Avanza\",\"user\":1,\"wnaCost\":425000,\"mealCostPerPerson\":1200000,\"WithoutAccomodation\":5895932,\"Guesthouse\":6690932,\"Homestay\":8598932,\"TwoStar\":7326932,\"ThreeStar\":8598932,\"FourStar\":10347932,\"FiveStar\":11937932},{\"vehicle\":\"Avanza\",\"user\":2,\"wnaCost\":400000,\"mealCostPerPerson\":900000,\"WithoutAccomodation\":3470546,\"Guesthouse\":3709046,\"Homestay\":4901546,\"TwoStar\":4027046,\"ThreeStar\":4504046,\"FourStar\":5219546,\"FiveStar\":5855546},{\"vehicle\":\"Avanza\",\"user\":3,\"wnaCost\":391666.67,\"mealCostPerPerson\":800000,\"WithoutAccomodation\":2874084,\"Guesthouse\":3298084,\"Homestay\":3669084,\"TwoStar\":3722084,\"ThreeStar\":4464084,\"FourStar\":5524084,\"FiveStar\":6478084},{\"vehicle\":\"Avanza\",\"user\":4,\"wnaCost\":387500,\"mealCostPerPerson\":750000,\"WithoutAccomodation\":2416853,\"Guesthouse\":2655353,\"Homestay\":3052853,\"TwoStar\":2973353,\"ThreeStar\":3450353,\"FourStar\":4165853,\"FiveStar\":4801853},{\"vehicle\":\"Avanza\",\"user\":5,\"wnaCost\":395000,\"mealCostPerPerson\":720000,\"WithoutAccomodation\":2375714.4,\"Guesthouse\":2725514.4,\"Homestay\":2884514.4,\"TwoStar\":3107114.4,\"ThreeStar\":3743114.4,\"FourStar\":4665314.4,\"FiveStar\":5492114.4},{\"vehicle\":\"Innova\",\"user\":6,\"wnaCost\":391666.67,\"mealCostPerPerson\":700000,\"WithoutAccomodation\":2295288.67,\"Guesthouse\":2533788.67,\"Homestay\":2825288.67,\"TwoStar\":2851788.67,\"ThreeStar\":3328788.67,\"FourStar\":4044288.67,\"FiveStar\":4680288.67},{\"vehicle\":\"Hiace Commuter\",\"user\":7,\"wnaCost\":389285.71,\"mealCostPerPerson\":771428.57,\"WithoutAccomodation\":2736041.71,\"Guesthouse\":3054041.71,\"Homestay\":3440184.57,\"TwoStar\":3417470.29,\"ThreeStar\":4008041.71,\"FourStar\":4871184.57,\"FiveStar\":5643470.29},{\"vehicle\":\"Hiace Commuter\",\"user\":8,\"wnaCost\":387500,\"mealCostPerPerson\":750000,\"WithoutAccomodation\":2524681.5,\"Guesthouse\":2763181.5,\"Homestay\":3160681.5,\"TwoStar\":3081181.5,\"ThreeStar\":3558181.5,\"FourStar\":4273681.5,\"FiveStar\":4909681.5},{\"vehicle\":\"Hiace Commuter\",\"user\":9,\"wnaCost\":391666.67,\"mealCostPerPerson\":733333.33,\"WithoutAccomodation\":2489845.78,\"Guesthouse\":2790179.11,\"Homestay\":3055179.11,\"TwoStar\":3143512.44,\"ThreeStar\":3708845.78,\"FourStar\":4539179.11,\"FiveStar\":5281179.11},{\"vehicle\":\"Hiace Commuter\",\"user\":10,\"wnaCost\":390000,\"mealCostPerPerson\":720000,\"WithoutAccomodation\":2345377.2,\"Guesthouse\":2583877.2,\"Homestay\":2917777.2,\"TwoStar\":2901877.2,\"ThreeStar\":3378877.2,\"FourStar\":4094377.2,\"FiveStar\":4730377.2},{\"vehicle\":\"Hiace Commuter\",\"user\":11,\"wnaCost\":388636.36,\"mealCostPerPerson\":709090.91,\"WithoutAccomodation\":2284993.82,\"Guesthouse\":2574084.73,\"Homestay\":2964357.45,\"TwoStar\":2920993.82,\"ThreeStar\":3470266.55,\"FourStar\":4279721.09,\"FiveStar\":5002448.36},{\"vehicle\":\"Hiace Commuter\",\"user\":12,\"wnaCost\":387500,\"mealCostPerPerson\":700000,\"WithoutAccomodation\":2181674.33,\"Guesthouse\":2420174.33,\"Homestay\":2817674.33,\"TwoStar\":2738174.33,\"ThreeStar\":3215174.33,\"FourStar\":3930674.33,\"FiveStar\":4566674.33},{\"vehicle\":\"Elf Giga\",\"user\":13,\"wnaCost\":390384.62,\"mealCostPerPerson\":738461.54,\"WithoutAccomodation\":2265480.92,\"Guesthouse\":2546788.62,\"Homestay\":2852557.85,\"TwoStar\":2889250.15,\"ThreeStar\":3427404,\"FourStar\":4222404,\"FiveStar\":4931788.62},{\"vehicle\":\"Elf Giga\",\"user\":14,\"wnaCost\":389285.71,\"mealCostPerPerson\":728571.43,\"WithoutAccomodation\":2178315.14,\"Guesthouse\":2416815.14,\"Homestay\":2768886.57,\"TwoStar\":2734815.14,\"ThreeStar\":3211815.14,\"FourStar\":3927315.14,\"FiveStar\":4563315.14},{\"vehicle\":\"Elf Giga\",\"user\":15,\"wnaCost\":388333.33,\"mealCostPerPerson\":720000,\"WithoutAccomodation\":2145171.47,\"Guesthouse\":2420771.47,\"Homestay\":2812971.47,\"TwoStar\":2759971.47,\"ThreeStar\":3289971.47,\"FourStar\":4074371.47,\"FiveStar\":4773971.47},{\"vehicle\":\"Elf Giga\",\"user\":16,\"wnaCost\":387500,\"mealCostPerPerson\":712500,\"WithoutAccomodation\":2076420.75,\"Guesthouse\":2314920.75,\"Homestay\":2712420.75,\"TwoStar\":2632920.75,\"ThreeStar\":3109920.75,\"FourStar\":3825420.75,\"FiveStar\":4461420.75},{\"vehicle\":\"Elf Giga\",\"user\":17,\"wnaCost\":389705.88,\"mealCostPerPerson\":705882.35,\"WithoutAccomodation\":2084346.59,\"Guesthouse\":2355581.88,\"Homestay\":2682934.82,\"TwoStar\":2692287.76,\"ThreeStar\":3216052.47,\"FourStar\":3992346.59,\"FiveStar\":4684464.24},{\"vehicle\":\"Medium Bus\",\"user\":18,\"wnaCost\":388888.89,\"mealCostPerPerson\":700000,\"WithoutAccomodation\":2246269.56,\"Guesthouse\":2484769.56,\"Homestay\":2846936.22,\"TwoStar\":2802769.56,\"ThreeStar\":3279769.56,\"FourStar\":3995269.56,\"FiveStar\":4631269.56},{\"vehicle\":\"Medium Bus\",\"user\":19,\"wnaCost\":388157.89,\"mealCostPerPerson\":726315.79,\"WithoutAccomodation\":2250000.63,\"Guesthouse\":2517790.11,\"Homestay\":2911105.89,\"TwoStar\":2852526.95,\"ThreeStar\":3371369.05,\"FourStar\":4141263.79,\"FiveStar\":4827474.32},{\"vehicle\":\"Medium Bus\",\"user\":20,\"wnaCost\":387500,\"mealCostPerPerson\":720000,\"WithoutAccomodation\":2189758.6,\"Guesthouse\":2428258.6,\"Homestay\":2825758.6,\"TwoStar\":2746258.6,\"ThreeStar\":3223258.6,\"FourStar\":3938758.6,\"FiveStar\":4574758.6},{\"vehicle\":\"Medium Bus\",\"user\":21,\"wnaCost\":389285.71,\"mealCostPerPerson\":714285.71,\"WithoutAccomodation\":2190777.71,\"Guesthouse\":2455777.71,\"Homestay\":2796492,\"TwoStar\":2788920.57,\"ThreeStar\":3303777.71,\"FourStar\":4068492,\"FiveStar\":4749920.57},{\"vehicle\":\"Medium Bus\",\"user\":22,\"wnaCost\":388636.36,\"mealCostPerPerson\":709090.91,\"WithoutAccomodation\":2138704.18,\"Guesthouse\":2377204.18,\"Homestay\":2745795.09,\"TwoStar\":2695204.18,\"ThreeStar\":3172204.18,\"FourStar\":3887704.18,\"FiveStar\":4523704.18},{\"vehicle\":\"Medium Bus\",\"user\":23,\"wnaCost\":388043.48,\"mealCostPerPerson\":704347.83,\"WithoutAccomodation\":2118810.96,\"Guesthouse\":2381506.61,\"Homestay\":2775550.09,\"TwoStar\":2713332.7,\"ThreeStar\":3224897.91,\"FourStar\":3985332.7,\"FiveStar\":4662810.96},{\"vehicle\":\"Medium Bus\",\"user\":24,\"wnaCost\":387500,\"mealCostPerPerson\":700000,\"WithoutAccomodation\":2074075.5,\"Guesthouse\":2312575.5,\"Homestay\":2710075.5,\"TwoStar\":2630575.5,\"ThreeStar\":3107575.5,\"FourStar\":3823075.5,\"FiveStar\":4459075.5},{\"vehicle\":\"Medium Bus\",\"user\":25,\"wnaCost\":389000,\"mealCostPerPerson\":696000,\"WithoutAccomodation\":2079558.88,\"Guesthouse\":2340318.88,\"Homestay\":2690118.88,\"TwoStar\":2671038.88,\"ThreeStar\":3179838.88,\"FourStar\":3936678.88,\"FiveStar\":4610838.88},{\"vehicle\":\"Medium Bus\",\"user\":26,\"wnaCost\":388461.54,\"mealCostPerPerson\":692307.69,\"WithoutAccomodation\":2039774.31,\"Guesthouse\":2278274.31,\"Homestay\":2651312.77,\"TwoStar\":2596274.31,\"ThreeStar\":3073274.31,\"FourStar\":3788774.31,\"FiveStar\":4424774.31},{\"vehicle\":\"Medium Bus\",\"user\":27,\"wnaCost\":387962.96,\"mealCostPerPerson\":688888.89,\"WithoutAccomodation\":2026492.3,\"Guesthouse\":2285603.41,\"Homestay\":2680158.96,\"TwoStar\":2615381.19,\"ThreeStar\":3121825.63,\"FourStar\":3875603.41,\"FiveStar\":4546936.74},{\"vehicle\":\"Medium Bus\",\"user\":28,\"wnaCost\":387500,\"mealCostPerPerson\":685714.29,\"WithoutAccomodation\":1991444.71,\"Guesthouse\":2229944.71,\"Homestay\":2627444.71,\"TwoStar\":2547944.71,\"ThreeStar\":3024944.71,\"FourStar\":3740444.71,\"FiveStar\":4376444.71},{\"vehicle\":\"Medium Bus\",\"user\":29,\"wnaCost\":388793.1,\"mealCostPerPerson\":682758.62,\"WithoutAccomodation\":1999021.1,\"Guesthouse\":2256710.76,\"Homestay\":2613090.07,\"TwoStar\":2585676.28,\"ThreeStar\":3090090.07,\"FourStar\":3841228,\"FiveStar\":4510124.55},{\"vehicle\":\"Medium Bus\",\"user\":30,\"wnaCost\":388333.33,\"mealCostPerPerson\":680000,\"WithoutAccomodation\":1967225.73,\"Guesthouse\":2205725.73,\"Homestay\":2582025.73,\"TwoStar\":2523725.73,\"ThreeStar\":3000725.73,\"FourStar\":3716225.73,\"FiveStar\":4352225.73},{\"vehicle\":\"Big Bus HD\",\"user\":31,\"wnaCost\":387903.23,\"mealCostPerPerson\":696774.19,\"WithoutAccomodation\":2121442.97,\"Guesthouse\":2377894.58,\"Homestay\":2772830.06,\"TwoStar\":2706152.65,\"ThreeStar\":3208797.81,\"FourStar\":3957636.52,\"FiveStar\":4624410.71},{\"vehicle\":\"Big Bus HD\",\"user\":32,\"wnaCost\":387500,\"mealCostPerPerson\":693750,\"WithoutAccomodation\":2087146.63,\"Guesthouse\":2325646.63,\"Homestay\":2723146.63,\"TwoStar\":2643646.63,\"ThreeStar\":3120646.63,\"FourStar\":3836146.63,\"FiveStar\":4472146.63},{\"vehicle\":\"Big Bus HD\",\"user\":33,\"wnaCost\":388636.36,\"mealCostPerPerson\":690909.09,\"WithoutAccomodation\":2090262.18,\"Guesthouse\":2345625.82,\"Homestay\":2706989.45,\"TwoStar\":2673262.18,\"ThreeStar\":3174353.09,\"FourStar\":3921171.27,\"FiveStar\":4586080.36},{\"vehicle\":\"Big Bus HD\",\"user\":34,\"wnaCost\":388235.29,\"mealCostPerPerson\":688235.29,\"WithoutAccomodation\":2058900.35,\"Guesthouse\":2297400.35,\"Homestay\":2676194.47,\"TwoStar\":2615400.35,\"ThreeStar\":3092400.35,\"FourStar\":3807900.35,\"FiveStar\":4443900.35},{\"vehicle\":\"Big Bus HD\",\"user\":35,\"wnaCost\":387857.14,\"mealCostPerPerson\":685714.29,\"WithoutAccomodation\":2047502.06,\"Guesthouse\":2301902.06,\"Homestay\":2697130.63,\"TwoStar\":2628987.77,\"ThreeStar\":3128702.06,\"FourStar\":3873730.63,\"FiveStar\":4536987.77},{\"vehicle\":\"Big Bus HD\",\"user\":36,\"wnaCost\":387500,\"mealCostPerPerson\":683333.33,\"WithoutAccomodation\":2019070.33,\"Guesthouse\":2257570.33,\"Homestay\":2655070.33,\"TwoStar\":2575570.33,\"ThreeStar\":3052570.33,\"FourStar\":3768070.33,\"FiveStar\":4404070.33},{\"vehicle\":\"Big Bus HD\",\"user\":37,\"wnaCost\":388513.51,\"mealCostPerPerson\":681081.08,\"WithoutAccomodation\":2023688.97,\"Guesthouse\":2277229.51,\"Homestay\":2642499.78,\"TwoStar\":2603824.11,\"ThreeStar\":3102310.59,\"FourStar\":3845743.03,\"FiveStar\":4507526.81},{\"vehicle\":\"Big Bus HD\",\"user\":38,\"wnaCost\":388157.89,\"mealCostPerPerson\":678947.37,\"WithoutAccomodation\":1997380.32,\"Guesthouse\":2235880.32,\"Homestay\":2616643.47,\"TwoStar\":2553880.32,\"ThreeStar\":3030880.32,\"FourStar\":3746380.32,\"FiveStar\":4382380.32},{\"vehicle\":\"Big Bus HD\",\"user\":39,\"wnaCost\":387820.51,\"mealCostPerPerson\":676923.08,\"WithoutAccomodation\":1988728.51,\"Guesthouse\":2241497.74,\"Homestay\":2636959.28,\"TwoStar\":2567651.59,\"ThreeStar\":3065036.21,\"FourStar\":3807036.21,\"FiveStar\":4467497.74},{\"vehicle\":\"Big Bus HD\",\"user\":40,\"wnaCost\":387500,\"mealCostPerPerson\":675000,\"WithoutAccomodation\":1964609.3,\"Guesthouse\":2203109.3,\"Homestay\":2600609.3,\"TwoStar\":2521109.3,\"ThreeStar\":2998109.3,\"FourStar\":3713609.3,\"FiveStar\":4349609.3},{\"vehicle\":\"Big Bus HD\",\"user\":41,\"wnaCost\":388414.63,\"mealCostPerPerson\":687804.88,\"WithoutAccomodation\":1985617.85,\"Guesthouse\":2237691.02,\"Homestay\":2606105.66,\"TwoStar\":2563447.12,\"ThreeStar\":3059837.37,\"FourStar\":3800544.68,\"FiveStar\":4459812.98},{\"vehicle\":\"Big Bus HD\",\"user\":42,\"wnaCost\":388095.24,\"mealCostPerPerson\":685714.29,\"WithoutAccomodation\":1962721.24,\"Guesthouse\":2201221.24,\"Homestay\":2583578.38,\"TwoStar\":2519221.24,\"ThreeStar\":2996221.24,\"FourStar\":3711721.24,\"FiveStar\":4347721.24},{\"vehicle\":\"Big Bus HD\",\"user\":43,\"wnaCost\":387790.7,\"mealCostPerPerson\":683720.93,\"WithoutAccomodation\":1955680.28,\"Guesthouse\":2207122.14,\"Homestay\":2602773.3,\"TwoStar\":2532517.49,\"ThreeStar\":3028005.86,\"FourStar\":3767540.74,\"FiveStar\":4425726.79},{\"vehicle\":\"Big Bus HD\",\"user\":44,\"wnaCost\":387500,\"mealCostPerPerson\":681818.18,\"WithoutAccomodation\":1934504.82,\"Guesthouse\":2173004.82,\"Homestay\":2570504.82,\"TwoStar\":2491004.82,\"ThreeStar\":2968004.82,\"FourStar\":3683504.82,\"FiveStar\":4319504.82},{\"vehicle\":\"Big Bus HD\",\"user\":45,\"wnaCost\":388333.33,\"mealCostPerPerson\":680000,\"WithoutAccomodation\":1940181.6,\"Guesthouse\":2191048.27,\"Homestay\":2562048.27,\"TwoStar\":2516114.93,\"ThreeStar\":3010781.6,\"FourStar\":3749248.27,\"FiveStar\":4406448.27},{\"vehicle\":\"Big Bus SHD\",\"user\":46,\"wnaCost\":388043.48,\"mealCostPerPerson\":678260.87,\"WithoutAccomodation\":1984785.48,\"Guesthouse\":2223285.48,\"Homestay\":2606959.39,\"TwoStar\":2541285.48,\"ThreeStar\":3018285.48,\"FourStar\":3733785.48,\"FiveStar\":4369785.48},{\"vehicle\":\"Big Bus SHD\",\"user\":47,\"wnaCost\":387765.96,\"mealCostPerPerson\":676595.74,\"WithoutAccomodation\":1977874.3,\"Guesthouse\":2228214.72,\"Homestay\":2624023.23,\"TwoStar\":2552980.68,\"ThreeStar\":3046895.57,\"FourStar\":3784384.94,\"FiveStar\":4440682.81},{\"vehicle\":\"Big Bus SHD\",\"user\":48,\"wnaCost\":387500,\"mealCostPerPerson\":675000,\"WithoutAccomodation\":1958001.08,\"Guesthouse\":2196501.08,\"Homestay\":2594001.08,\"TwoStar\":2514501.08,\"ThreeStar\":2991501.08,\"FourStar\":3707001.08,\"FiveStar\":4343001.08},{\"vehicle\":\"Big Bus SHD\",\"user\":49,\"wnaCost\":388265.31,\"mealCostPerPerson\":673469.39,\"WithoutAccomodation\":1962734.94,\"Guesthouse\":2212592.08,\"Homestay\":2585755.35,\"TwoStar\":2537081.88,\"ThreeStar\":3030306.37,\"FourStar\":3766898.2,\"FiveStar\":4422367.59},{\"vehicle\":\"Big Bus SHD\",\"user\":50,\"wnaCost\":388000,\"mealCostPerPerson\":672000,\"WithoutAccomodation\":1943959.44,\"Guesthouse\":2182459.44,\"Homestay\":2567239.44,\"TwoStar\":2500459.44,\"ThreeStar\":2977459.44,\"FourStar\":3692959.44,\"FiveStar\":4328959.44},{\"vehicle\":\"Big Bus SHD\",\"user\":51,\"wnaCost\":387745.1,\"mealCostPerPerson\":670588.24,\"WithoutAccomodation\":1938390.82,\"Guesthouse\":2187802.59,\"Homestay\":2583743.76,\"TwoStar\":2512037.88,\"ThreeStar\":3004626.12,\"FourStar\":3740390.82,\"FiveStar\":4395096.71},{\"vehicle\":\"Big Bus SHD\",\"user\":52,\"wnaCost\":387500,\"mealCostPerPerson\":669230.77,\"WithoutAccomodation\":1920805.62,\"Guesthouse\":2159305.62,\"Homestay\":2556805.62,\"TwoStar\":2477305.62,\"ThreeStar\":2954305.62,\"FourStar\":3669805.62,\"FiveStar\":4305805.62},{\"vehicle\":\"Big Bus SHD\",\"user\":53,\"wnaCost\":388207.55,\"mealCostPerPerson\":667924.53,\"WithoutAccomodation\":1925884,\"Guesthouse\":2174884,\"Homestay\":2549884,\"TwoStar\":2498884,\"ThreeStar\":2990884,\"FourStar\":3725884,\"FiveStar\":4379884},{\"vehicle\":\"Big Bus SHD\",\"user\":54,\"wnaCost\":387962.96,\"mealCostPerPerson\":666666.67,\"WithoutAccomodation\":1909181.7,\"Guesthouse\":2147681.7,\"Homestay\":2533403.93,\"TwoStar\":2465681.7,\"ThreeStar\":2942681.7,\"FourStar\":3658181.7,\"FiveStar\":4294181.7},{\"vehicle\":\"Big Bus SHD\",\"user\":55,\"wnaCost\":387727.27,\"mealCostPerPerson\":665454.55,\"WithoutAccomodation\":1904650.4,\"Guesthouse\":2153268.58,\"Homestay\":2549323.13,\"TwoStar\":2477050.4,\"ThreeStar\":2968504.95,\"FourStar\":3702795.85,\"FiveStar\":4356141.31}]},{\"Price Type\":\"Exclude Meal\",\"data\":[{\"Price Type\":\"Exclude Meal\"},{\"vehicle\":\"Avanza\",\"user\":1,\"wnaCost\":425000,\"mealCostPerPerson\":600000,\"WithoutAccomodation\":5259932,\"Guesthouse\":6054932,\"Homestay\":7962932,\"TwoStar\":6690932,\"ThreeStar\":7962932,\"FourStar\":9711932,\"FiveStar\":11301932},{\"vehicle\":\"Avanza\",\"user\":2,\"wnaCost\":400000,\"mealCostPerPerson\":300000,\"WithoutAccomodation\":2834546,\"Guesthouse\":3073046,\"Homestay\":4265546,\"TwoStar\":3391046,\"ThreeStar\":3868046,\"FourStar\":4583546,\"FiveStar\":5219546},{\"vehicle\":\"Avanza\",\"user\":3,\"wnaCost\":391666.67,\"mealCostPerPerson\":200000,\"WithoutAccomodation\":2238084,\"Guesthouse\":2662084,\"Homestay\":3033084,\"TwoStar\":3086084,\"ThreeStar\":3828084,\"FourStar\":4888084,\"FiveStar\":5842084},{\"vehicle\":\"Avanza\",\"user\":4,\"wnaCost\":387500,\"mealCostPerPerson\":150000,\"WithoutAccomodation\":1780853,\"Guesthouse\":2019353,\"Homestay\":2416853,\"TwoStar\":2337353,\"ThreeStar\":2814353,\"FourStar\":3529853,\"FiveStar\":4165853},{\"vehicle\":\"Avanza\",\"user\":5,\"wnaCost\":395000,\"mealCostPerPerson\":120000,\"WithoutAccomodation\":1739714.4,\"Guesthouse\":2089514.4,\"Homestay\":2248514.4,\"TwoStar\":2471114.4,\"ThreeStar\":3107114.4,\"FourStar\":4029314.4,\"FiveStar\":4856114.4},{\"vehicle\":\"Innova\",\"user\":6,\"wnaCost\":391666.67,\"mealCostPerPerson\":100000,\"WithoutAccomodation\":1659288.67,\"Guesthouse\":1897788.67,\"Homestay\":2189288.67,\"TwoStar\":2215788.67,\"ThreeStar\":2692788.67,\"FourStar\":3408288.67,\"FiveStar\":4044288.67},{\"vehicle\":\"Hiace Commuter\",\"user\":7,\"wnaCost\":389285.71,\"mealCostPerPerson\":171428.57,\"WithoutAccomodation\":2100041.71,\"Guesthouse\":2418041.71,\"Homestay\":2804184.57,\"TwoStar\":2781470.29,\"ThreeStar\":3372041.71,\"FourStar\":4235184.57,\"FiveStar\":5007470.29},{\"vehicle\":\"Hiace Commuter\",\"user\":8,\"wnaCost\":387500,\"mealCostPerPerson\":150000,\"WithoutAccomodation\":1888681.5,\"Guesthouse\":2127181.5,\"Homestay\":2524681.5,\"TwoStar\":2445181.5,\"ThreeStar\":2922181.5,\"FourStar\":3637681.5,\"FiveStar\":4273681.5},{\"vehicle\":\"Hiace Commuter\",\"user\":9,\"wnaCost\":391666.67,\"mealCostPerPerson\":133333.33,\"WithoutAccomodation\":1853845.78,\"Guesthouse\":2154179.11,\"Homestay\":2419179.11,\"TwoStar\":2507512.44,\"ThreeStar\":3072845.78,\"FourStar\":3903179.11,\"FiveStar\":4645179.11},{\"vehicle\":\"Hiace Commuter\",\"user\":10,\"wnaCost\":390000,\"mealCostPerPerson\":120000,\"WithoutAccomodation\":1709377.2,\"Guesthouse\":1947877.2,\"Homestay\":2281777.2,\"TwoStar\":2265877.2,\"ThreeStar\":2742877.2,\"FourStar\":3458377.2,\"FiveStar\":4094377.2},{\"vehicle\":\"Hiace Commuter\",\"user\":11,\"wnaCost\":388636.36,\"mealCostPerPerson\":109090.91,\"WithoutAccomodation\":1648993.82,\"Guesthouse\":1938084.73,\"Homestay\":2328357.45,\"TwoStar\":2284993.82,\"ThreeStar\":2834266.55,\"FourStar\":3643721.09,\"FiveStar\":4366448.36},{\"vehicle\":\"Hiace Commuter\",\"user\":12,\"wnaCost\":387500,\"mealCostPerPerson\":100000,\"WithoutAccomodation\":1545674.33,\"Guesthouse\":1784174.33,\"Homestay\":2181674.33,\"TwoStar\":2102174.33,\"ThreeStar\":2579174.33,\"FourStar\":3294674.33,\"FiveStar\":3930674.33},{\"vehicle\":\"Elf Giga\",\"user\":13,\"wnaCost\":390384.62,\"mealCostPerPerson\":138461.54,\"WithoutAccomodation\":1629480.92,\"Guesthouse\":1910788.62,\"Homestay\":2216557.85,\"TwoStar\":2253250.15,\"ThreeStar\":2791404,\"FourStar\":3586404,\"FiveStar\":4295788.62},{\"vehicle\":\"Elf Giga\",\"user\":14,\"wnaCost\":389285.71,\"mealCostPerPerson\":128571.43,\"WithoutAccomodation\":1542315.14,\"Guesthouse\":1780815.14,\"Homestay\":2132886.57,\"TwoStar\":2098815.14,\"ThreeStar\":2575815.14,\"FourStar\":3291315.14,\"FiveStar\":3927315.14},{\"vehicle\":\"Elf Giga\",\"user\":15,\"wnaCost\":388333.33,\"mealCostPerPerson\":120000,\"WithoutAccomodation\":1509171.47,\"Guesthouse\":1784771.47,\"Homestay\":2176971.47,\"TwoStar\":2123971.47,\"ThreeStar\":2653971.47,\"FourStar\":3438371.47,\"FiveStar\":4137971.47},{\"vehicle\":\"Elf Giga\",\"user\":16,\"wnaCost\":387500,\"mealCostPerPerson\":112500,\"WithoutAccomodation\":1440420.75,\"Guesthouse\":1678920.75,\"Homestay\":2076420.75,\"TwoStar\":1996920.75,\"ThreeStar\":2473920.75,\"FourStar\":3189420.75,\"FiveStar\":3825420.75},{\"vehicle\":\"Elf Giga\",\"user\":17,\"wnaCost\":389705.88,\"mealCostPerPerson\":105882.35,\"WithoutAccomodation\":1448346.59,\"Guesthouse\":1719581.88,\"Homestay\":2046934.82,\"TwoStar\":2056287.76,\"ThreeStar\":2580052.47,\"FourStar\":3356346.59,\"FiveStar\":4048464.24},{\"vehicle\":\"Medium Bus\",\"user\":18,\"wnaCost\":388888.89,\"mealCostPerPerson\":100000,\"WithoutAccomodation\":1610269.56,\"Guesthouse\":1848769.56,\"Homestay\":2210936.22,\"TwoStar\":2166769.56,\"ThreeStar\":2643769.56,\"FourStar\":3359269.56,\"FiveStar\":3995269.56},{\"vehicle\":\"Medium Bus\",\"user\":19,\"wnaCost\":388157.89,\"mealCostPerPerson\":126315.79,\"WithoutAccomodation\":1614000.63,\"Guesthouse\":1881790.11,\"Homestay\":2275105.89,\"TwoStar\":2216526.95,\"ThreeStar\":2735369.05,\"FourStar\":3505263.79,\"FiveStar\":4191474.32},{\"vehicle\":\"Medium Bus\",\"user\":20,\"wnaCost\":387500,\"mealCostPerPerson\":120000,\"WithoutAccomodation\":1553758.6,\"Guesthouse\":1792258.6,\"Homestay\":2189758.6,\"TwoStar\":2110258.6,\"ThreeStar\":2587258.6,\"FourStar\":3302758.6,\"FiveStar\":3938758.6},{\"vehicle\":\"Medium Bus\",\"user\":21,\"wnaCost\":389285.71,\"mealCostPerPerson\":114285.71,\"WithoutAccomodation\":1554777.71,\"Guesthouse\":1819777.71,\"Homestay\":2160492,\"TwoStar\":2152920.57,\"ThreeStar\":2667777.71,\"FourStar\":3432492,\"FiveStar\":4113920.57},{\"vehicle\":\"Medium Bus\",\"user\":22,\"wnaCost\":388636.36,\"mealCostPerPerson\":109090.91,\"WithoutAccomodation\":1502704.18,\"Guesthouse\":1741204.18,\"Homestay\":2109795.09,\"TwoStar\":2059204.18,\"ThreeStar\":2536204.18,\"FourStar\":3251704.18,\"FiveStar\":3887704.18},{\"vehicle\":\"Medium Bus\",\"user\":23,\"wnaCost\":388043.48,\"mealCostPerPerson\":104347.83,\"WithoutAccomodation\":1482810.96,\"Guesthouse\":1745506.61,\"Homestay\":2139550.09,\"TwoStar\":2077332.7,\"ThreeStar\":2588897.91,\"FourStar\":3349332.7,\"FiveStar\":4026810.96},{\"vehicle\":\"Medium Bus\",\"user\":24,\"wnaCost\":387500,\"mealCostPerPerson\":100000,\"WithoutAccomodation\":1438075.5,\"Guesthouse\":1676575.5,\"Homestay\":2074075.5,\"TwoStar\":1994575.5,\"ThreeStar\":2471575.5,\"FourStar\":3187075.5,\"FiveStar\":3823075.5},{\"vehicle\":\"Medium Bus\",\"user\":25,\"wnaCost\":389000,\"mealCostPerPerson\":96000,\"WithoutAccomodation\":1443558.88,\"Guesthouse\":1704318.88,\"Homestay\":2054118.88,\"TwoStar\":2035038.88,\"ThreeStar\":2543838.88,\"FourStar\":3300678.88,\"FiveStar\":3974838.88},{\"vehicle\":\"Medium Bus\",\"user\":26,\"wnaCost\":388461.54,\"mealCostPerPerson\":92307.69,\"WithoutAccomodation\":1403774.31,\"Guesthouse\":1642274.31,\"Homestay\":2015312.77,\"TwoStar\":1960274.31,\"ThreeStar\":2437274.31,\"FourStar\":3152774.31,\"FiveStar\":3788774.31},{\"vehicle\":\"Medium Bus\",\"user\":27,\"wnaCost\":387962.96,\"mealCostPerPerson\":88888.89,\"WithoutAccomodation\":1390492.3,\"Guesthouse\":1649603.41,\"Homestay\":2044158.96,\"TwoStar\":1979381.19,\"ThreeStar\":2485825.63,\"FourStar\":3239603.41,\"FiveStar\":3910936.74},{\"vehicle\":\"Medium Bus\",\"user\":28,\"wnaCost\":387500,\"mealCostPerPerson\":85714.29,\"WithoutAccomodation\":1355444.71,\"Guesthouse\":1593944.71,\"Homestay\":1991444.71,\"TwoStar\":1911944.71,\"ThreeStar\":2388944.71,\"FourStar\":3104444.71,\"FiveStar\":3740444.71},{\"vehicle\":\"Medium Bus\",\"user\":29,\"wnaCost\":388793.1,\"mealCostPerPerson\":82758.62,\"WithoutAccomodation\":1363021.1,\"Guesthouse\":1620710.76,\"Homestay\":1977090.07,\"TwoStar\":1949676.28,\"ThreeStar\":2454090.07,\"FourStar\":3205228,\"FiveStar\":3874124.55},{\"vehicle\":\"Medium Bus\",\"user\":30,\"wnaCost\":388333.33,\"mealCostPerPerson\":80000,\"WithoutAccomodation\":1331225.73,\"Guesthouse\":1569725.73,\"Homestay\":1946025.73,\"TwoStar\":1887725.73,\"ThreeStar\":2364725.73,\"FourStar\":3080225.73,\"FiveStar\":3716225.73},{\"vehicle\":\"Big Bus HD\",\"user\":31,\"wnaCost\":387903.23,\"mealCostPerPerson\":96774.19,\"WithoutAccomodation\":1485442.97,\"Guesthouse\":1741894.58,\"Homestay\":2136830.06,\"TwoStar\":2070152.65,\"ThreeStar\":2572797.81,\"FourStar\":3321636.52,\"FiveStar\":3988410.71},{\"vehicle\":\"Big Bus HD\",\"user\":32,\"wnaCost\":387500,\"mealCostPerPerson\":93750,\"WithoutAccomodation\":1451146.63,\"Guesthouse\":1689646.63,\"Homestay\":2087146.63,\"TwoStar\":2007646.63,\"ThreeStar\":2484646.63,\"FourStar\":3200146.63,\"FiveStar\":3836146.63},{\"vehicle\":\"Big Bus HD\",\"user\":33,\"wnaCost\":388636.36,\"mealCostPerPerson\":90909.09,\"WithoutAccomodation\":1454262.18,\"Guesthouse\":1709625.82,\"Homestay\":2070989.45,\"TwoStar\":2037262.18,\"ThreeStar\":2538353.09,\"FourStar\":3285171.27,\"FiveStar\":3950080.36},{\"vehicle\":\"Big Bus HD\",\"user\":34,\"wnaCost\":388235.29,\"mealCostPerPerson\":88235.29,\"WithoutAccomodation\":1422900.35,\"Guesthouse\":1661400.35,\"Homestay\":2040194.47,\"TwoStar\":1979400.35,\"ThreeStar\":2456400.35,\"FourStar\":3171900.35,\"FiveStar\":3807900.35},{\"vehicle\":\"Big Bus HD\",\"user\":35,\"wnaCost\":387857.14,\"mealCostPerPerson\":85714.29,\"WithoutAccomodation\":1411502.06,\"Guesthouse\":1665902.06,\"Homestay\":2061130.63,\"TwoStar\":1992987.77,\"ThreeStar\":2492702.06,\"FourStar\":3237730.63,\"FiveStar\":3900987.77},{\"vehicle\":\"Big Bus HD\",\"user\":36,\"wnaCost\":387500,\"mealCostPerPerson\":83333.33,\"WithoutAccomodation\":1383070.33,\"Guesthouse\":1621570.33,\"Homestay\":2019070.33,\"TwoStar\":1939570.33,\"ThreeStar\":2416570.33,\"FourStar\":3132070.33,\"FiveStar\":3768070.33},{\"vehicle\":\"Big Bus HD\",\"user\":37,\"wnaCost\":388513.51,\"mealCostPerPerson\":81081.08,\"WithoutAccomodation\":1387688.97,\"Guesthouse\":1641229.51,\"Homestay\":2006499.78,\"TwoStar\":1967824.11,\"ThreeStar\":2466310.59,\"FourStar\":3209743.03,\"FiveStar\":3871526.81},{\"vehicle\":\"Big Bus HD\",\"user\":38,\"wnaCost\":388157.89,\"mealCostPerPerson\":78947.37,\"WithoutAccomodation\":1361380.32,\"Guesthouse\":1599880.32,\"Homestay\":1980643.47,\"TwoStar\":1917880.32,\"ThreeStar\":2394880.32,\"FourStar\":3110380.32,\"FiveStar\":3746380.32},{\"vehicle\":\"Big Bus HD\",\"user\":39,\"wnaCost\":387820.51,\"mealCostPerPerson\":76923.08,\"WithoutAccomodation\":1352728.51,\"Guesthouse\":1605497.74,\"Homestay\":2000959.28,\"TwoStar\":1931651.59,\"ThreeStar\":2429036.21,\"FourStar\":3171036.21,\"FiveStar\":3831497.74},{\"vehicle\":\"Big Bus HD\",\"user\":40,\"wnaCost\":387500,\"mealCostPerPerson\":75000,\"WithoutAccomodation\":1328609.3,\"Guesthouse\":1567109.3,\"Homestay\":1964609.3,\"TwoStar\":1885109.3,\"ThreeStar\":2362109.3,\"FourStar\":3077609.3,\"FiveStar\":3713609.3},{\"vehicle\":\"Big Bus HD\",\"user\":41,\"wnaCost\":388414.63,\"mealCostPerPerson\":87804.88,\"WithoutAccomodation\":1349617.85,\"Guesthouse\":1601691.02,\"Homestay\":1970105.66,\"TwoStar\":1927447.12,\"ThreeStar\":2423837.37,\"FourStar\":3164544.68,\"FiveStar\":3823812.98},{\"vehicle\":\"Big Bus HD\",\"user\":42,\"wnaCost\":388095.24,\"mealCostPerPerson\":85714.29,\"WithoutAccomodation\":1326721.24,\"Guesthouse\":1565221.24,\"Homestay\":1947578.38,\"TwoStar\":1883221.24,\"ThreeStar\":2360221.24,\"FourStar\":3075721.24,\"FiveStar\":3711721.24},{\"vehicle\":\"Big Bus HD\",\"user\":43,\"wnaCost\":387790.7,\"mealCostPerPerson\":83720.93,\"WithoutAccomodation\":1319680.28,\"Guesthouse\":1571122.14,\"Homestay\":1966773.3,\"TwoStar\":1896517.49,\"ThreeStar\":2392005.86,\"FourStar\":3131540.74,\"FiveStar\":3789726.79},{\"vehicle\":\"Big Bus HD\",\"user\":44,\"wnaCost\":387500,\"mealCostPerPerson\":81818.18,\"WithoutAccomodation\":1298504.82,\"Guesthouse\":1537004.82,\"Homestay\":1934504.82,\"TwoStar\":1855004.82,\"ThreeStar\":2332004.82,\"FourStar\":3047504.82,\"FiveStar\":3683504.82},{\"vehicle\":\"Big Bus HD\",\"user\":45,\"wnaCost\":388333.33,\"mealCostPerPerson\":80000,\"WithoutAccomodation\":1304181.6,\"Guesthouse\":1555048.27,\"Homestay\":1926048.27,\"TwoStar\":1880114.93,\"ThreeStar\":2374781.6,\"FourStar\":3113248.27,\"FiveStar\":3770448.27},{\"vehicle\":\"Big Bus SHD\",\"user\":46,\"wnaCost\":388043.48,\"mealCostPerPerson\":78260.87,\"WithoutAccomodation\":1348785.48,\"Guesthouse\":1587285.48,\"Homestay\":1970959.39,\"TwoStar\":1905285.48,\"ThreeStar\":2382285.48,\"FourStar\":3097785.48,\"FiveStar\":3733785.48},{\"vehicle\":\"Big Bus SHD\",\"user\":47,\"wnaCost\":387765.96,\"mealCostPerPerson\":76595.74,\"WithoutAccomodation\":1341874.3,\"Guesthouse\":1592214.72,\"Homestay\":1988023.23,\"TwoStar\":1916980.68,\"ThreeStar\":2410895.57,\"FourStar\":3148384.94,\"FiveStar\":3804682.81},{\"vehicle\":\"Big Bus SHD\",\"user\":48,\"wnaCost\":387500,\"mealCostPerPerson\":75000,\"WithoutAccomodation\":1322001.08,\"Guesthouse\":1560501.08,\"Homestay\":1958001.08,\"TwoStar\":1878501.08,\"ThreeStar\":2355501.08,\"FourStar\":3071001.08,\"FiveStar\":3707001.08},{\"vehicle\":\"Big Bus SHD\",\"user\":49,\"wnaCost\":388265.31,\"mealCostPerPerson\":73469.39,\"WithoutAccomodation\":1326734.94,\"Guesthouse\":1576592.08,\"Homestay\":1949755.35,\"TwoStar\":1901081.88,\"ThreeStar\":2394306.37,\"FourStar\":3130898.2,\"FiveStar\":3786367.59},{\"vehicle\":\"Big Bus SHD\",\"user\":50,\"wnaCost\":388000,\"mealCostPerPerson\":72000,\"WithoutAccomodation\":1307959.44,\"Guesthouse\":1546459.44,\"Homestay\":1931239.44,\"TwoStar\":1864459.44,\"ThreeStar\":2341459.44,\"FourStar\":3056959.44,\"FiveStar\":3692959.44},{\"vehicle\":\"Big Bus SHD\",\"user\":51,\"wnaCost\":387745.1,\"mealCostPerPerson\":70588.24,\"WithoutAccomodation\":1302390.82,\"Guesthouse\":1551802.59,\"Homestay\":1947743.76,\"TwoStar\":1876037.88,\"ThreeStar\":2368626.12,\"FourStar\":3104390.82,\"FiveStar\":3759096.71},{\"vehicle\":\"Big Bus SHD\",\"user\":52,\"wnaCost\":387500,\"mealCostPerPerson\":69230.77,\"WithoutAccomodation\":1284805.62,\"Guesthouse\":1523305.62,\"Homestay\":1920805.62,\"TwoStar\":1841305.62,\"ThreeStar\":2318305.62,\"FourStar\":3033805.62,\"FiveStar\":3669805.62},{\"vehicle\":\"Big Bus SHD\",\"user\":53,\"wnaCost\":388207.55,\"mealCostPerPerson\":67924.53,\"WithoutAccomodation\":1289884,\"Guesthouse\":1538884,\"Homestay\":1913884,\"TwoStar\":1862884,\"ThreeStar\":2354884,\"FourStar\":3089884,\"FiveStar\":3743884},{\"vehicle\":\"Big Bus SHD\",\"user\":54,\"wnaCost\":387962.96,\"mealCostPerPerson\":66666.67,\"WithoutAccomodation\":1273181.7,\"Guesthouse\":1511681.7,\"Homestay\":1897403.93,\"TwoStar\":1829681.7,\"ThreeStar\":2306681.7,\"FourStar\":3022181.7,\"FiveStar\":3658181.7},{\"vehicle\":\"Big Bus SHD\",\"user\":55,\"wnaCost\":387727.27,\"mealCostPerPerson\":65454.55,\"WithoutAccomodation\":1268650.4,\"Guesthouse\":1517268.58,\"Homestay\":1913323.13,\"TwoStar\":1841050.4,\"ThreeStar\":2332504.95,\"FourStar\":3066795.85,\"FiveStar\":3720141.31}]}]', '2025-02-09 21:13:40', '2025-02-09 21:40:30');

-- --------------------------------------------------------

--
-- Table structure for table `package_one_days`
--

CREATE TABLE `package_one_days` (
  `id` bigint(20) UNSIGNED NOT NULL,
  `name_package` varchar(255) DEFAULT NULL,
  `regency_id` int(11) DEFAULT NULL,
  `facility_id` int(11) DEFAULT NULL,
  `agen_id` int(11) DEFAULT NULL,
  `status` tinyint(1) NOT NULL DEFAULT 1,
  `information` varchar(255) DEFAULT NULL,
  `created_at` timestamp NULL DEFAULT NULL,
  `updated_at` timestamp NULL DEFAULT NULL
) ENGINE=InnoDB DEFAULT CHARSET=utf8mb4 COLLATE=utf8mb4_unicode_ci;

--
-- Dumping data for table `package_one_days`
--

INSERT INTO `package_one_days` (`id`, `name_package`, `regency_id`, `facility_id`, `agen_id`, `status`, `information`, `created_at`, `updated_at`) VALUES
(29, 'New Oneday #A', 3471, NULL, 6, 1, '<p><span style=\"background-color: rgb(47, 51, 73); color: rgb(172, 171, 193);\">Free Guide, Dokumetasi Foto dan Video untuk jumlah peserta mulai dari 20 orang</span></p>', '2025-02-07 02:11:07', '2025-03-05 23:42:57'),
(30, 'ONEDAY H', 3471, NULL, 6, 1, '<p><span style=\"background-color: rgb(255, 255, 255); color: rgb(109, 107, 119);\">Free Guide, Dokumetasi Foto dan Video untuk jumlah peserta mulai dari 20 orang</span></p>', '2025-02-26 01:51:05', '2025-02-26 01:51:05'),
(31, 'Batu Oneday #1', 3579, NULL, 6, 1, '<p><span style=\"background-color: rgb(47, 51, 73); color: rgb(172, 171, 193);\">Free Guide, Dokumetasi Foto dan Video untuk jumlah peserta mulai dari 20 orang</span></p>', '2025-03-01 23:17:41', '2025-03-01 23:17:41'),
(32, 'Batu Oneday #2', 3579, NULL, 6, 1, '<p><span style=\"background-color: rgb(47, 51, 73); color: rgb(172, 171, 193);\">Free Guide, Dokumetasi Foto dan Video untuk jumlah peserta mulai dari 20 orang</span></p>', '2025-03-01 23:20:18', '2025-03-01 23:20:18'),
(33, 'Batu oneday #3', 3579, NULL, 6, 1, '<p><span style=\"background-color: rgb(47, 51, 73); color: rgb(172, 171, 193);\">Free Guide, Dokumetasi Foto dan Video untuk jumlah peserta mulai dari 20 orang</span></p>', '2025-03-02 00:30:10', '2025-03-02 00:30:10'),
(34, 'Batu Oneday #4', 3579, NULL, 6, 1, '<p><span style=\"background-color: rgb(47, 51, 73); color: rgb(172, 171, 193);\">Free Guide, Dokumetasi Foto dan Video untuk jumlah peserta mulai dari 20 orang</span></p>', '2025-03-02 00:40:12', '2025-03-02 00:40:12');

-- --------------------------------------------------------

--
-- Table structure for table `package_prices`
--

CREATE TABLE `package_prices` (
  `id` bigint(20) UNSIGNED NOT NULL,
  `package_one_day_id` int(11) NOT NULL,
  `price_data` longtext CHARACTER SET utf8mb4 COLLATE utf8mb4_bin DEFAULT NULL CHECK (json_valid(`price_data`)),
  `created_at` timestamp NULL DEFAULT NULL,
  `updated_at` timestamp NULL DEFAULT NULL
) ENGINE=InnoDB DEFAULT CHARSET=utf8mb4 COLLATE=utf8mb4_unicode_ci;

--
-- Dumping data for table `package_prices`
--

INSERT INTO `package_prices` (`id`, `package_one_day_id`, `price_data`, `created_at`, `updated_at`) VALUES
(27, 29, '[{\"vehicle\":\"Avanza\",\"user\":1,\"price\":1143720,\"nomeal\":1088720,\"wnaCost\":65000},{\"vehicle\":\"Avanza\",\"user\":2,\"price\":710640,\"nomeal\":655640,\"wnaCost\":65000},{\"vehicle\":\"Avanza\",\"user\":3,\"price\":566280,\"nomeal\":511280,\"wnaCost\":65000},{\"vehicle\":\"Avanza\",\"user\":4,\"price\":494100,\"nomeal\":439100,\"wnaCost\":65000},{\"vehicle\":\"Avanza\",\"user\":5,\"price\":450792,\"nomeal\":395792,\"wnaCost\":65000},{\"vehicle\":\"Innova\",\"user\":6,\"price\":457920,\"nomeal\":402920,\"wnaCost\":65000},{\"vehicle\":\"Hiace Commuter\",\"user\":7,\"price\":559440,\"nomeal\":504440,\"wnaCost\":65000},{\"vehicle\":\"Hiace Commuter\",\"user\":8,\"price\":524205,\"nomeal\":469205,\"wnaCost\":65000},{\"vehicle\":\"Hiace Commuter\",\"user\":9,\"price\":496800,\"nomeal\":441800,\"wnaCost\":65000},{\"vehicle\":\"Hiace Commuter\",\"user\":10,\"price\":474876,\"nomeal\":419876,\"wnaCost\":65000},{\"vehicle\":\"Hiace Commuter\",\"user\":11,\"price\":456938.18,\"nomeal\":401938.18,\"wnaCost\":65000},{\"vehicle\":\"Hiace Commuter\",\"user\":12,\"price\":441990,\"nomeal\":386990,\"wnaCost\":65000},{\"vehicle\":\"Elf Giga\",\"user\":13,\"price\":442218.46,\"nomeal\":387218.46,\"wnaCost\":65000},{\"vehicle\":\"Elf Giga\",\"user\":14,\"price\":430457.14,\"nomeal\":375457.14,\"wnaCost\":65000},{\"vehicle\":\"Elf Giga\",\"user\":15,\"price\":420264,\"nomeal\":365264,\"wnaCost\":65000},{\"vehicle\":\"Elf Giga\",\"user\":16,\"price\":411345,\"nomeal\":356345,\"wnaCost\":65000},{\"vehicle\":\"Elf Giga\",\"user\":17,\"price\":403475.29,\"nomeal\":348475.29,\"wnaCost\":65000},{\"vehicle\":\"Medium Bus\",\"user\":18,\"price\":453480,\"nomeal\":398480,\"wnaCost\":65000},{\"vehicle\":\"Medium Bus\",\"user\":19,\"price\":447347.37,\"nomeal\":392347.37,\"wnaCost\":65000},{\"vehicle\":\"Medium Bus\",\"user\":20,\"price\":560358,\"nomeal\":505358,\"wnaCost\":65000},{\"vehicle\":\"Medium Bus\",\"user\":21,\"price\":546891.43,\"nomeal\":491891.43,\"wnaCost\":65000},{\"vehicle\":\"Medium Bus\",\"user\":22,\"price\":534649.09,\"nomeal\":479649.09,\"wnaCost\":65000},{\"vehicle\":\"Medium Bus\",\"user\":23,\"price\":523471.3,\"nomeal\":468471.3,\"wnaCost\":65000},{\"vehicle\":\"Medium Bus\",\"user\":24,\"price\":513225,\"nomeal\":458225,\"wnaCost\":65000},{\"vehicle\":\"Medium Bus\",\"user\":25,\"price\":503798.4,\"nomeal\":448798.4,\"wnaCost\":65000},{\"vehicle\":\"Medium Bus\",\"user\":26,\"price\":484296.92,\"nomeal\":429296.92,\"wnaCost\":65000},{\"vehicle\":\"Medium Bus\",\"user\":27,\"price\":476240,\"nomeal\":421240,\"wnaCost\":65000},{\"vehicle\":\"Medium Bus\",\"user\":28,\"price\":468758.57,\"nomeal\":413758.57,\"wnaCost\":65000},{\"vehicle\":\"Medium Bus\",\"user\":29,\"price\":461793.1,\"nomeal\":406793.1,\"wnaCost\":65000},{\"vehicle\":\"Medium Bus\",\"user\":30,\"price\":455292,\"nomeal\":400292,\"wnaCost\":65000},{\"vehicle\":\"Big Bus HD\",\"user\":31,\"price\":508610.32,\"nomeal\":453610.32,\"wnaCost\":65000},{\"vehicle\":\"Big Bus HD\",\"user\":32,\"price\":501052.5,\"nomeal\":446052.5,\"wnaCost\":65000},{\"vehicle\":\"Big Bus HD\",\"user\":33,\"price\":493952.73,\"nomeal\":438952.73,\"wnaCost\":65000},{\"vehicle\":\"Big Bus HD\",\"user\":34,\"price\":487270.59,\"nomeal\":432270.59,\"wnaCost\":65000},{\"vehicle\":\"Big Bus HD\",\"user\":35,\"price\":480970.29,\"nomeal\":425970.29,\"wnaCost\":65000},{\"vehicle\":\"Big Bus HD\",\"user\":36,\"price\":475020,\"nomeal\":420020,\"wnaCost\":65000},{\"vehicle\":\"Big Bus HD\",\"user\":37,\"price\":469391.35,\"nomeal\":414391.35,\"wnaCost\":65000},{\"vehicle\":\"Big Bus HD\",\"user\":38,\"price\":464058.95,\"nomeal\":409058.95,\"wnaCost\":65000},{\"vehicle\":\"Big Bus HD\",\"user\":39,\"price\":459000,\"nomeal\":404000,\"wnaCost\":65000},{\"vehicle\":\"Big Bus HD\",\"user\":40,\"price\":454194,\"nomeal\":399194,\"wnaCost\":65000},{\"vehicle\":\"Big Bus HD\",\"user\":41,\"price\":451071.22,\"nomeal\":396071.22,\"wnaCost\":65000},{\"vehicle\":\"Big Bus HD\",\"user\":42,\"price\":446682.86,\"nomeal\":391682.86,\"wnaCost\":65000},{\"vehicle\":\"Big Bus HD\",\"user\":43,\"price\":442498.6,\"nomeal\":387498.6,\"wnaCost\":65000},{\"vehicle\":\"Big Bus HD\",\"user\":44,\"price\":438504.55,\"nomeal\":383504.55,\"wnaCost\":65000},{\"vehicle\":\"Big Bus HD\",\"user\":45,\"price\":434688,\"nomeal\":379688,\"wnaCost\":65000},{\"vehicle\":\"Big Bus SHD\",\"user\":46,\"price\":447472.17,\"nomeal\":392472.17,\"wnaCost\":65000},{\"vehicle\":\"Big Bus SHD\",\"user\":47,\"price\":443627.23,\"nomeal\":388627.23,\"wnaCost\":65000},{\"vehicle\":\"Big Bus SHD\",\"user\":48,\"price\":439942.5,\"nomeal\":384942.5,\"wnaCost\":65000},{\"vehicle\":\"Big Bus SHD\",\"user\":49,\"price\":436408.16,\"nomeal\":381408.16,\"wnaCost\":65000},{\"vehicle\":\"Big Bus SHD\",\"user\":50,\"price\":433015.2,\"nomeal\":378015.2,\"wnaCost\":65000},{\"vehicle\":\"Big Bus SHD\",\"user\":51,\"price\":429755.29,\"nomeal\":374755.29,\"wnaCost\":65000},{\"vehicle\":\"Big Bus SHD\",\"user\":52,\"price\":426620.77,\"nomeal\":371620.77,\"wnaCost\":65000},{\"vehicle\":\"Big Bus SHD\",\"user\":53,\"price\":423604.53,\"nomeal\":368604.53,\"wnaCost\":65000},{\"vehicle\":\"Big Bus SHD\",\"user\":54,\"price\":420700,\"nomeal\":365700,\"wnaCost\":65000},{\"vehicle\":\"Big Bus SHD\",\"user\":55,\"price\":417901.09,\"nomeal\":362901.09,\"wnaCost\":65000}]', '2025-02-07 02:11:08', '2025-03-05 23:42:57'),
(28, 30, '[{\"vehicle\":\"Avanza\",\"user\":1,\"price\":1693872,\"nomeal\":1638872,\"wnaCost\":390000},{\"vehicle\":\"Avanza\",\"user\":2,\"price\":1017576,\"nomeal\":962576,\"wnaCost\":365000},{\"vehicle\":\"Avanza\",\"user\":3,\"price\":792144,\"nomeal\":737144,\"wnaCost\":356666.6666666667},{\"vehicle\":\"Avanza\",\"user\":4,\"price\":679428,\"nomeal\":624428,\"wnaCost\":352500},{\"vehicle\":\"Avanza\",\"user\":5,\"price\":708998.4,\"nomeal\":653998.4,\"wnaCost\":360000},{\"vehicle\":\"Innova\",\"user\":6,\"price\":683712,\"nomeal\":628712,\"wnaCost\":356666.6666666667},{\"vehicle\":\"Hiace Commuter\",\"user\":7,\"price\":759764.57,\"nomeal\":704764.57,\"wnaCost\":354285.71428571426},{\"vehicle\":\"Hiace Commuter\",\"user\":8,\"price\":707454,\"nomeal\":652454,\"wnaCost\":352500},{\"vehicle\":\"Hiace Commuter\",\"user\":9,\"price\":720768,\"nomeal\":665768,\"wnaCost\":356666.6666666667},{\"vehicle\":\"Hiace Commuter\",\"user\":10,\"price\":682819.2,\"nomeal\":627819.2,\"wnaCost\":355000},{\"vehicle\":\"Hiace Commuter\",\"user\":11,\"price\":651770.18,\"nomeal\":596770.18,\"wnaCost\":353636.36363636365},{\"vehicle\":\"Hiace Commuter\",\"user\":12,\"price\":625896,\"nomeal\":570896,\"wnaCost\":352500},{\"vehicle\":\"Elf Giga\",\"user\":13,\"price\":654264,\"nomeal\":599264,\"wnaCost\":355384.6153846154},{\"vehicle\":\"Elf Giga\",\"user\":14,\"price\":631908,\"nomeal\":576908,\"wnaCost\":354285.71428571426},{\"vehicle\":\"Elf Giga\",\"user\":15,\"price\":612532.8,\"nomeal\":557532.8,\"wnaCost\":353333.3333333333},{\"vehicle\":\"Elf Giga\",\"user\":16,\"price\":595579.5,\"nomeal\":540579.5,\"wnaCost\":352500},{\"vehicle\":\"Elf Giga\",\"user\":17,\"price\":609208.94,\"nomeal\":554208.94,\"wnaCost\":354705.8823529412},{\"vehicle\":\"Medium Bus\",\"user\":18,\"price\":650724,\"nomeal\":595724,\"wnaCost\":353888.8888888889},{\"vehicle\":\"Medium Bus\",\"user\":19,\"price\":637563.79,\"nomeal\":582563.79,\"wnaCost\":353157.8947368421},{\"vehicle\":\"Medium Bus\",\"user\":20,\"price\":744249.6,\"nomeal\":689249.6,\"wnaCost\":352500},{\"vehicle\":\"Medium Bus\",\"user\":21,\"price\":748203.43,\"nomeal\":693203.43,\"wnaCost\":354285.71428571426},{\"vehicle\":\"Medium Bus\",\"user\":22,\"price\":729706.91,\"nomeal\":674706.91,\"wnaCost\":353636.36363636365},{\"vehicle\":\"Medium Bus\",\"user\":23,\"price\":712818.78,\"nomeal\":657818.78,\"wnaCost\":353043.47826086957},{\"vehicle\":\"Medium Bus\",\"user\":24,\"price\":697338,\"nomeal\":642338,\"wnaCost\":352500},{\"vehicle\":\"Medium Bus\",\"user\":25,\"price\":702535.68,\"nomeal\":647535.68,\"wnaCost\":354000},{\"vehicle\":\"Medium Bus\",\"user\":26,\"price\":677841.23,\"nomeal\":622841.23,\"wnaCost\":353461.53846153844},{\"vehicle\":\"Medium Bus\",\"user\":27,\"price\":664976,\"nomeal\":609976,\"wnaCost\":352962.962962963},{\"vehicle\":\"Medium Bus\",\"user\":28,\"price\":653029.71,\"nomeal\":598029.71,\"wnaCost\":352500},{\"vehicle\":\"Medium Bus\",\"user\":29,\"price\":658665.93,\"nomeal\":603665.93,\"wnaCost\":353793.1034482759},{\"vehicle\":\"Medium Bus\",\"user\":30,\"price\":647726.4,\"nomeal\":592726.4,\"wnaCost\":353333.3333333333},{\"vehicle\":\"Big Bus HD\",\"user\":31,\"price\":696892.65,\"nomeal\":641892.65,\"wnaCost\":352903.22580645164},{\"vehicle\":\"Big Bus HD\",\"user\":32,\"price\":685442.25,\"nomeal\":630442.25,\"wnaCost\":352500},{\"vehicle\":\"Big Bus HD\",\"user\":33,\"price\":689413.09,\"nomeal\":634413.09,\"wnaCost\":353636.36363636365},{\"vehicle\":\"Big Bus HD\",\"user\":34,\"price\":678856.24,\"nomeal\":623856.24,\"wnaCost\":353235.29411764705},{\"vehicle\":\"Big Bus HD\",\"user\":35,\"price\":668902.63,\"nomeal\":613902.63,\"wnaCost\":352857.14285714284},{\"vehicle\":\"Big Bus HD\",\"user\":36,\"price\":659502,\"nomeal\":604502,\"wnaCost\":352500},{\"vehicle\":\"Big Bus HD\",\"user\":37,\"price\":663744.65,\"nomeal\":608744.65,\"wnaCost\":353513.5135135135},{\"vehicle\":\"Big Bus HD\",\"user\":38,\"price\":654974.53,\"nomeal\":599974.53,\"wnaCost\":353157.8947368421},{\"vehicle\":\"Big Bus HD\",\"user\":39,\"price\":646654.15,\"nomeal\":591654.15,\"wnaCost\":352820.5128205128},{\"vehicle\":\"Big Bus HD\",\"user\":40,\"price\":638749.8,\"nomeal\":583749.8,\"wnaCost\":352500},{\"vehicle\":\"Big Bus HD\",\"user\":41,\"price\":644533.46,\"nomeal\":589533.46,\"wnaCost\":353414.6341463415},{\"vehicle\":\"Big Bus HD\",\"user\":42,\"price\":637056,\"nomeal\":582056,\"wnaCost\":353095.2380952381},{\"vehicle\":\"Big Bus HD\",\"user\":43,\"price\":629926.33,\"nomeal\":574926.33,\"wnaCost\":352790.6976744186},{\"vehicle\":\"Big Bus HD\",\"user\":44,\"price\":623120.73,\"nomeal\":568120.73,\"wnaCost\":352500},{\"vehicle\":\"Big Bus HD\",\"user\":45,\"price\":627417.6,\"nomeal\":572417.6,\"wnaCost\":353333.3333333333},{\"vehicle\":\"Big Bus SHD\",\"user\":46,\"price\":637397.22,\"nomeal\":582397.22,\"wnaCost\":353043.47826086957},{\"vehicle\":\"Big Bus SHD\",\"user\":47,\"price\":630867.06,\"nomeal\":575867.06,\"wnaCost\":352765.9574468085},{\"vehicle\":\"Big Bus SHD\",\"user\":48,\"price\":624609,\"nomeal\":569609,\"wnaCost\":352500},{\"vehicle\":\"Big Bus SHD\",\"user\":49,\"price\":628524.73,\"nomeal\":573524.73,\"wnaCost\":353265.306122449},{\"vehicle\":\"Big Bus SHD\",\"user\":50,\"price\":622563.84,\"nomeal\":567563.84,\"wnaCost\":353000},{\"vehicle\":\"Big Bus SHD\",\"user\":51,\"price\":616836.71,\"nomeal\":561836.71,\"wnaCost\":352745.09803921566},{\"vehicle\":\"Big Bus SHD\",\"user\":52,\"price\":611329.85,\"nomeal\":556329.85,\"wnaCost\":352500},{\"vehicle\":\"Big Bus SHD\",\"user\":53,\"price\":615200.6,\"nomeal\":560200.6,\"wnaCost\":353207.5471698113},{\"vehicle\":\"Big Bus SHD\",\"user\":54,\"price\":609928,\"nomeal\":554928,\"wnaCost\":352962.962962963},{\"vehicle\":\"Big Bus SHD\",\"user\":55,\"price\":604847.13,\"nomeal\":549847.13,\"wnaCost\":352727.2727272727}]', '2025-02-26 01:51:07', '2025-02-26 01:51:07'),
(29, 31, '[{\"vehicle\":\"Avanza\",\"user\":1,\"price\":1269000,\"nomeal\":1214000,\"wnaCost\":190000},{\"vehicle\":\"Avanza\",\"user\":2,\"price\":823500,\"nomeal\":768500,\"wnaCost\":190000},{\"vehicle\":\"Avanza\",\"user\":3,\"price\":675000,\"nomeal\":620000,\"wnaCost\":190000},{\"vehicle\":\"Avanza\",\"user\":4,\"price\":600750,\"nomeal\":545750,\"wnaCost\":190000},{\"vehicle\":\"Avanza\",\"user\":5,\"price\":556200,\"nomeal\":501200,\"wnaCost\":190000},{\"vehicle\":\"Innova\",\"user\":6,\"price\":562500,\"nomeal\":507500,\"wnaCost\":190000},{\"vehicle\":\"Hiace Commuter\",\"user\":7,\"price\":641828.57,\"nomeal\":586828.57,\"wnaCost\":190000},{\"vehicle\":\"Hiace Commuter\",\"user\":8,\"price\":608850,\"nomeal\":553850,\"wnaCost\":190000},{\"vehicle\":\"Hiace Commuter\",\"user\":9,\"price\":583200,\"nomeal\":528200,\"wnaCost\":190000},{\"vehicle\":\"Hiace Commuter\",\"user\":10,\"price\":562680,\"nomeal\":507680,\"wnaCost\":190000},{\"vehicle\":\"Hiace Commuter\",\"user\":11,\"price\":545890.91,\"nomeal\":490890.91,\"wnaCost\":190000},{\"vehicle\":\"Hiace Commuter\",\"user\":12,\"price\":531900,\"nomeal\":476900,\"wnaCost\":190000},{\"vehicle\":\"Elf Giga\",\"user\":13,\"price\":541246.15,\"nomeal\":486246.15,\"wnaCost\":190000},{\"vehicle\":\"Elf Giga\",\"user\":14,\"price\":529585.71,\"nomeal\":474585.71,\"wnaCost\":190000},{\"vehicle\":\"Elf Giga\",\"user\":15,\"price\":519480,\"nomeal\":464480,\"wnaCost\":190000},{\"vehicle\":\"Elf Giga\",\"user\":16,\"price\":510637.5,\"nomeal\":455637.5,\"wnaCost\":190000},{\"vehicle\":\"Elf Giga\",\"user\":17,\"price\":502835.29,\"nomeal\":447835.29,\"wnaCost\":190000},{\"vehicle\":\"Medium Bus\",\"user\":18,\"price\":555900,\"nomeal\":500900,\"wnaCost\":190000},{\"vehicle\":\"Medium Bus\",\"user\":19,\"price\":549663.16,\"nomeal\":494663.16,\"wnaCost\":190000},{\"vehicle\":\"Medium Bus\",\"user\":20,\"price\":541080,\"nomeal\":486080,\"wnaCost\":190000},{\"vehicle\":\"Medium Bus\",\"user\":21,\"price\":533314.29,\"nomeal\":478314.29,\"wnaCost\":190000},{\"vehicle\":\"Medium Bus\",\"user\":22,\"price\":526254.55,\"nomeal\":471254.55,\"wnaCost\":190000},{\"vehicle\":\"Medium Bus\",\"user\":23,\"price\":519808.7,\"nomeal\":464808.7,\"wnaCost\":190000},{\"vehicle\":\"Medium Bus\",\"user\":24,\"price\":513900,\"nomeal\":458900,\"wnaCost\":190000},{\"vehicle\":\"Medium Bus\",\"user\":25,\"price\":508464,\"nomeal\":453464,\"wnaCost\":190000},{\"vehicle\":\"Medium Bus\",\"user\":26,\"price\":492646.15,\"nomeal\":437646.15,\"wnaCost\":190000},{\"vehicle\":\"Medium Bus\",\"user\":27,\"price\":488000,\"nomeal\":433000,\"wnaCost\":190000},{\"vehicle\":\"Medium Bus\",\"user\":28,\"price\":483685.71,\"nomeal\":428685.71,\"wnaCost\":190000},{\"vehicle\":\"Medium Bus\",\"user\":29,\"price\":479668.97,\"nomeal\":424668.97,\"wnaCost\":190000},{\"vehicle\":\"Medium Bus\",\"user\":30,\"price\":475920,\"nomeal\":420920,\"wnaCost\":190000},{\"vehicle\":\"Big Bus HD\",\"user\":31,\"price\":516135.48,\"nomeal\":461135.48,\"wnaCost\":190000},{\"vehicle\":\"Big Bus HD\",\"user\":32,\"price\":511481.25,\"nomeal\":456481.25,\"wnaCost\":190000},{\"vehicle\":\"Big Bus HD\",\"user\":33,\"price\":507109.09,\"nomeal\":452109.09,\"wnaCost\":190000},{\"vehicle\":\"Big Bus HD\",\"user\":34,\"price\":502994.12,\"nomeal\":447994.12,\"wnaCost\":190000},{\"vehicle\":\"Big Bus HD\",\"user\":35,\"price\":499114.29,\"nomeal\":444114.29,\"wnaCost\":190000},{\"vehicle\":\"Big Bus HD\",\"user\":36,\"price\":495450,\"nomeal\":440450,\"wnaCost\":190000},{\"vehicle\":\"Big Bus HD\",\"user\":37,\"price\":491983.78,\"nomeal\":436983.78,\"wnaCost\":190000},{\"vehicle\":\"Big Bus HD\",\"user\":38,\"price\":488700,\"nomeal\":433700,\"wnaCost\":190000},{\"vehicle\":\"Big Bus HD\",\"user\":39,\"price\":485584.62,\"nomeal\":430584.62,\"wnaCost\":190000},{\"vehicle\":\"Big Bus HD\",\"user\":40,\"price\":482625,\"nomeal\":427625,\"wnaCost\":190000},{\"vehicle\":\"Big Bus HD\",\"user\":41,\"price\":481258.54,\"nomeal\":426258.54,\"wnaCost\":190000},{\"vehicle\":\"Big Bus HD\",\"user\":42,\"price\":478542.86,\"nomeal\":423542.86,\"wnaCost\":190000},{\"vehicle\":\"Big Bus HD\",\"user\":43,\"price\":475953.49,\"nomeal\":420953.49,\"wnaCost\":190000},{\"vehicle\":\"Big Bus HD\",\"user\":44,\"price\":473481.82,\"nomeal\":418481.82,\"wnaCost\":190000},{\"vehicle\":\"Big Bus HD\",\"user\":45,\"price\":471120,\"nomeal\":416120,\"wnaCost\":190000},{\"vehicle\":\"Big Bus SHD\",\"user\":46,\"price\":485295.65,\"nomeal\":430295.65,\"wnaCost\":190000},{\"vehicle\":\"Big Bus SHD\",\"user\":47,\"price\":482782.98,\"nomeal\":427782.98,\"wnaCost\":190000},{\"vehicle\":\"Big Bus SHD\",\"user\":48,\"price\":480375,\"nomeal\":425375,\"wnaCost\":190000},{\"vehicle\":\"Big Bus SHD\",\"user\":49,\"price\":478065.31,\"nomeal\":423065.31,\"wnaCost\":190000},{\"vehicle\":\"Big Bus SHD\",\"user\":50,\"price\":475848,\"nomeal\":420848,\"wnaCost\":190000},{\"vehicle\":\"Big Bus SHD\",\"user\":51,\"price\":473717.65,\"nomeal\":418717.65,\"wnaCost\":190000},{\"vehicle\":\"Big Bus SHD\",\"user\":52,\"price\":471669.23,\"nomeal\":416669.23,\"wnaCost\":190000},{\"vehicle\":\"Big Bus SHD\",\"user\":53,\"price\":469698.11,\"nomeal\":414698.11,\"wnaCost\":190000},{\"vehicle\":\"Big Bus SHD\",\"user\":54,\"price\":467800,\"nomeal\":412800,\"wnaCost\":190000},{\"vehicle\":\"Big Bus SHD\",\"user\":55,\"price\":465970.91,\"nomeal\":410970.91,\"wnaCost\":190000}]', '2025-03-01 23:17:42', '2025-03-01 23:17:42'),
(30, 32, '[{\"vehicle\":\"Avanza\",\"user\":1,\"price\":1366200,\"nomeal\":1311200,\"wnaCost\":300000},{\"vehicle\":\"Avanza\",\"user\":2,\"price\":920700,\"nomeal\":865700,\"wnaCost\":300000},{\"vehicle\":\"Avanza\",\"user\":3,\"price\":772200,\"nomeal\":717200,\"wnaCost\":300000},{\"vehicle\":\"Avanza\",\"user\":4,\"price\":697950,\"nomeal\":642950,\"wnaCost\":300000},{\"vehicle\":\"Avanza\",\"user\":5,\"price\":653400,\"nomeal\":598400,\"wnaCost\":300000},{\"vehicle\":\"Innova\",\"user\":6,\"price\":659700,\"nomeal\":604700,\"wnaCost\":300000},{\"vehicle\":\"Hiace Commuter\",\"user\":7,\"price\":738257.14,\"nomeal\":683257.14,\"wnaCost\":300000},{\"vehicle\":\"Hiace Commuter\",\"user\":8,\"price\":705375,\"nomeal\":650375,\"wnaCost\":300000},{\"vehicle\":\"Hiace Commuter\",\"user\":9,\"price\":679800,\"nomeal\":624800,\"wnaCost\":300000},{\"vehicle\":\"Hiace Commuter\",\"user\":10,\"price\":659340,\"nomeal\":604340,\"wnaCost\":300000},{\"vehicle\":\"Hiace Commuter\",\"user\":11,\"price\":642600,\"nomeal\":587600,\"wnaCost\":300000},{\"vehicle\":\"Hiace Commuter\",\"user\":12,\"price\":628650,\"nomeal\":573650,\"wnaCost\":300000},{\"vehicle\":\"Elf Giga\",\"user\":13,\"price\":638030.77,\"nomeal\":583030.77,\"wnaCost\":300000},{\"vehicle\":\"Elf Giga\",\"user\":14,\"price\":626400,\"nomeal\":571400,\"wnaCost\":300000},{\"vehicle\":\"Elf Giga\",\"user\":15,\"price\":616320,\"nomeal\":561320,\"wnaCost\":300000},{\"vehicle\":\"Elf Giga\",\"user\":16,\"price\":607500,\"nomeal\":552500,\"wnaCost\":300000},{\"vehicle\":\"Elf Giga\",\"user\":17,\"price\":599717.65,\"nomeal\":544717.65,\"wnaCost\":300000},{\"vehicle\":\"Medium Bus\",\"user\":18,\"price\":653100,\"nomeal\":598100,\"wnaCost\":300000},{\"vehicle\":\"Medium Bus\",\"user\":19,\"price\":646863.16,\"nomeal\":591863.16,\"wnaCost\":300000},{\"vehicle\":\"Medium Bus\",\"user\":20,\"price\":638280,\"nomeal\":583280,\"wnaCost\":300000},{\"vehicle\":\"Medium Bus\",\"user\":21,\"price\":630514.29,\"nomeal\":575514.29,\"wnaCost\":300000},{\"vehicle\":\"Medium Bus\",\"user\":22,\"price\":623454.55,\"nomeal\":568454.55,\"wnaCost\":300000},{\"vehicle\":\"Medium Bus\",\"user\":23,\"price\":617008.7,\"nomeal\":562008.7,\"wnaCost\":300000},{\"vehicle\":\"Medium Bus\",\"user\":24,\"price\":611100,\"nomeal\":556100,\"wnaCost\":300000},{\"vehicle\":\"Medium Bus\",\"user\":25,\"price\":605664,\"nomeal\":550664,\"wnaCost\":300000},{\"vehicle\":\"Medium Bus\",\"user\":26,\"price\":589846.15,\"nomeal\":534846.15,\"wnaCost\":300000},{\"vehicle\":\"Medium Bus\",\"user\":27,\"price\":585200,\"nomeal\":530200,\"wnaCost\":300000},{\"vehicle\":\"Medium Bus\",\"user\":28,\"price\":580885.71,\"nomeal\":525885.71,\"wnaCost\":300000},{\"vehicle\":\"Medium Bus\",\"user\":29,\"price\":576868.97,\"nomeal\":521868.97,\"wnaCost\":300000},{\"vehicle\":\"Medium Bus\",\"user\":30,\"price\":573120,\"nomeal\":518120,\"wnaCost\":300000},{\"vehicle\":\"Big Bus HD\",\"user\":31,\"price\":613335.48,\"nomeal\":558335.48,\"wnaCost\":300000},{\"vehicle\":\"Big Bus HD\",\"user\":32,\"price\":608681.25,\"nomeal\":553681.25,\"wnaCost\":300000},{\"vehicle\":\"Big Bus HD\",\"user\":33,\"price\":604309.09,\"nomeal\":549309.09,\"wnaCost\":300000},{\"vehicle\":\"Big Bus HD\",\"user\":34,\"price\":600194.12,\"nomeal\":545194.12,\"wnaCost\":300000},{\"vehicle\":\"Big Bus HD\",\"user\":35,\"price\":596314.29,\"nomeal\":541314.29,\"wnaCost\":300000},{\"vehicle\":\"Big Bus HD\",\"user\":36,\"price\":592650,\"nomeal\":537650,\"wnaCost\":300000},{\"vehicle\":\"Big Bus HD\",\"user\":37,\"price\":589183.78,\"nomeal\":534183.78,\"wnaCost\":300000},{\"vehicle\":\"Big Bus HD\",\"user\":38,\"price\":585900,\"nomeal\":530900,\"wnaCost\":300000},{\"vehicle\":\"Big Bus HD\",\"user\":39,\"price\":582784.62,\"nomeal\":527784.62,\"wnaCost\":300000},{\"vehicle\":\"Big Bus HD\",\"user\":40,\"price\":579825,\"nomeal\":524825,\"wnaCost\":300000},{\"vehicle\":\"Big Bus HD\",\"user\":41,\"price\":578458.54,\"nomeal\":523458.54,\"wnaCost\":300000},{\"vehicle\":\"Big Bus HD\",\"user\":42,\"price\":575742.86,\"nomeal\":520742.86,\"wnaCost\":300000},{\"vehicle\":\"Big Bus HD\",\"user\":43,\"price\":573153.49,\"nomeal\":518153.49,\"wnaCost\":300000},{\"vehicle\":\"Big Bus HD\",\"user\":44,\"price\":570681.82,\"nomeal\":515681.82,\"wnaCost\":300000},{\"vehicle\":\"Big Bus HD\",\"user\":45,\"price\":568320,\"nomeal\":513320,\"wnaCost\":300000},{\"vehicle\":\"Big Bus SHD\",\"user\":46,\"price\":582495.65,\"nomeal\":527495.65,\"wnaCost\":300000},{\"vehicle\":\"Big Bus SHD\",\"user\":47,\"price\":579982.98,\"nomeal\":524982.98,\"wnaCost\":300000},{\"vehicle\":\"Big Bus SHD\",\"user\":48,\"price\":577575,\"nomeal\":522575,\"wnaCost\":300000},{\"vehicle\":\"Big Bus SHD\",\"user\":49,\"price\":575265.31,\"nomeal\":520265.31,\"wnaCost\":300000},{\"vehicle\":\"Big Bus SHD\",\"user\":50,\"price\":573048,\"nomeal\":518048,\"wnaCost\":300000},{\"vehicle\":\"Big Bus SHD\",\"user\":51,\"price\":570917.65,\"nomeal\":515917.65,\"wnaCost\":300000},{\"vehicle\":\"Big Bus SHD\",\"user\":52,\"price\":568869.23,\"nomeal\":513869.23,\"wnaCost\":300000},{\"vehicle\":\"Big Bus SHD\",\"user\":53,\"price\":566898.11,\"nomeal\":511898.11,\"wnaCost\":300000},{\"vehicle\":\"Big Bus SHD\",\"user\":54,\"price\":565000,\"nomeal\":510000,\"wnaCost\":300000},{\"vehicle\":\"Big Bus SHD\",\"user\":55,\"price\":563170.91,\"nomeal\":508170.91,\"wnaCost\":300000}]', '2025-03-01 23:20:19', '2025-03-01 23:20:19'),
(31, 33, '[{\"vehicle\":\"Avanza\",\"user\":1,\"price\":1263600,\"nomeal\":1208600,\"wnaCost\":195000},{\"vehicle\":\"Avanza\",\"user\":2,\"price\":845100,\"nomeal\":790100,\"wnaCost\":195000},{\"vehicle\":\"Avanza\",\"user\":3,\"price\":705600,\"nomeal\":650600,\"wnaCost\":195000},{\"vehicle\":\"Avanza\",\"user\":4,\"price\":635850,\"nomeal\":580850,\"wnaCost\":195000},{\"vehicle\":\"Avanza\",\"user\":5,\"price\":594000,\"nomeal\":539000,\"wnaCost\":195000},{\"vehicle\":\"Innova\",\"user\":6,\"price\":602100,\"nomeal\":547100,\"wnaCost\":195000},{\"vehicle\":\"Hiace Commuter\",\"user\":7,\"price\":685028.57,\"nomeal\":630028.57,\"wnaCost\":195000},{\"vehicle\":\"Hiace Commuter\",\"user\":8,\"price\":652725,\"nomeal\":597725,\"wnaCost\":195000},{\"vehicle\":\"Hiace Commuter\",\"user\":9,\"price\":627600,\"nomeal\":572600,\"wnaCost\":195000},{\"vehicle\":\"Hiace Commuter\",\"user\":10,\"price\":607500,\"nomeal\":552500,\"wnaCost\":195000},{\"vehicle\":\"Hiace Commuter\",\"user\":11,\"price\":591054.55,\"nomeal\":536054.55,\"wnaCost\":195000},{\"vehicle\":\"Hiace Commuter\",\"user\":12,\"price\":577350,\"nomeal\":522350,\"wnaCost\":195000},{\"vehicle\":\"Elf Giga\",\"user\":13,\"price\":586938.46,\"nomeal\":531938.46,\"wnaCost\":195000},{\"vehicle\":\"Elf Giga\",\"user\":14,\"price\":575485.71,\"nomeal\":520485.71,\"wnaCost\":195000},{\"vehicle\":\"Elf Giga\",\"user\":15,\"price\":565560,\"nomeal\":510560,\"wnaCost\":195000},{\"vehicle\":\"Elf Giga\",\"user\":16,\"price\":556875,\"nomeal\":501875,\"wnaCost\":195000},{\"vehicle\":\"Elf Giga\",\"user\":17,\"price\":549211.76,\"nomeal\":494211.76,\"wnaCost\":195000},{\"vehicle\":\"Medium Bus\",\"user\":18,\"price\":600000,\"nomeal\":545000,\"wnaCost\":195000},{\"vehicle\":\"Medium Bus\",\"user\":19,\"price\":594000,\"nomeal\":539000,\"wnaCost\":195000},{\"vehicle\":\"Medium Bus\",\"user\":20,\"price\":585630,\"nomeal\":530630,\"wnaCost\":195000},{\"vehicle\":\"Medium Bus\",\"user\":21,\"price\":578057.14,\"nomeal\":523057.14,\"wnaCost\":195000},{\"vehicle\":\"Medium Bus\",\"user\":22,\"price\":571172.73,\"nomeal\":516172.73,\"wnaCost\":195000},{\"vehicle\":\"Medium Bus\",\"user\":23,\"price\":564886.96,\"nomeal\":509886.96,\"wnaCost\":195000},{\"vehicle\":\"Medium Bus\",\"user\":24,\"price\":559125,\"nomeal\":504125,\"wnaCost\":195000},{\"vehicle\":\"Medium Bus\",\"user\":25,\"price\":553824,\"nomeal\":498824,\"wnaCost\":195000},{\"vehicle\":\"Medium Bus\",\"user\":26,\"price\":538130.77,\"nomeal\":483130.77,\"wnaCost\":195000},{\"vehicle\":\"Medium Bus\",\"user\":27,\"price\":533600,\"nomeal\":478600,\"wnaCost\":195000},{\"vehicle\":\"Medium Bus\",\"user\":28,\"price\":529392.86,\"nomeal\":474392.86,\"wnaCost\":195000},{\"vehicle\":\"Medium Bus\",\"user\":29,\"price\":525475.86,\"nomeal\":470475.86,\"wnaCost\":195000},{\"vehicle\":\"Medium Bus\",\"user\":30,\"price\":521820,\"nomeal\":466820,\"wnaCost\":195000},{\"vehicle\":\"Big Bus HD\",\"user\":31,\"price\":562122.58,\"nomeal\":507122.58,\"wnaCost\":195000},{\"vehicle\":\"Big Bus HD\",\"user\":32,\"price\":557550,\"nomeal\":502550,\"wnaCost\":195000},{\"vehicle\":\"Big Bus HD\",\"user\":33,\"price\":553254.55,\"nomeal\":498254.55,\"wnaCost\":195000},{\"vehicle\":\"Big Bus HD\",\"user\":34,\"price\":549211.76,\"nomeal\":494211.76,\"wnaCost\":195000},{\"vehicle\":\"Big Bus HD\",\"user\":35,\"price\":545400,\"nomeal\":490400,\"wnaCost\":195000},{\"vehicle\":\"Big Bus HD\",\"user\":36,\"price\":541800,\"nomeal\":486800,\"wnaCost\":195000},{\"vehicle\":\"Big Bus HD\",\"user\":37,\"price\":538394.59,\"nomeal\":483394.59,\"wnaCost\":195000},{\"vehicle\":\"Big Bus HD\",\"user\":38,\"price\":535168.42,\"nomeal\":480168.42,\"wnaCost\":195000},{\"vehicle\":\"Big Bus HD\",\"user\":39,\"price\":532107.69,\"nomeal\":477107.69,\"wnaCost\":195000},{\"vehicle\":\"Big Bus HD\",\"user\":40,\"price\":529200,\"nomeal\":474200,\"wnaCost\":195000},{\"vehicle\":\"Big Bus HD\",\"user\":41,\"price\":527882.93,\"nomeal\":472882.93,\"wnaCost\":195000},{\"vehicle\":\"Big Bus HD\",\"user\":42,\"price\":525214.29,\"nomeal\":470214.29,\"wnaCost\":195000},{\"vehicle\":\"Big Bus HD\",\"user\":43,\"price\":522669.77,\"nomeal\":467669.77,\"wnaCost\":195000},{\"vehicle\":\"Big Bus HD\",\"user\":44,\"price\":520240.91,\"nomeal\":465240.91,\"wnaCost\":195000},{\"vehicle\":\"Big Bus HD\",\"user\":45,\"price\":517920,\"nomeal\":462920,\"wnaCost\":195000},{\"vehicle\":\"Big Bus SHD\",\"user\":46,\"price\":532134.78,\"nomeal\":477134.78,\"wnaCost\":195000},{\"vehicle\":\"Big Bus SHD\",\"user\":47,\"price\":529659.57,\"nomeal\":474659.57,\"wnaCost\":195000},{\"vehicle\":\"Big Bus SHD\",\"user\":48,\"price\":527287.5,\"nomeal\":472287.5,\"wnaCost\":195000},{\"vehicle\":\"Big Bus SHD\",\"user\":49,\"price\":525012.24,\"nomeal\":470012.24,\"wnaCost\":195000},{\"vehicle\":\"Big Bus SHD\",\"user\":50,\"price\":522828,\"nomeal\":467828,\"wnaCost\":195000},{\"vehicle\":\"Big Bus SHD\",\"user\":51,\"price\":520729.41,\"nomeal\":465729.41,\"wnaCost\":195000},{\"vehicle\":\"Big Bus SHD\",\"user\":52,\"price\":518711.54,\"nomeal\":463711.54,\"wnaCost\":195000},{\"vehicle\":\"Big Bus SHD\",\"user\":53,\"price\":516769.81,\"nomeal\":461769.81,\"wnaCost\":195000},{\"vehicle\":\"Big Bus SHD\",\"user\":54,\"price\":514900,\"nomeal\":459900,\"wnaCost\":195000},{\"vehicle\":\"Big Bus SHD\",\"user\":55,\"price\":513098.18,\"nomeal\":458098.18,\"wnaCost\":195000}]', '2025-03-02 00:30:11', '2025-03-02 00:30:11'),
(32, 34, '[{\"vehicle\":\"Avanza\",\"user\":1,\"price\":1042200,\"nomeal\":987200,\"wnaCost\":40000},{\"vehicle\":\"Avanza\",\"user\":2,\"price\":626400,\"nomeal\":571400,\"wnaCost\":40000},{\"vehicle\":\"Avanza\",\"user\":3,\"price\":487800,\"nomeal\":432800,\"wnaCost\":40000},{\"vehicle\":\"Avanza\",\"user\":4,\"price\":418500,\"nomeal\":363500,\"wnaCost\":40000},{\"vehicle\":\"Avanza\",\"user\":5,\"price\":376920,\"nomeal\":321920,\"wnaCost\":40000},{\"vehicle\":\"Innova\",\"user\":6,\"price\":385200,\"nomeal\":330200,\"wnaCost\":40000},{\"vehicle\":\"Hiace Commuter\",\"user\":7,\"price\":466714.29,\"nomeal\":411714.29,\"wnaCost\":40000},{\"vehicle\":\"Hiace Commuter\",\"user\":8,\"price\":434700,\"nomeal\":379700,\"wnaCost\":40000},{\"vehicle\":\"Hiace Commuter\",\"user\":9,\"price\":409800,\"nomeal\":354800,\"wnaCost\":40000},{\"vehicle\":\"Hiace Commuter\",\"user\":10,\"price\":389880,\"nomeal\":334880,\"wnaCost\":40000},{\"vehicle\":\"Hiace Commuter\",\"user\":11,\"price\":373581.82,\"nomeal\":318581.82,\"wnaCost\":40000},{\"vehicle\":\"Hiace Commuter\",\"user\":12,\"price\":360000,\"nomeal\":305000,\"wnaCost\":40000},{\"vehicle\":\"Elf Giga\",\"user\":13,\"price\":369692.31,\"nomeal\":314692.31,\"wnaCost\":40000},{\"vehicle\":\"Elf Giga\",\"user\":14,\"price\":358328.57,\"nomeal\":303328.57,\"wnaCost\":40000},{\"vehicle\":\"Elf Giga\",\"user\":15,\"price\":348480,\"nomeal\":293480,\"wnaCost\":40000},{\"vehicle\":\"Elf Giga\",\"user\":16,\"price\":339862.5,\"nomeal\":284862.5,\"wnaCost\":40000},{\"vehicle\":\"Elf Giga\",\"user\":17,\"price\":332258.82,\"nomeal\":277258.82,\"wnaCost\":40000},{\"vehicle\":\"Medium Bus\",\"user\":18,\"price\":382500,\"nomeal\":327500,\"wnaCost\":40000},{\"vehicle\":\"Medium Bus\",\"user\":19,\"price\":376578.95,\"nomeal\":321578.95,\"wnaCost\":40000},{\"vehicle\":\"Medium Bus\",\"user\":20,\"price\":368280,\"nomeal\":313280,\"wnaCost\":40000},{\"vehicle\":\"Medium Bus\",\"user\":21,\"price\":360771.43,\"nomeal\":305771.43,\"wnaCost\":40000},{\"vehicle\":\"Medium Bus\",\"user\":22,\"price\":353945.45,\"nomeal\":298945.45,\"wnaCost\":40000},{\"vehicle\":\"Medium Bus\",\"user\":23,\"price\":347713.04,\"nomeal\":292713.04,\"wnaCost\":40000},{\"vehicle\":\"Medium Bus\",\"user\":24,\"price\":342000,\"nomeal\":287000,\"wnaCost\":40000},{\"vehicle\":\"Medium Bus\",\"user\":25,\"price\":336744,\"nomeal\":281744,\"wnaCost\":40000},{\"vehicle\":\"Medium Bus\",\"user\":26,\"price\":321092.31,\"nomeal\":266092.31,\"wnaCost\":40000},{\"vehicle\":\"Medium Bus\",\"user\":27,\"price\":316600,\"nomeal\":261600,\"wnaCost\":40000},{\"vehicle\":\"Medium Bus\",\"user\":28,\"price\":312428.57,\"nomeal\":257428.57,\"wnaCost\":40000},{\"vehicle\":\"Medium Bus\",\"user\":29,\"price\":308544.83,\"nomeal\":253544.83,\"wnaCost\":40000},{\"vehicle\":\"Medium Bus\",\"user\":30,\"price\":304920,\"nomeal\":249920,\"wnaCost\":40000},{\"vehicle\":\"Big Bus HD\",\"user\":31,\"price\":345251.61,\"nomeal\":290251.61,\"wnaCost\":40000},{\"vehicle\":\"Big Bus HD\",\"user\":32,\"price\":340706.25,\"nomeal\":285706.25,\"wnaCost\":40000},{\"vehicle\":\"Big Bus HD\",\"user\":33,\"price\":336436.36,\"nomeal\":281436.36,\"wnaCost\":40000},{\"vehicle\":\"Big Bus HD\",\"user\":34,\"price\":332417.65,\"nomeal\":277417.65,\"wnaCost\":40000},{\"vehicle\":\"Big Bus HD\",\"user\":35,\"price\":328628.57,\"nomeal\":273628.57,\"wnaCost\":40000},{\"vehicle\":\"Big Bus HD\",\"user\":36,\"price\":325050,\"nomeal\":270050,\"wnaCost\":40000},{\"vehicle\":\"Big Bus HD\",\"user\":37,\"price\":321664.86,\"nomeal\":266664.86,\"wnaCost\":40000},{\"vehicle\":\"Big Bus HD\",\"user\":38,\"price\":318457.89,\"nomeal\":263457.89,\"wnaCost\":40000},{\"vehicle\":\"Big Bus HD\",\"user\":39,\"price\":315415.38,\"nomeal\":260415.38,\"wnaCost\":40000},{\"vehicle\":\"Big Bus HD\",\"user\":40,\"price\":312525,\"nomeal\":257525,\"wnaCost\":40000},{\"vehicle\":\"Big Bus HD\",\"user\":41,\"price\":311224.39,\"nomeal\":256224.39,\"wnaCost\":40000},{\"vehicle\":\"Big Bus HD\",\"user\":42,\"price\":308571.43,\"nomeal\":253571.43,\"wnaCost\":40000},{\"vehicle\":\"Big Bus HD\",\"user\":43,\"price\":306041.86,\"nomeal\":251041.86,\"wnaCost\":40000},{\"vehicle\":\"Big Bus HD\",\"user\":44,\"price\":303627.27,\"nomeal\":248627.27,\"wnaCost\":40000},{\"vehicle\":\"Big Bus HD\",\"user\":45,\"price\":301320,\"nomeal\":246320,\"wnaCost\":40000},{\"vehicle\":\"Big Bus SHD\",\"user\":46,\"price\":315547.83,\"nomeal\":260547.83,\"wnaCost\":40000},{\"vehicle\":\"Big Bus SHD\",\"user\":47,\"price\":313085.11,\"nomeal\":258085.11,\"wnaCost\":40000},{\"vehicle\":\"Big Bus SHD\",\"user\":48,\"price\":310725,\"nomeal\":255725,\"wnaCost\":40000},{\"vehicle\":\"Big Bus SHD\",\"user\":49,\"price\":308461.22,\"nomeal\":253461.22,\"wnaCost\":40000},{\"vehicle\":\"Big Bus SHD\",\"user\":50,\"price\":306288,\"nomeal\":251288,\"wnaCost\":40000},{\"vehicle\":\"Big Bus SHD\",\"user\":51,\"price\":304200,\"nomeal\":249200,\"wnaCost\":40000},{\"vehicle\":\"Big Bus SHD\",\"user\":52,\"price\":302192.31,\"nomeal\":247192.31,\"wnaCost\":40000},{\"vehicle\":\"Big Bus SHD\",\"user\":53,\"price\":300260.38,\"nomeal\":245260.38,\"wnaCost\":40000},{\"vehicle\":\"Big Bus SHD\",\"user\":54,\"price\":298400,\"nomeal\":243400,\"wnaCost\":40000},{\"vehicle\":\"Big Bus SHD\",\"user\":55,\"price\":296607.27,\"nomeal\":241607.27,\"wnaCost\":40000}]', '2025-03-02 00:40:13', '2025-03-02 00:40:13');

-- --------------------------------------------------------

--
-- Table structure for table `package_three_days`
--

CREATE TABLE `package_three_days` (
  `id` bigint(20) UNSIGNED NOT NULL,
  `name_package` varchar(255) DEFAULT NULL,
  `regency_id` int(11) DEFAULT NULL,
  `facility_id` int(11) DEFAULT NULL,
  `agen_id` int(11) DEFAULT NULL,
  `status` tinyint(1) NOT NULL DEFAULT 1,
  `information` varchar(255) DEFAULT NULL,
  `created_at` timestamp NULL DEFAULT NULL,
  `updated_at` timestamp NULL DEFAULT NULL
) ENGINE=InnoDB DEFAULT CHARSET=utf8mb4 COLLATE=utf8mb4_unicode_ci;

--
-- Dumping data for table `package_three_days`
--

INSERT INTO `package_three_days` (`id`, `name_package`, `regency_id`, `facility_id`, `agen_id`, `status`, `information`, `created_at`, `updated_at`) VALUES
(8, 'New Paket 3D2N #1', 3471, NULL, 2, 1, '<p><span style=\"color: rgb(172, 171, 193); background-color: rgb(47, 51, 73);\">Free Guide, Dokumetasi Foto dan Video untuk jumlah peserta lebih dari 20 orang.</span></p>', '2025-01-30 23:32:45', '2025-02-01 21:53:54'),
(9, 'New Paket 3D2N #2', 3471, NULL, 2, 1, '<p>Test</p>', '2025-01-31 01:34:22', '2025-01-31 01:34:22'),
(10, 'New Paket 3D2N #3', 3471, NULL, 2, 1, '<p>test</p>', '2025-01-31 01:47:41', '2025-01-31 01:47:41'),
(11, 'New Paket 3D2N #4', 3307, NULL, 2, 1, '<p>test</p>', '2025-01-31 01:51:04', '2025-01-31 01:51:04');

-- --------------------------------------------------------

--
-- Table structure for table `package_three_destinations`
--

CREATE TABLE `package_three_destinations` (
  `id` bigint(20) UNSIGNED NOT NULL,
  `package_id` bigint(20) UNSIGNED DEFAULT NULL,
  `destination_id` bigint(20) UNSIGNED DEFAULT NULL,
  `created_at` timestamp NULL DEFAULT NULL,
  `updated_at` timestamp NULL DEFAULT NULL
) ENGINE=InnoDB DEFAULT CHARSET=utf8mb4 COLLATE=utf8mb4_unicode_ci;

--
-- Dumping data for table `package_three_destinations`
--

INSERT INTO `package_three_destinations` (`id`, `package_id`, `destination_id`, `created_at`, `updated_at`) VALUES
(55, 8, 16, NULL, NULL),
(56, 8, 25, NULL, NULL),
(57, 8, 43, NULL, NULL),
(58, 8, 65, NULL, NULL),
(59, 8, 127, NULL, NULL),
(60, 8, 135, NULL, NULL),
(61, 8, 136, NULL, NULL),
(62, 8, 139, NULL, NULL),
(63, 8, 194, NULL, NULL),
(64, 9, 26, NULL, NULL),
(65, 9, 38, NULL, NULL),
(66, 9, 43, NULL, NULL),
(67, 9, 85, NULL, NULL),
(68, 9, 108, NULL, NULL),
(69, 9, 136, NULL, NULL),
(70, 9, 137, NULL, NULL),
(71, 9, 204, NULL, NULL),
(72, 9, 205, NULL, NULL),
(73, 10, 21, NULL, NULL),
(74, 10, 23, NULL, NULL),
(75, 10, 41, NULL, NULL),
(76, 10, 43, NULL, NULL),
(77, 10, 54, NULL, NULL),
(78, 10, 83, NULL, NULL),
(79, 10, 112, NULL, NULL),
(80, 10, 134, NULL, NULL),
(81, 10, 136, NULL, NULL),
(82, 11, 43, NULL, NULL),
(83, 11, 109, NULL, NULL),
(84, 11, 110, NULL, NULL),
(85, 11, 136, NULL, NULL),
(86, 11, 153, NULL, NULL),
(87, 11, 157, NULL, NULL),
(88, 11, 162, NULL, NULL),
(89, 11, 163, NULL, NULL),
(90, 11, 186, NULL, NULL);

-- --------------------------------------------------------

--
-- Table structure for table `package_three_prices`
--

CREATE TABLE `package_three_prices` (
  `id` bigint(20) UNSIGNED NOT NULL,
  `package_three_day_id` int(11) NOT NULL,
  `price_data` longtext CHARACTER SET utf8mb4 COLLATE utf8mb4_bin DEFAULT NULL CHECK (json_valid(`price_data`)),
  `created_at` timestamp NULL DEFAULT NULL,
  `updated_at` timestamp NULL DEFAULT NULL
) ENGINE=InnoDB DEFAULT CHARSET=utf8mb4 COLLATE=utf8mb4_unicode_ci;

--
-- Dumping data for table `package_three_prices`
--

INSERT INTO `package_three_prices` (`id`, `package_three_day_id`, `price_data`, `created_at`, `updated_at`) VALUES
(8, 8, '[{\"Price Type\":\"Include Meal\",\"data\":[{\"Price Type\":\"Include Meal\"},{\"vehicle\":\"Avanza\",\"user\":1,\"wnaCost\":525000,\"mealCostPerPerson\":840000,\"WithoutAccomodation\":4671432,\"Guesthouse\":5211432,\"Homestay\":4671432,\"TwoStar\":5643432,\"ThreeStar\":6507432,\"FourStar\":7695432,\"FiveStar\":8775432},{\"vehicle\":\"Avanza\",\"user\":2,\"wnaCost\":500000,\"mealCostPerPerson\":630000,\"WithoutAccomodation\":2774196,\"Guesthouse\":2936196,\"Homestay\":2990196,\"TwoStar\":3152196,\"ThreeStar\":3476196,\"FourStar\":3962196,\"FiveStar\":4394196},{\"vehicle\":\"Avanza\",\"user\":3,\"wnaCost\":491666.67,\"mealCostPerPerson\":560000,\"WithoutAccomodation\":2285784,\"Guesthouse\":2573784,\"Homestay\":2825784,\"TwoStar\":2861784,\"ThreeStar\":3365784,\"FourStar\":4085784,\"FiveStar\":4733784},{\"vehicle\":\"Avanza\",\"user\":4,\"wnaCost\":487500,\"mealCostPerPerson\":525000,\"WithoutAccomodation\":1933578,\"Guesthouse\":2095578,\"Homestay\":2365578,\"TwoStar\":2311578,\"ThreeStar\":2635578,\"FourStar\":3121578,\"FiveStar\":3553578},{\"vehicle\":\"Avanza\",\"user\":5,\"wnaCost\":495000,\"mealCostPerPerson\":504000,\"WithoutAccomodation\":1916654.4,\"Guesthouse\":2154254.4,\"Homestay\":2262254.4,\"TwoStar\":2413454.4,\"ThreeStar\":2845454.4,\"FourStar\":3471854.4,\"FiveStar\":4033454.4},{\"vehicle\":\"Innova\",\"user\":6,\"wnaCost\":491666.67,\"mealCostPerPerson\":490000,\"WithoutAccomodation\":1851372,\"Guesthouse\":2013372,\"Homestay\":2211372,\"TwoStar\":2229372,\"ThreeStar\":2553372,\"FourStar\":3039372,\"FiveStar\":3471372},{\"vehicle\":\"Hiace Commuter\",\"user\":7,\"wnaCost\":489285.71,\"mealCostPerPerson\":540000,\"WithoutAccomodation\":2180427.43,\"Guesthouse\":2396427.43,\"Homestay\":2658713.14,\"TwoStar\":2643284.57,\"ThreeStar\":3044427.43,\"FourStar\":3630713.14,\"FiveStar\":4155284.57},{\"vehicle\":\"Hiace Commuter\",\"user\":8,\"wnaCost\":487500,\"mealCostPerPerson\":525000,\"WithoutAccomodation\":2017494,\"Guesthouse\":2179494,\"Homestay\":2449494,\"TwoStar\":2395494,\"ThreeStar\":2719494,\"FourStar\":3205494,\"FiveStar\":3637494},{\"vehicle\":\"Hiace Commuter\",\"user\":9,\"wnaCost\":491666.67,\"mealCostPerPerson\":513333.33,\"WithoutAccomodation\":1998768,\"Guesthouse\":2202768,\"Homestay\":2382768,\"TwoStar\":2442768,\"ThreeStar\":2826768,\"FourStar\":3390768,\"FiveStar\":3894768},{\"vehicle\":\"Hiace Commuter\",\"user\":10,\"wnaCost\":490000,\"mealCostPerPerson\":504000,\"WithoutAccomodation\":1886587.2,\"Guesthouse\":2048587.2,\"Homestay\":2275387.2,\"TwoStar\":2264587.2,\"ThreeStar\":2588587.2,\"FourStar\":3074587.2,\"FiveStar\":3506587.2},{\"vehicle\":\"Hiace Commuter\",\"user\":11,\"wnaCost\":488636.36,\"mealCostPerPerson\":496363.64,\"WithoutAccomodation\":1834075.64,\"Guesthouse\":2030439.27,\"Homestay\":2295530.18,\"TwoStar\":2266075.64,\"ThreeStar\":2639166.55,\"FourStar\":3188984.73,\"FiveStar\":3679893.82},{\"vehicle\":\"Hiace Commuter\",\"user\":12,\"wnaCost\":487500,\"mealCostPerPerson\":490000,\"WithoutAccomodation\":1754316,\"Guesthouse\":1916316,\"Homestay\":2186316,\"TwoStar\":2132316,\"ThreeStar\":2456316,\"FourStar\":2942316,\"FiveStar\":3374316},{\"vehicle\":\"Elf Giga\",\"user\":13,\"wnaCost\":490384.62,\"mealCostPerPerson\":516923.08,\"WithoutAccomodation\":1821411.69,\"Guesthouse\":2012488.62,\"Homestay\":2220180.92,\"TwoStar\":2245104,\"ThreeStar\":2610642.46,\"FourStar\":3150642.46,\"FiveStar\":3632488.62},{\"vehicle\":\"Elf Giga\",\"user\":14,\"wnaCost\":489285.71,\"mealCostPerPerson\":510000,\"WithoutAccomodation\":1753950.86,\"Guesthouse\":1915950.86,\"Homestay\":2155093.71,\"TwoStar\":2131950.86,\"ThreeStar\":2455950.86,\"FourStar\":2941950.86,\"FiveStar\":3373950.86},{\"vehicle\":\"Elf Giga\",\"user\":15,\"wnaCost\":488333.33,\"mealCostPerPerson\":504000,\"WithoutAccomodation\":1724284.8,\"Guesthouse\":1911484.8,\"Homestay\":2177884.8,\"TwoStar\":2141884.8,\"ThreeStar\":2501884.8,\"FourStar\":3034684.8,\"FiveStar\":3509884.8},{\"vehicle\":\"Elf Giga\",\"user\":16,\"wnaCost\":487500,\"mealCostPerPerson\":498750,\"WithoutAccomodation\":1671327,\"Guesthouse\":1833327,\"Homestay\":2103327,\"TwoStar\":2049327,\"ThreeStar\":2373327,\"FourStar\":2859327,\"FiveStar\":3291327},{\"vehicle\":\"Elf Giga\",\"user\":17,\"wnaCost\":489705.88,\"mealCostPerPerson\":494117.65,\"WithoutAccomodation\":1681776,\"Guesthouse\":1866011.29,\"Homestay\":2088364.24,\"TwoStar\":2094717.18,\"ThreeStar\":2450481.88,\"FourStar\":2977776,\"FiveStar\":3447893.65},{\"vehicle\":\"Medium Bus\",\"user\":18,\"wnaCost\":488888.89,\"mealCostPerPerson\":490000,\"WithoutAccomodation\":1803864,\"Guesthouse\":1965864,\"Homestay\":2211864,\"TwoStar\":2181864,\"ThreeStar\":2505864,\"FourStar\":2991864,\"FiveStar\":3423864},{\"vehicle\":\"Medium Bus\",\"user\":19,\"wnaCost\":488157.89,\"mealCostPerPerson\":508421.05,\"WithoutAccomodation\":1801690.11,\"Guesthouse\":1983584.84,\"Homestay\":2250742.74,\"TwoStar\":2210953.26,\"ThreeStar\":2563374.32,\"FourStar\":3086321.68,\"FiveStar\":3552426.95},{\"vehicle\":\"Medium Bus\",\"user\":20,\"wnaCost\":487500,\"mealCostPerPerson\":504000,\"WithoutAccomodation\":2119953.6,\"Guesthouse\":2281953.6,\"Homestay\":2551953.6,\"TwoStar\":2497953.6,\"ThreeStar\":2821953.6,\"FourStar\":3307953.6,\"FiveStar\":3739953.6},{\"vehicle\":\"Medium Bus\",\"user\":21,\"wnaCost\":489285.71,\"mealCostPerPerson\":500000,\"WithoutAccomodation\":2107049.14,\"Guesthouse\":2287049.14,\"Homestay\":2518477.71,\"TwoStar\":2513334.86,\"ThreeStar\":2863049.14,\"FourStar\":3382477.71,\"FiveStar\":3845334.86},{\"vehicle\":\"Medium Bus\",\"user\":22,\"wnaCost\":488636.36,\"mealCostPerPerson\":496363.64,\"WithoutAccomodation\":2051136,\"Guesthouse\":2213136,\"Homestay\":2463499.64,\"TwoStar\":2429136,\"ThreeStar\":2753136,\"FourStar\":3239136,\"FiveStar\":3671136},{\"vehicle\":\"Medium Bus\",\"user\":23,\"wnaCost\":488043.48,\"mealCostPerPerson\":493043.48,\"WithoutAccomodation\":2018867.48,\"Guesthouse\":2197302.26,\"Homestay\":2464954.43,\"TwoStar\":2422693.57,\"ThreeStar\":2770171.83,\"FourStar\":3286693.57,\"FiveStar\":3746867.48},{\"vehicle\":\"Medium Bus\",\"user\":24,\"wnaCost\":487500,\"mealCostPerPerson\":490000,\"WithoutAccomodation\":1971288,\"Guesthouse\":2133288,\"Homestay\":2403288,\"TwoStar\":2349288,\"ThreeStar\":2673288,\"FourStar\":3159288,\"FiveStar\":3591288},{\"vehicle\":\"Medium Bus\",\"user\":25,\"wnaCost\":489000,\"mealCostPerPerson\":487200,\"WithoutAccomodation\":1966394.88,\"Guesthouse\":2143514.88,\"Homestay\":2381114.88,\"TwoStar\":2368154.88,\"ThreeStar\":2713754.88,\"FourStar\":3227834.88,\"FiveStar\":3685754.88},{\"vehicle\":\"Medium Bus\",\"user\":26,\"wnaCost\":488461.54,\"mealCostPerPerson\":484615.38,\"WithoutAccomodation\":1924493.54,\"Guesthouse\":2086493.54,\"Homestay\":2339878.15,\"TwoStar\":2302493.54,\"ThreeStar\":2626493.54,\"FourStar\":3112493.54,\"FiveStar\":3544493.54},{\"vehicle\":\"Medium Bus\",\"user\":27,\"wnaCost\":487962.96,\"mealCostPerPerson\":482222.22,\"WithoutAccomodation\":1901696,\"Guesthouse\":2077696,\"Homestay\":2345696,\"TwoStar\":2301696,\"ThreeStar\":2645696,\"FourStar\":3157696,\"FiveStar\":3613696},{\"vehicle\":\"Medium Bus\",\"user\":28,\"wnaCost\":487500,\"mealCostPerPerson\":480000,\"WithoutAccomodation\":1865098.29,\"Guesthouse\":2027098.29,\"Homestay\":2297098.29,\"TwoStar\":2243098.29,\"ThreeStar\":2567098.29,\"FourStar\":3053098.29,\"FiveStar\":3485098.29},{\"vehicle\":\"Medium Bus\",\"user\":29,\"wnaCost\":488793.1,\"mealCostPerPerson\":477931.03,\"WithoutAccomodation\":1864541.79,\"Guesthouse\":2039576.28,\"Homestay\":2281645.24,\"TwoStar\":2263024.55,\"ThreeStar\":2605645.24,\"FourStar\":3115852.14,\"FiveStar\":3570196.97},{\"vehicle\":\"Medium Bus\",\"user\":30,\"wnaCost\":488333.33,\"mealCostPerPerson\":476000,\"WithoutAccomodation\":1831622.4,\"Guesthouse\":1993622.4,\"Homestay\":2249222.4,\"TwoStar\":2209622.4,\"ThreeStar\":2533622.4,\"FourStar\":3019622.4,\"FiveStar\":3451622.4},{\"vehicle\":\"Big Bus HD\",\"user\":31,\"wnaCost\":487903.23,\"mealCostPerPerson\":487741.94,\"WithoutAccomodation\":1985646.19,\"Guesthouse\":2159839.74,\"Homestay\":2428097.81,\"TwoStar\":2382807.48,\"ThreeStar\":2724226.84,\"FourStar\":3232872,\"FiveStar\":3685775.23},{\"vehicle\":\"Big Bus HD\",\"user\":32,\"wnaCost\":487500,\"mealCostPerPerson\":485625,\"WithoutAccomodation\":1950493.5,\"Guesthouse\":2112493.5,\"Homestay\":2382493.5,\"TwoStar\":2328493.5,\"ThreeStar\":2652493.5,\"FourStar\":3138493.5,\"FiveStar\":3570493.5},{\"vehicle\":\"Big Bus HD\",\"user\":33,\"wnaCost\":488636.36,\"mealCostPerPerson\":483636.36,\"WithoutAccomodation\":1946925.82,\"Guesthouse\":2120380.36,\"Homestay\":2365834.91,\"TwoStar\":2342925.82,\"ThreeStar\":2683289.45,\"FourStar\":3190562.18,\"FiveStar\":3642198.55},{\"vehicle\":\"Big Bus HD\",\"user\":34,\"wnaCost\":488235.29,\"mealCostPerPerson\":481764.71,\"WithoutAccomodation\":1914979.76,\"Guesthouse\":2076979.76,\"Homestay\":2334273.88,\"TwoStar\":2292979.76,\"ThreeStar\":2616979.76,\"FourStar\":3102979.76,\"FiveStar\":3534979.76},{\"vehicle\":\"Big Bus HD\",\"user\":35,\"wnaCost\":487857.14,\"mealCostPerPerson\":480000,\"WithoutAccomodation\":1897202.06,\"Guesthouse\":2070002.06,\"Homestay\":2338459.2,\"TwoStar\":2292173.49,\"ThreeStar\":2631602.06,\"FourStar\":3137659.2,\"FiveStar\":3588173.49},{\"vehicle\":\"Big Bus HD\",\"user\":36,\"wnaCost\":487500,\"mealCostPerPerson\":478333.33,\"WithoutAccomodation\":1868412,\"Guesthouse\":2030412,\"Homestay\":2300412,\"TwoStar\":2246412,\"ThreeStar\":2570412,\"FourStar\":3056412,\"FiveStar\":3488412},{\"vehicle\":\"Big Bus HD\",\"user\":37,\"wnaCost\":488513.51,\"mealCostPerPerson\":476756.76,\"WithoutAccomodation\":1867448.43,\"Guesthouse\":2039664.65,\"Homestay\":2287772.76,\"TwoStar\":2261502.49,\"ThreeStar\":2600097.08,\"FourStar\":3105070.05,\"FiveStar\":3554583.57},{\"vehicle\":\"Big Bus HD\",\"user\":38,\"wnaCost\":488157.89,\"mealCostPerPerson\":475263.16,\"WithoutAccomodation\":1840956.63,\"Guesthouse\":2002956.63,\"Homestay\":2261588.21,\"TwoStar\":2218956.63,\"ThreeStar\":2542956.63,\"FourStar\":3028956.63,\"FiveStar\":3460956.63},{\"vehicle\":\"Big Bus HD\",\"user\":39,\"wnaCost\":487820.51,\"mealCostPerPerson\":473846.15,\"WithoutAccomodation\":1826900.31,\"Guesthouse\":1998592.62,\"Homestay\":2267208,\"TwoStar\":2220131.08,\"ThreeStar\":2557977.23,\"FourStar\":3061977.23,\"FiveStar\":3510592.62},{\"vehicle\":\"Big Bus HD\",\"user\":40,\"wnaCost\":487500,\"mealCostPerPerson\":472500,\"WithoutAccomodation\":1802746.8,\"Guesthouse\":1964746.8,\"Homestay\":2234746.8,\"TwoStar\":2180746.8,\"ThreeStar\":2504746.8,\"FourStar\":2990746.8,\"FiveStar\":3422746.8},{\"vehicle\":\"Big Bus HD\",\"user\":41,\"wnaCost\":488414.63,\"mealCostPerPerson\":481463.41,\"WithoutAccomodation\":1814542.24,\"Guesthouse\":1985761.76,\"Homestay\":2236005.66,\"TwoStar\":2207030.05,\"ThreeStar\":2544200.78,\"FourStar\":3047322.73,\"FiveStar\":3495127.61},{\"vehicle\":\"Big Bus HD\",\"user\":42,\"wnaCost\":488095.24,\"mealCostPerPerson\":480000,\"WithoutAccomodation\":1791833.14,\"Guesthouse\":1953833.14,\"Homestay\":2213547.43,\"TwoStar\":2169833.14,\"ThreeStar\":2493833.14,\"FourStar\":2979833.14,\"FiveStar\":3411833.14},{\"vehicle\":\"Big Bus HD\",\"user\":43,\"wnaCost\":487790.7,\"mealCostPerPerson\":478604.65,\"WithoutAccomodation\":1780226.79,\"Guesthouse\":1951017.49,\"Homestay\":2219761.67,\"TwoStar\":2172040.74,\"ThreeStar\":2508598.88,\"FourStar\":3010924.47,\"FiveStar\":3457994.23},{\"vehicle\":\"Big Bus HD\",\"user\":44,\"wnaCost\":487500,\"mealCostPerPerson\":477272.73,\"WithoutAccomodation\":1759329.82,\"Guesthouse\":1921329.82,\"Homestay\":2191329.82,\"TwoStar\":2137329.82,\"ThreeStar\":2461329.82,\"FourStar\":2947329.82,\"FiveStar\":3379329.82},{\"vehicle\":\"Big Bus HD\",\"user\":45,\"wnaCost\":488333.33,\"mealCostPerPerson\":476000,\"WithoutAccomodation\":1760961.6,\"Guesthouse\":1931361.6,\"Homestay\":2183361.6,\"TwoStar\":2152161.6,\"ThreeStar\":2488161.6,\"FourStar\":2989761.6,\"FiveStar\":3436161.6},{\"vehicle\":\"Big Bus SHD\",\"user\":46,\"wnaCost\":488043.48,\"mealCostPerPerson\":474782.61,\"WithoutAccomodation\":1790696.35,\"Guesthouse\":1952696.35,\"Homestay\":2213305.04,\"TwoStar\":2168696.35,\"ThreeStar\":2492696.35,\"FourStar\":2978696.35,\"FiveStar\":3410696.35},{\"vehicle\":\"Big Bus SHD\",\"user\":47,\"wnaCost\":487765.96,\"mealCostPerPerson\":473617.02,\"WithoutAccomodation\":1780101.96,\"Guesthouse\":1950144.51,\"Homestay\":2218995.57,\"TwoStar\":2170740.26,\"ThreeStar\":2506229.62,\"FourStar\":3007165.79,\"FiveStar\":3452953.02},{\"vehicle\":\"Big Bus SHD\",\"user\":48,\"wnaCost\":487500,\"mealCostPerPerson\":472500,\"WithoutAccomodation\":1760949,\"Guesthouse\":1922949,\"Homestay\":2192949,\"TwoStar\":2138949,\"ThreeStar\":2462949,\"FourStar\":2948949,\"FiveStar\":3380949},{\"vehicle\":\"Big Bus SHD\",\"user\":49,\"wnaCost\":488265.31,\"mealCostPerPerson\":471428.57,\"WithoutAccomodation\":1762414.53,\"Guesthouse\":1932128.82,\"Homestay\":2185598.2,\"TwoStar\":2152536.98,\"ThreeStar\":2487557.39,\"FourStar\":2987883.92,\"FiveStar\":3433108.41},{\"vehicle\":\"Big Bus SHD\",\"user\":50,\"wnaCost\":488000,\"mealCostPerPerson\":470400,\"WithoutAccomodation\":1744381.44,\"Guesthouse\":1906381.44,\"Homestay\":2167741.44,\"TwoStar\":2122381.44,\"ThreeStar\":2446381.44,\"FourStar\":2932381.44,\"FiveStar\":3364381.44},{\"vehicle\":\"Big Bus SHD\",\"user\":51,\"wnaCost\":487745.1,\"mealCostPerPerson\":469411.76,\"WithoutAccomodation\":1735526.12,\"Guesthouse\":1904937.88,\"Homestay\":2173879.06,\"TwoStar\":2125173.18,\"ThreeStar\":2459761.41,\"FourStar\":2959526.12,\"FiveStar\":3404232},{\"vehicle\":\"Big Bus SHD\",\"user\":52,\"wnaCost\":487500,\"mealCostPerPerson\":468461.54,\"WithoutAccomodation\":1718703.69,\"Guesthouse\":1880703.69,\"Homestay\":2150703.69,\"TwoStar\":2096703.69,\"ThreeStar\":2420703.69,\"FourStar\":2906703.69,\"FiveStar\":3338703.69},{\"vehicle\":\"Big Bus SHD\",\"user\":53,\"wnaCost\":488207.55,\"mealCostPerPerson\":467547.17,\"WithoutAccomodation\":1720855.7,\"Guesthouse\":1889987.77,\"Homestay\":2144704.75,\"TwoStar\":2110063.25,\"ThreeStar\":2444251.92,\"FourStar\":2943497.21,\"FiveStar\":3387723.62},{\"vehicle\":\"Big Bus SHD\",\"user\":54,\"wnaCost\":487962.96,\"mealCostPerPerson\":466666.67,\"WithoutAccomodation\":1704928,\"Guesthouse\":1866928,\"Homestay\":2128928,\"TwoStar\":2082928,\"ThreeStar\":2406928,\"FourStar\":2892928,\"FiveStar\":3324928},{\"vehicle\":\"Big Bus SHD\",\"user\":55,\"wnaCost\":487727.27,\"mealCostPerPerson\":465818.18,\"WithoutAccomodation\":1697434.04,\"Guesthouse\":1866306.76,\"Homestay\":2135324.95,\"TwoStar\":2086234.04,\"ThreeStar\":2420052.22,\"FourStar\":2918815.85,\"FiveStar\":3362597.67}]},{\"Price Type\":\"Exclude Meal\",\"data\":[{\"Price Type\":\"Exclude Meal\"},{\"vehicle\":\"Avanza\",\"user\":1,\"wnaCost\":525000,\"mealCostPerPerson\":420000,\"WithoutAccomodation\":4217832,\"Guesthouse\":4757832,\"Homestay\":4217832,\"TwoStar\":5189832,\"ThreeStar\":6053832,\"FourStar\":7241832,\"FiveStar\":8321832},{\"vehicle\":\"Avanza\",\"user\":2,\"wnaCost\":500000,\"mealCostPerPerson\":210000,\"WithoutAccomodation\":2320596,\"Guesthouse\":2482596,\"Homestay\":2536596,\"TwoStar\":2698596,\"ThreeStar\":3022596,\"FourStar\":3508596,\"FiveStar\":3940596},{\"vehicle\":\"Avanza\",\"user\":3,\"wnaCost\":491666.67,\"mealCostPerPerson\":140000,\"WithoutAccomodation\":1832184,\"Guesthouse\":2120184,\"Homestay\":2372184,\"TwoStar\":2408184,\"ThreeStar\":2912184,\"FourStar\":3632184,\"FiveStar\":4280184},{\"vehicle\":\"Avanza\",\"user\":4,\"wnaCost\":487500,\"mealCostPerPerson\":105000,\"WithoutAccomodation\":1479978,\"Guesthouse\":1641978,\"Homestay\":1911978,\"TwoStar\":1857978,\"ThreeStar\":2181978,\"FourStar\":2667978,\"FiveStar\":3099978},{\"vehicle\":\"Avanza\",\"user\":5,\"wnaCost\":495000,\"mealCostPerPerson\":84000,\"WithoutAccomodation\":1463054.4,\"Guesthouse\":1700654.4,\"Homestay\":1808654.4,\"TwoStar\":1959854.4,\"ThreeStar\":2391854.4,\"FourStar\":3018254.4,\"FiveStar\":3579854.4},{\"vehicle\":\"Innova\",\"user\":6,\"wnaCost\":491666.67,\"mealCostPerPerson\":70000,\"WithoutAccomodation\":1397772,\"Guesthouse\":1559772,\"Homestay\":1757772,\"TwoStar\":1775772,\"ThreeStar\":2099772,\"FourStar\":2585772,\"FiveStar\":3017772},{\"vehicle\":\"Hiace Commuter\",\"user\":7,\"wnaCost\":489285.71,\"mealCostPerPerson\":120000,\"WithoutAccomodation\":1726827.43,\"Guesthouse\":1942827.43,\"Homestay\":2205113.14,\"TwoStar\":2189684.57,\"ThreeStar\":2590827.43,\"FourStar\":3177113.14,\"FiveStar\":3701684.57},{\"vehicle\":\"Hiace Commuter\",\"user\":8,\"wnaCost\":487500,\"mealCostPerPerson\":105000,\"WithoutAccomodation\":1563894,\"Guesthouse\":1725894,\"Homestay\":1995894,\"TwoStar\":1941894,\"ThreeStar\":2265894,\"FourStar\":2751894,\"FiveStar\":3183894},{\"vehicle\":\"Hiace Commuter\",\"user\":9,\"wnaCost\":491666.67,\"mealCostPerPerson\":93333.33,\"WithoutAccomodation\":1545168,\"Guesthouse\":1749168,\"Homestay\":1929168,\"TwoStar\":1989168,\"ThreeStar\":2373168,\"FourStar\":2937168,\"FiveStar\":3441168},{\"vehicle\":\"Hiace Commuter\",\"user\":10,\"wnaCost\":490000,\"mealCostPerPerson\":84000,\"WithoutAccomodation\":1432987.2,\"Guesthouse\":1594987.2,\"Homestay\":1821787.2,\"TwoStar\":1810987.2,\"ThreeStar\":2134987.2,\"FourStar\":2620987.2,\"FiveStar\":3052987.2},{\"vehicle\":\"Hiace Commuter\",\"user\":11,\"wnaCost\":488636.36,\"mealCostPerPerson\":76363.64,\"WithoutAccomodation\":1380475.64,\"Guesthouse\":1576839.27,\"Homestay\":1841930.18,\"TwoStar\":1812475.64,\"ThreeStar\":2185566.55,\"FourStar\":2735384.73,\"FiveStar\":3226293.82},{\"vehicle\":\"Hiace Commuter\",\"user\":12,\"wnaCost\":487500,\"mealCostPerPerson\":70000,\"WithoutAccomodation\":1300716,\"Guesthouse\":1462716,\"Homestay\":1732716,\"TwoStar\":1678716,\"ThreeStar\":2002716,\"FourStar\":2488716,\"FiveStar\":2920716},{\"vehicle\":\"Elf Giga\",\"user\":13,\"wnaCost\":490384.62,\"mealCostPerPerson\":96923.08,\"WithoutAccomodation\":1367811.69,\"Guesthouse\":1558888.62,\"Homestay\":1766580.92,\"TwoStar\":1791504,\"ThreeStar\":2157042.46,\"FourStar\":2697042.46,\"FiveStar\":3178888.62},{\"vehicle\":\"Elf Giga\",\"user\":14,\"wnaCost\":489285.71,\"mealCostPerPerson\":90000,\"WithoutAccomodation\":1300350.86,\"Guesthouse\":1462350.86,\"Homestay\":1701493.71,\"TwoStar\":1678350.86,\"ThreeStar\":2002350.86,\"FourStar\":2488350.86,\"FiveStar\":2920350.86},{\"vehicle\":\"Elf Giga\",\"user\":15,\"wnaCost\":488333.33,\"mealCostPerPerson\":84000,\"WithoutAccomodation\":1270684.8,\"Guesthouse\":1457884.8,\"Homestay\":1724284.8,\"TwoStar\":1688284.8,\"ThreeStar\":2048284.8,\"FourStar\":2581084.8,\"FiveStar\":3056284.8},{\"vehicle\":\"Elf Giga\",\"user\":16,\"wnaCost\":487500,\"mealCostPerPerson\":78750,\"WithoutAccomodation\":1217727,\"Guesthouse\":1379727,\"Homestay\":1649727,\"TwoStar\":1595727,\"ThreeStar\":1919727,\"FourStar\":2405727,\"FiveStar\":2837727},{\"vehicle\":\"Elf Giga\",\"user\":17,\"wnaCost\":489705.88,\"mealCostPerPerson\":74117.65,\"WithoutAccomodation\":1228176,\"Guesthouse\":1412411.29,\"Homestay\":1634764.24,\"TwoStar\":1641117.18,\"ThreeStar\":1996881.88,\"FourStar\":2524176,\"FiveStar\":2994293.65},{\"vehicle\":\"Medium Bus\",\"user\":18,\"wnaCost\":488888.89,\"mealCostPerPerson\":70000,\"WithoutAccomodation\":1350264,\"Guesthouse\":1512264,\"Homestay\":1758264,\"TwoStar\":1728264,\"ThreeStar\":2052264,\"FourStar\":2538264,\"FiveStar\":2970264},{\"vehicle\":\"Medium Bus\",\"user\":19,\"wnaCost\":488157.89,\"mealCostPerPerson\":88421.05,\"WithoutAccomodation\":1348090.11,\"Guesthouse\":1529984.84,\"Homestay\":1797142.74,\"TwoStar\":1757353.26,\"ThreeStar\":2109774.32,\"FourStar\":2632721.68,\"FiveStar\":3098826.95},{\"vehicle\":\"Medium Bus\",\"user\":20,\"wnaCost\":487500,\"mealCostPerPerson\":84000,\"WithoutAccomodation\":1666353.6,\"Guesthouse\":1828353.6,\"Homestay\":2098353.6,\"TwoStar\":2044353.6,\"ThreeStar\":2368353.6,\"FourStar\":2854353.6,\"FiveStar\":3286353.6},{\"vehicle\":\"Medium Bus\",\"user\":21,\"wnaCost\":489285.71,\"mealCostPerPerson\":80000,\"WithoutAccomodation\":1653449.14,\"Guesthouse\":1833449.14,\"Homestay\":2064877.71,\"TwoStar\":2059734.86,\"ThreeStar\":2409449.14,\"FourStar\":2928877.71,\"FiveStar\":3391734.86},{\"vehicle\":\"Medium Bus\",\"user\":22,\"wnaCost\":488636.36,\"mealCostPerPerson\":76363.64,\"WithoutAccomodation\":1597536,\"Guesthouse\":1759536,\"Homestay\":2009899.64,\"TwoStar\":1975536,\"ThreeStar\":2299536,\"FourStar\":2785536,\"FiveStar\":3217536},{\"vehicle\":\"Medium Bus\",\"user\":23,\"wnaCost\":488043.48,\"mealCostPerPerson\":73043.48,\"WithoutAccomodation\":1565267.48,\"Guesthouse\":1743702.26,\"Homestay\":2011354.43,\"TwoStar\":1969093.57,\"ThreeStar\":2316571.83,\"FourStar\":2833093.57,\"FiveStar\":3293267.48},{\"vehicle\":\"Medium Bus\",\"user\":24,\"wnaCost\":487500,\"mealCostPerPerson\":70000,\"WithoutAccomodation\":1517688,\"Guesthouse\":1679688,\"Homestay\":1949688,\"TwoStar\":1895688,\"ThreeStar\":2219688,\"FourStar\":2705688,\"FiveStar\":3137688},{\"vehicle\":\"Medium Bus\",\"user\":25,\"wnaCost\":489000,\"mealCostPerPerson\":67200,\"WithoutAccomodation\":1512794.88,\"Guesthouse\":1689914.88,\"Homestay\":1927514.88,\"TwoStar\":1914554.88,\"ThreeStar\":2260154.88,\"FourStar\":2774234.88,\"FiveStar\":3232154.88},{\"vehicle\":\"Medium Bus\",\"user\":26,\"wnaCost\":488461.54,\"mealCostPerPerson\":64615.38,\"WithoutAccomodation\":1470893.54,\"Guesthouse\":1632893.54,\"Homestay\":1886278.15,\"TwoStar\":1848893.54,\"ThreeStar\":2172893.54,\"FourStar\":2658893.54,\"FiveStar\":3090893.54},{\"vehicle\":\"Medium Bus\",\"user\":27,\"wnaCost\":487962.96,\"mealCostPerPerson\":62222.22,\"WithoutAccomodation\":1448096,\"Guesthouse\":1624096,\"Homestay\":1892096,\"TwoStar\":1848096,\"ThreeStar\":2192096,\"FourStar\":2704096,\"FiveStar\":3160096},{\"vehicle\":\"Medium Bus\",\"user\":28,\"wnaCost\":487500,\"mealCostPerPerson\":60000,\"WithoutAccomodation\":1411498.29,\"Guesthouse\":1573498.29,\"Homestay\":1843498.29,\"TwoStar\":1789498.29,\"ThreeStar\":2113498.29,\"FourStar\":2599498.29,\"FiveStar\":3031498.29},{\"vehicle\":\"Medium Bus\",\"user\":29,\"wnaCost\":488793.1,\"mealCostPerPerson\":57931.03,\"WithoutAccomodation\":1410941.79,\"Guesthouse\":1585976.28,\"Homestay\":1828045.24,\"TwoStar\":1809424.55,\"ThreeStar\":2152045.24,\"FourStar\":2662252.14,\"FiveStar\":3116596.97},{\"vehicle\":\"Medium Bus\",\"user\":30,\"wnaCost\":488333.33,\"mealCostPerPerson\":56000,\"WithoutAccomodation\":1378022.4,\"Guesthouse\":1540022.4,\"Homestay\":1795622.4,\"TwoStar\":1756022.4,\"ThreeStar\":2080022.4,\"FourStar\":2566022.4,\"FiveStar\":2998022.4},{\"vehicle\":\"Big Bus HD\",\"user\":31,\"wnaCost\":487903.23,\"mealCostPerPerson\":67741.94,\"WithoutAccomodation\":1532046.19,\"Guesthouse\":1706239.74,\"Homestay\":1974497.81,\"TwoStar\":1929207.48,\"ThreeStar\":2270626.84,\"FourStar\":2779272,\"FiveStar\":3232175.23},{\"vehicle\":\"Big Bus HD\",\"user\":32,\"wnaCost\":487500,\"mealCostPerPerson\":65625,\"WithoutAccomodation\":1496893.5,\"Guesthouse\":1658893.5,\"Homestay\":1928893.5,\"TwoStar\":1874893.5,\"ThreeStar\":2198893.5,\"FourStar\":2684893.5,\"FiveStar\":3116893.5},{\"vehicle\":\"Big Bus HD\",\"user\":33,\"wnaCost\":488636.36,\"mealCostPerPerson\":63636.36,\"WithoutAccomodation\":1493325.82,\"Guesthouse\":1666780.36,\"Homestay\":1912234.91,\"TwoStar\":1889325.82,\"ThreeStar\":2229689.45,\"FourStar\":2736962.18,\"FiveStar\":3188598.55},{\"vehicle\":\"Big Bus HD\",\"user\":34,\"wnaCost\":488235.29,\"mealCostPerPerson\":61764.71,\"WithoutAccomodation\":1461379.76,\"Guesthouse\":1623379.76,\"Homestay\":1880673.88,\"TwoStar\":1839379.76,\"ThreeStar\":2163379.76,\"FourStar\":2649379.76,\"FiveStar\":3081379.76},{\"vehicle\":\"Big Bus HD\",\"user\":35,\"wnaCost\":487857.14,\"mealCostPerPerson\":60000,\"WithoutAccomodation\":1443602.06,\"Guesthouse\":1616402.06,\"Homestay\":1884859.2,\"TwoStar\":1838573.49,\"ThreeStar\":2178002.06,\"FourStar\":2684059.2,\"FiveStar\":3134573.49},{\"vehicle\":\"Big Bus HD\",\"user\":36,\"wnaCost\":487500,\"mealCostPerPerson\":58333.33,\"WithoutAccomodation\":1414812,\"Guesthouse\":1576812,\"Homestay\":1846812,\"TwoStar\":1792812,\"ThreeStar\":2116812,\"FourStar\":2602812,\"FiveStar\":3034812},{\"vehicle\":\"Big Bus HD\",\"user\":37,\"wnaCost\":488513.51,\"mealCostPerPerson\":56756.76,\"WithoutAccomodation\":1413848.43,\"Guesthouse\":1586064.65,\"Homestay\":1834172.76,\"TwoStar\":1807902.49,\"ThreeStar\":2146497.08,\"FourStar\":2651470.05,\"FiveStar\":3100983.57},{\"vehicle\":\"Big Bus HD\",\"user\":38,\"wnaCost\":488157.89,\"mealCostPerPerson\":55263.16,\"WithoutAccomodation\":1387356.63,\"Guesthouse\":1549356.63,\"Homestay\":1807988.21,\"TwoStar\":1765356.63,\"ThreeStar\":2089356.63,\"FourStar\":2575356.63,\"FiveStar\":3007356.63},{\"vehicle\":\"Big Bus HD\",\"user\":39,\"wnaCost\":487820.51,\"mealCostPerPerson\":53846.15,\"WithoutAccomodation\":1373300.31,\"Guesthouse\":1544992.62,\"Homestay\":1813608,\"TwoStar\":1766531.08,\"ThreeStar\":2104377.23,\"FourStar\":2608377.23,\"FiveStar\":3056992.62},{\"vehicle\":\"Big Bus HD\",\"user\":40,\"wnaCost\":487500,\"mealCostPerPerson\":52500,\"WithoutAccomodation\":1349146.8,\"Guesthouse\":1511146.8,\"Homestay\":1781146.8,\"TwoStar\":1727146.8,\"ThreeStar\":2051146.8,\"FourStar\":2537146.8,\"FiveStar\":2969146.8},{\"vehicle\":\"Big Bus HD\",\"user\":41,\"wnaCost\":488414.63,\"mealCostPerPerson\":61463.41,\"WithoutAccomodation\":1360942.24,\"Guesthouse\":1532161.76,\"Homestay\":1782405.66,\"TwoStar\":1753430.05,\"ThreeStar\":2090600.78,\"FourStar\":2593722.73,\"FiveStar\":3041527.61},{\"vehicle\":\"Big Bus HD\",\"user\":42,\"wnaCost\":488095.24,\"mealCostPerPerson\":60000,\"WithoutAccomodation\":1338233.14,\"Guesthouse\":1500233.14,\"Homestay\":1759947.43,\"TwoStar\":1716233.14,\"ThreeStar\":2040233.14,\"FourStar\":2526233.14,\"FiveStar\":2958233.14},{\"vehicle\":\"Big Bus HD\",\"user\":43,\"wnaCost\":487790.7,\"mealCostPerPerson\":58604.65,\"WithoutAccomodation\":1326626.79,\"Guesthouse\":1497417.49,\"Homestay\":1766161.67,\"TwoStar\":1718440.74,\"ThreeStar\":2054998.88,\"FourStar\":2557324.47,\"FiveStar\":3004394.23},{\"vehicle\":\"Big Bus HD\",\"user\":44,\"wnaCost\":487500,\"mealCostPerPerson\":57272.73,\"WithoutAccomodation\":1305729.82,\"Guesthouse\":1467729.82,\"Homestay\":1737729.82,\"TwoStar\":1683729.82,\"ThreeStar\":2007729.82,\"FourStar\":2493729.82,\"FiveStar\":2925729.82},{\"vehicle\":\"Big Bus HD\",\"user\":45,\"wnaCost\":488333.33,\"mealCostPerPerson\":56000,\"WithoutAccomodation\":1307361.6,\"Guesthouse\":1477761.6,\"Homestay\":1729761.6,\"TwoStar\":1698561.6,\"ThreeStar\":2034561.6,\"FourStar\":2536161.6,\"FiveStar\":2982561.6},{\"vehicle\":\"Big Bus SHD\",\"user\":46,\"wnaCost\":488043.48,\"mealCostPerPerson\":54782.61,\"WithoutAccomodation\":1337096.35,\"Guesthouse\":1499096.35,\"Homestay\":1759705.04,\"TwoStar\":1715096.35,\"ThreeStar\":2039096.35,\"FourStar\":2525096.35,\"FiveStar\":2957096.35},{\"vehicle\":\"Big Bus SHD\",\"user\":47,\"wnaCost\":487765.96,\"mealCostPerPerson\":53617.02,\"WithoutAccomodation\":1326501.96,\"Guesthouse\":1496544.51,\"Homestay\":1765395.57,\"TwoStar\":1717140.26,\"ThreeStar\":2052629.62,\"FourStar\":2553565.79,\"FiveStar\":2999353.02},{\"vehicle\":\"Big Bus SHD\",\"user\":48,\"wnaCost\":487500,\"mealCostPerPerson\":52500,\"WithoutAccomodation\":1307349,\"Guesthouse\":1469349,\"Homestay\":1739349,\"TwoStar\":1685349,\"ThreeStar\":2009349,\"FourStar\":2495349,\"FiveStar\":2927349},{\"vehicle\":\"Big Bus SHD\",\"user\":49,\"wnaCost\":488265.31,\"mealCostPerPerson\":51428.57,\"WithoutAccomodation\":1308814.53,\"Guesthouse\":1478528.82,\"Homestay\":1731998.2,\"TwoStar\":1698936.98,\"ThreeStar\":2033957.39,\"FourStar\":2534283.92,\"FiveStar\":2979508.41},{\"vehicle\":\"Big Bus SHD\",\"user\":50,\"wnaCost\":488000,\"mealCostPerPerson\":50400,\"WithoutAccomodation\":1290781.44,\"Guesthouse\":1452781.44,\"Homestay\":1714141.44,\"TwoStar\":1668781.44,\"ThreeStar\":1992781.44,\"FourStar\":2478781.44,\"FiveStar\":2910781.44},{\"vehicle\":\"Big Bus SHD\",\"user\":51,\"wnaCost\":487745.1,\"mealCostPerPerson\":49411.76,\"WithoutAccomodation\":1281926.12,\"Guesthouse\":1451337.88,\"Homestay\":1720279.06,\"TwoStar\":1671573.18,\"ThreeStar\":2006161.41,\"FourStar\":2505926.12,\"FiveStar\":2950632},{\"vehicle\":\"Big Bus SHD\",\"user\":52,\"wnaCost\":487500,\"mealCostPerPerson\":48461.54,\"WithoutAccomodation\":1265103.69,\"Guesthouse\":1427103.69,\"Homestay\":1697103.69,\"TwoStar\":1643103.69,\"ThreeStar\":1967103.69,\"FourStar\":2453103.69,\"FiveStar\":2885103.69},{\"vehicle\":\"Big Bus SHD\",\"user\":53,\"wnaCost\":488207.55,\"mealCostPerPerson\":47547.17,\"WithoutAccomodation\":1267255.7,\"Guesthouse\":1436387.77,\"Homestay\":1691104.75,\"TwoStar\":1656463.25,\"ThreeStar\":1990651.92,\"FourStar\":2489897.21,\"FiveStar\":2934123.62},{\"vehicle\":\"Big Bus SHD\",\"user\":54,\"wnaCost\":487962.96,\"mealCostPerPerson\":46666.67,\"WithoutAccomodation\":1251328,\"Guesthouse\":1413328,\"Homestay\":1675328,\"TwoStar\":1629328,\"ThreeStar\":1953328,\"FourStar\":2439328,\"FiveStar\":2871328},{\"vehicle\":\"Big Bus SHD\",\"user\":55,\"wnaCost\":487727.27,\"mealCostPerPerson\":45818.18,\"WithoutAccomodation\":1243834.04,\"Guesthouse\":1412706.76,\"Homestay\":1681724.95,\"TwoStar\":1632634.04,\"ThreeStar\":1966452.22,\"FourStar\":2465215.85,\"FiveStar\":2908997.67}]}]', '2025-01-30 23:32:47', '2025-02-01 21:53:55');
INSERT INTO `package_three_prices` (`id`, `package_three_day_id`, `price_data`, `created_at`, `updated_at`) VALUES
(9, 9, '[{\"Price Type\":\"Include Meal\",\"data\":[{\"Price Type\":\"Include Meal\"},{\"vehicle\":\"Avanza\",\"user\":1,\"wnaCost\":450000,\"mealCostPerPerson\":840000,\"WithoutAccomodation\":4774032,\"Guesthouse\":5314032,\"Homestay\":6934032,\"TwoStar\":5746032,\"ThreeStar\":6610032,\"FourStar\":7798032,\"FiveStar\":8878032},{\"vehicle\":\"Avanza\",\"user\":2,\"wnaCost\":425000,\"mealCostPerPerson\":630000,\"WithoutAccomodation\":2852496,\"Guesthouse\":3014496,\"Homestay\":4148496,\"TwoStar\":3230496,\"ThreeStar\":3554496,\"FourStar\":4040496,\"FiveStar\":4472496},{\"vehicle\":\"Avanza\",\"user\":3,\"wnaCost\":416666.67,\"mealCostPerPerson\":560000,\"WithoutAccomodation\":2355984,\"Guesthouse\":2643984,\"Homestay\":2895984,\"TwoStar\":2931984,\"ThreeStar\":3435984,\"FourStar\":4155984,\"FiveStar\":4803984},{\"vehicle\":\"Avanza\",\"user\":4,\"wnaCost\":412500,\"mealCostPerPerson\":525000,\"WithoutAccomodation\":1999728,\"Guesthouse\":2161728,\"Homestay\":2161728,\"TwoStar\":2377728,\"ThreeStar\":2701728,\"FourStar\":3187728,\"FiveStar\":3619728},{\"vehicle\":\"Avanza\",\"user\":5,\"wnaCost\":420000,\"mealCostPerPerson\":504000,\"WithoutAccomodation\":1991174.4,\"Guesthouse\":2228774.4,\"Homestay\":2552774.4,\"TwoStar\":2487974.4,\"ThreeStar\":2919974.4,\"FourStar\":3546374.4,\"FiveStar\":4107974.4},{\"vehicle\":\"Innova\",\"user\":6,\"wnaCost\":416666.67,\"mealCostPerPerson\":490000,\"WithoutAccomodation\":1922472,\"Guesthouse\":2084472,\"Homestay\":2462472,\"TwoStar\":2300472,\"ThreeStar\":2624472,\"FourStar\":3110472,\"FiveStar\":3542472},{\"vehicle\":\"Hiace Commuter\",\"user\":7,\"wnaCost\":414285.71,\"mealCostPerPerson\":540000,\"WithoutAccomodation\":2248313.14,\"Guesthouse\":2464313.14,\"Homestay\":2572313.14,\"TwoStar\":2711170.29,\"ThreeStar\":3112313.14,\"FourStar\":3698598.86,\"FiveStar\":4223170.29},{\"vehicle\":\"Hiace Commuter\",\"user\":8,\"wnaCost\":412500,\"mealCostPerPerson\":525000,\"WithoutAccomodation\":2083644,\"Guesthouse\":2245644,\"Homestay\":2245644,\"TwoStar\":2461644,\"ThreeStar\":2785644,\"FourStar\":3271644,\"FiveStar\":3703644},{\"vehicle\":\"Hiace Commuter\",\"user\":9,\"wnaCost\":416666.67,\"mealCostPerPerson\":513333.33,\"WithoutAccomodation\":2069568,\"Guesthouse\":2273568,\"Homestay\":2453568,\"TwoStar\":2513568,\"ThreeStar\":2897568,\"FourStar\":3461568,\"FiveStar\":3965568},{\"vehicle\":\"Hiace Commuter\",\"user\":10,\"wnaCost\":415000,\"mealCostPerPerson\":504000,\"WithoutAccomodation\":1955707.2,\"Guesthouse\":2117707.2,\"Homestay\":2344507.2,\"TwoStar\":2333707.2,\"ThreeStar\":2657707.2,\"FourStar\":3143707.2,\"FiveStar\":3575707.2},{\"vehicle\":\"Hiace Commuter\",\"user\":11,\"wnaCost\":413636.36,\"mealCostPerPerson\":496363.64,\"WithoutAccomodation\":1901821.09,\"Guesthouse\":2098184.73,\"Homestay\":2166912,\"TwoStar\":2333821.09,\"ThreeStar\":2706912,\"FourStar\":3256730.18,\"FiveStar\":3747639.27},{\"vehicle\":\"Hiace Commuter\",\"user\":12,\"wnaCost\":412500,\"mealCostPerPerson\":490000,\"WithoutAccomodation\":1820916,\"Guesthouse\":1982916,\"Homestay\":1982916,\"TwoStar\":2198916,\"ThreeStar\":2522916,\"FourStar\":3008916,\"FiveStar\":3440916},{\"vehicle\":\"Elf Giga\",\"user\":13,\"wnaCost\":415384.62,\"mealCostPerPerson\":516923.08,\"WithoutAccomodation\":1891196.31,\"Guesthouse\":2082273.23,\"Homestay\":2206888.62,\"TwoStar\":2314888.62,\"ThreeStar\":2680427.08,\"FourStar\":3220427.08,\"FiveStar\":3702273.23},{\"vehicle\":\"Elf Giga\",\"user\":14,\"wnaCost\":414285.71,\"mealCostPerPerson\":510000,\"WithoutAccomodation\":1822608,\"Guesthouse\":1984608,\"Homestay\":2146608,\"TwoStar\":2200608,\"ThreeStar\":2524608,\"FourStar\":3010608,\"FiveStar\":3442608},{\"vehicle\":\"Elf Giga\",\"user\":15,\"wnaCost\":413333.33,\"mealCostPerPerson\":504000,\"WithoutAccomodation\":1791964.8,\"Guesthouse\":1979164.8,\"Homestay\":2029564.8,\"TwoStar\":2209564.8,\"ThreeStar\":2569564.8,\"FourStar\":3102364.8,\"FiveStar\":3577564.8},{\"vehicle\":\"Elf Giga\",\"user\":16,\"wnaCost\":412500,\"mealCostPerPerson\":498750,\"WithoutAccomodation\":1738152,\"Guesthouse\":1900152,\"Homestay\":1900152,\"TwoStar\":2116152,\"ThreeStar\":2440152,\"FourStar\":2926152,\"FiveStar\":3358152},{\"vehicle\":\"Elf Giga\",\"user\":17,\"wnaCost\":414705.88,\"mealCostPerPerson\":494117.65,\"WithoutAccomodation\":1751023.06,\"Guesthouse\":1935258.35,\"Homestay\":2030552.47,\"TwoStar\":2163964.24,\"ThreeStar\":2519728.94,\"FourStar\":3047023.06,\"FiveStar\":3517140.71},{\"vehicle\":\"Medium Bus\",\"user\":18,\"wnaCost\":413888.89,\"mealCostPerPerson\":490000,\"WithoutAccomodation\":1877064,\"Guesthouse\":2039064,\"Homestay\":2165064,\"TwoStar\":2255064,\"ThreeStar\":2579064,\"FourStar\":3065064,\"FiveStar\":3497064},{\"vehicle\":\"Medium Bus\",\"user\":19,\"wnaCost\":413157.89,\"mealCostPerPerson\":508421.05,\"WithoutAccomodation\":1873879.58,\"Guesthouse\":2055774.32,\"Homestay\":2095563.79,\"TwoStar\":2283142.74,\"ThreeStar\":2635563.79,\"FourStar\":3158511.16,\"FiveStar\":3624616.42},{\"vehicle\":\"Medium Bus\",\"user\":20,\"wnaCost\":412500,\"mealCostPerPerson\":504000,\"WithoutAccomodation\":2191233.6,\"Guesthouse\":2353233.6,\"Homestay\":2353233.6,\"TwoStar\":2569233.6,\"ThreeStar\":2893233.6,\"FourStar\":3379233.6,\"FiveStar\":3811233.6},{\"vehicle\":\"Medium Bus\",\"user\":21,\"wnaCost\":414285.71,\"mealCostPerPerson\":500000,\"WithoutAccomodation\":2180077.71,\"Guesthouse\":2360077.71,\"Homestay\":2437220.57,\"TwoStar\":2586363.43,\"ThreeStar\":2936077.71,\"FourStar\":3455506.29,\"FiveStar\":3918363.43},{\"vehicle\":\"Medium Bus\",\"user\":22,\"wnaCost\":413636.36,\"mealCostPerPerson\":496363.64,\"WithoutAccomodation\":2123299.64,\"Guesthouse\":2285299.64,\"Homestay\":2388390.55,\"TwoStar\":2501299.64,\"ThreeStar\":2825299.64,\"FourStar\":3311299.64,\"FiveStar\":3743299.64},{\"vehicle\":\"Medium Bus\",\"user\":23,\"wnaCost\":413043.48,\"mealCostPerPerson\":493043.48,\"WithoutAccomodation\":2090241.39,\"Guesthouse\":2268676.17,\"Homestay\":2301545.74,\"TwoStar\":2494067.48,\"ThreeStar\":2841545.74,\"FourStar\":3358067.48,\"FiveStar\":3818241.39},{\"vehicle\":\"Medium Bus\",\"user\":24,\"wnaCost\":412500,\"mealCostPerPerson\":490000,\"WithoutAccomodation\":2041938,\"Guesthouse\":2203938,\"Homestay\":2203938,\"TwoStar\":2419938,\"ThreeStar\":2743938,\"FourStar\":3229938,\"FiveStar\":3661938},{\"vehicle\":\"Medium Bus\",\"user\":25,\"wnaCost\":414000,\"mealCostPerPerson\":487200,\"WithoutAccomodation\":2038538.88,\"Guesthouse\":2215658.88,\"Homestay\":2280458.88,\"TwoStar\":2440298.88,\"ThreeStar\":2785898.88,\"FourStar\":3299978.88,\"FiveStar\":3757898.88},{\"vehicle\":\"Medium Bus\",\"user\":26,\"wnaCost\":413461.54,\"mealCostPerPerson\":484615.38,\"WithoutAccomodation\":1995939.69,\"Guesthouse\":2157939.69,\"Homestay\":2245170.46,\"TwoStar\":2373939.69,\"ThreeStar\":2697939.69,\"FourStar\":3183939.69,\"FiveStar\":3615939.69},{\"vehicle\":\"Medium Bus\",\"user\":27,\"wnaCost\":412962.96,\"mealCostPerPerson\":482222.22,\"WithoutAccomodation\":1972496,\"Guesthouse\":2148496,\"Homestay\":2176496,\"TwoStar\":2372496,\"ThreeStar\":2716496,\"FourStar\":3228496,\"FiveStar\":3684496},{\"vehicle\":\"Medium Bus\",\"user\":28,\"wnaCost\":412500,\"mealCostPerPerson\":480000,\"WithoutAccomodation\":1935298.29,\"Guesthouse\":2097298.29,\"Homestay\":2097298.29,\"TwoStar\":2313298.29,\"ThreeStar\":2637298.29,\"FourStar\":3123298.29,\"FiveStar\":3555298.29},{\"vehicle\":\"Medium Bus\",\"user\":29,\"wnaCost\":413793.1,\"mealCostPerPerson\":477931.03,\"WithoutAccomodation\":1936045.24,\"Guesthouse\":2111079.72,\"Homestay\":2166941.79,\"TwoStar\":2334528,\"ThreeStar\":2677148.69,\"FourStar\":3187355.59,\"FiveStar\":3641700.41},{\"vehicle\":\"Medium Bus\",\"user\":30,\"wnaCost\":413333.33,\"mealCostPerPerson\":476000,\"WithoutAccomodation\":1902542.4,\"Guesthouse\":2064542.4,\"Homestay\":2140142.4,\"TwoStar\":2280542.4,\"ThreeStar\":2604542.4,\"FourStar\":3090542.4,\"FiveStar\":3522542.4},{\"vehicle\":\"Big Bus HD\",\"user\":31,\"wnaCost\":412903.23,\"mealCostPerPerson\":487741.94,\"WithoutAccomodation\":2056020.39,\"Guesthouse\":2230213.94,\"Homestay\":2254601.03,\"TwoStar\":2453181.68,\"ThreeStar\":2794601.03,\"FourStar\":3303246.19,\"FiveStar\":3756149.42},{\"vehicle\":\"Big Bus HD\",\"user\":32,\"wnaCost\":412500,\"mealCostPerPerson\":485625,\"WithoutAccomodation\":2020356,\"Guesthouse\":2182356,\"Homestay\":2182356,\"TwoStar\":2398356,\"ThreeStar\":2722356,\"FourStar\":3208356,\"FiveStar\":3640356},{\"vehicle\":\"Big Bus HD\",\"user\":33,\"wnaCost\":413636.36,\"mealCostPerPerson\":483636.36,\"WithoutAccomodation\":2017944,\"Guesthouse\":2191398.55,\"Homestay\":2240489.45,\"TwoStar\":2413944,\"ThreeStar\":2754307.64,\"FourStar\":3261580.36,\"FiveStar\":3713216.73},{\"vehicle\":\"Big Bus HD\",\"user\":34,\"wnaCost\":413235.29,\"mealCostPerPerson\":481764.71,\"WithoutAccomodation\":1985497.41,\"Guesthouse\":2147497.41,\"Homestay\":2214203.29,\"TwoStar\":2363497.41,\"ThreeStar\":2687497.41,\"FourStar\":3173497.41,\"FiveStar\":3605497.41},{\"vehicle\":\"Big Bus HD\",\"user\":35,\"wnaCost\":412857.14,\"mealCostPerPerson\":480000,\"WithoutAccomodation\":1967247.77,\"Guesthouse\":2140047.77,\"Homestay\":2161647.77,\"TwoStar\":2362219.2,\"ThreeStar\":2701647.77,\"FourStar\":3207704.91,\"FiveStar\":3658219.2},{\"vehicle\":\"Big Bus HD\",\"user\":36,\"wnaCost\":412500,\"mealCostPerPerson\":478333.33,\"WithoutAccomodation\":1938012,\"Guesthouse\":2100012,\"Homestay\":2100012,\"TwoStar\":2316012,\"ThreeStar\":2640012,\"FourStar\":3126012,\"FiveStar\":3558012},{\"vehicle\":\"Big Bus HD\",\"user\":37,\"wnaCost\":413513.51,\"mealCostPerPerson\":476756.76,\"WithoutAccomodation\":1938086.27,\"Guesthouse\":2110302.49,\"Homestay\":2154086.27,\"TwoStar\":2332140.32,\"ThreeStar\":2670734.92,\"FourStar\":3175707.89,\"FiveStar\":3625221.41},{\"vehicle\":\"Big Bus HD\",\"user\":38,\"wnaCost\":413157.89,\"mealCostPerPerson\":475263.16,\"WithoutAccomodation\":1911156.63,\"Guesthouse\":2073156.63,\"Homestay\":2132840.84,\"TwoStar\":2289156.63,\"ThreeStar\":2613156.63,\"FourStar\":3099156.63,\"FiveStar\":3531156.63},{\"vehicle\":\"Big Bus HD\",\"user\":39,\"wnaCost\":412820.51,\"mealCostPerPerson\":473846.15,\"WithoutAccomodation\":1896684.92,\"Guesthouse\":2068377.23,\"Homestay\":2087761.85,\"TwoStar\":2289915.69,\"ThreeStar\":2627761.85,\"FourStar\":3131761.85,\"FiveStar\":3580377.23},{\"vehicle\":\"Big Bus HD\",\"user\":40,\"wnaCost\":412500,\"mealCostPerPerson\":472500,\"WithoutAccomodation\":1872136.8,\"Guesthouse\":2034136.8,\"Homestay\":2034136.8,\"TwoStar\":2250136.8,\"ThreeStar\":2574136.8,\"FourStar\":3060136.8,\"FiveStar\":3492136.8},{\"vehicle\":\"Big Bus HD\",\"user\":41,\"wnaCost\":413414.63,\"mealCostPerPerson\":481463.41,\"WithoutAccomodation\":1884873.95,\"Guesthouse\":2056093.46,\"Homestay\":2095605.66,\"TwoStar\":2277361.76,\"ThreeStar\":2614532.49,\"FourStar\":3117654.44,\"FiveStar\":3565459.32},{\"vehicle\":\"Big Bus HD\",\"user\":42,\"wnaCost\":413095.24,\"mealCostPerPerson\":480000,\"WithoutAccomodation\":1861776,\"Guesthouse\":2023776,\"Homestay\":2077776,\"TwoStar\":2239776,\"ThreeStar\":2563776,\"FourStar\":3049776,\"FiveStar\":3481776},{\"vehicle\":\"Big Bus HD\",\"user\":43,\"wnaCost\":412790.7,\"mealCostPerPerson\":478604.65,\"WithoutAccomodation\":1849798.88,\"Guesthouse\":2020589.58,\"Homestay\":2038170.98,\"TwoStar\":2241612.84,\"ThreeStar\":2578170.98,\"FourStar\":3080496.56,\"FiveStar\":3527566.33},{\"vehicle\":\"Big Bus HD\",\"user\":44,\"wnaCost\":412500,\"mealCostPerPerson\":477272.73,\"WithoutAccomodation\":1828548,\"Guesthouse\":1990548,\"Homestay\":1990548,\"TwoStar\":2206548,\"ThreeStar\":2530548,\"FourStar\":3016548,\"FiveStar\":3448548},{\"vehicle\":\"Big Bus HD\",\"user\":45,\"wnaCost\":413333.33,\"mealCostPerPerson\":476000,\"WithoutAccomodation\":1831041.6,\"Guesthouse\":2001441.6,\"Homestay\":2037441.6,\"TwoStar\":2222241.6,\"ThreeStar\":2558241.6,\"FourStar\":3059841.6,\"FiveStar\":3506241.6},{\"vehicle\":\"Big Bus SHD\",\"user\":46,\"wnaCost\":413043.48,\"mealCostPerPerson\":474782.61,\"WithoutAccomodation\":1860426.78,\"Guesthouse\":2022426.78,\"Homestay\":2071731.13,\"TwoStar\":2238426.78,\"ThreeStar\":2562426.78,\"FourStar\":3048426.78,\"FiveStar\":3480426.78},{\"vehicle\":\"Big Bus SHD\",\"user\":47,\"wnaCost\":412765.96,\"mealCostPerPerson\":473617.02,\"WithoutAccomodation\":1849497.7,\"Guesthouse\":2019540.26,\"Homestay\":2035625.36,\"TwoStar\":2240136,\"ThreeStar\":2575625.36,\"FourStar\":3076561.53,\"FiveStar\":3522348.77},{\"vehicle\":\"Big Bus SHD\",\"user\":48,\"wnaCost\":412500,\"mealCostPerPerson\":472500,\"WithoutAccomodation\":1830024,\"Guesthouse\":1992024,\"Homestay\":1992024,\"TwoStar\":2208024,\"ThreeStar\":2532024,\"FourStar\":3018024,\"FiveStar\":3450024},{\"vehicle\":\"Big Bus SHD\",\"user\":49,\"wnaCost\":413265.31,\"mealCostPerPerson\":471428.57,\"WithoutAccomodation\":1832283.92,\"Guesthouse\":2001998.2,\"Homestay\":2035059.43,\"TwoStar\":2222406.37,\"ThreeStar\":2557426.78,\"FourStar\":3057753.31,\"FiveStar\":3502977.8},{\"vehicle\":\"Big Bus SHD\",\"user\":50,\"wnaCost\":413000,\"mealCostPerPerson\":470400,\"WithoutAccomodation\":1813933.44,\"Guesthouse\":1975933.44,\"Homestay\":2021293.44,\"TwoStar\":2191933.44,\"ThreeStar\":2515933.44,\"FourStar\":3001933.44,\"FiveStar\":3433933.44},{\"vehicle\":\"Big Bus SHD\",\"user\":51,\"wnaCost\":412745.1,\"mealCostPerPerson\":469411.76,\"WithoutAccomodation\":1804773.18,\"Guesthouse\":1974184.94,\"Homestay\":1989008.47,\"TwoStar\":2194420.24,\"ThreeStar\":2529008.47,\"FourStar\":3028773.18,\"FiveStar\":3473479.06},{\"vehicle\":\"Big Bus SHD\",\"user\":52,\"wnaCost\":412500,\"mealCostPerPerson\":468461.54,\"WithoutAccomodation\":1787657.54,\"Guesthouse\":1949657.54,\"Homestay\":1949657.54,\"TwoStar\":2165657.54,\"ThreeStar\":2489657.54,\"FourStar\":2975657.54,\"FiveStar\":3407657.54},{\"vehicle\":\"Big Bus SHD\",\"user\":53,\"wnaCost\":413207.55,\"mealCostPerPerson\":467547.17,\"WithoutAccomodation\":1790546.26,\"Guesthouse\":1959678.34,\"Homestay\":1990244.38,\"TwoStar\":2179753.81,\"ThreeStar\":2513942.49,\"FourStar\":3013187.77,\"FiveStar\":3457414.19},{\"vehicle\":\"Big Bus SHD\",\"user\":54,\"wnaCost\":412962.96,\"mealCostPerPerson\":466666.67,\"WithoutAccomodation\":1774328,\"Guesthouse\":1936328,\"Homestay\":1978328,\"TwoStar\":2152328,\"ThreeStar\":2476328,\"FourStar\":2962328,\"FiveStar\":3394328},{\"vehicle\":\"Big Bus SHD\",\"user\":55,\"wnaCost\":412727.27,\"mealCostPerPerson\":465818.18,\"WithoutAccomodation\":1766554.04,\"Guesthouse\":1935426.76,\"Homestay\":1949172.22,\"TwoStar\":2155354.04,\"ThreeStar\":2489172.22,\"FourStar\":2987935.85,\"FiveStar\":3431717.67}]},{\"Price Type\":\"Exclude Meal\",\"data\":[{\"Price Type\":\"Exclude Meal\"},{\"vehicle\":\"Avanza\",\"user\":1,\"wnaCost\":450000,\"mealCostPerPerson\":420000,\"WithoutAccomodation\":4320432,\"Guesthouse\":4860432,\"Homestay\":6480432,\"TwoStar\":5292432,\"ThreeStar\":6156432,\"FourStar\":7344432,\"FiveStar\":8424432},{\"vehicle\":\"Avanza\",\"user\":2,\"wnaCost\":425000,\"mealCostPerPerson\":210000,\"WithoutAccomodation\":2398896,\"Guesthouse\":2560896,\"Homestay\":3694896,\"TwoStar\":2776896,\"ThreeStar\":3100896,\"FourStar\":3586896,\"FiveStar\":4018896},{\"vehicle\":\"Avanza\",\"user\":3,\"wnaCost\":416666.67,\"mealCostPerPerson\":140000,\"WithoutAccomodation\":1902384,\"Guesthouse\":2190384,\"Homestay\":2442384,\"TwoStar\":2478384,\"ThreeStar\":2982384,\"FourStar\":3702384,\"FiveStar\":4350384},{\"vehicle\":\"Avanza\",\"user\":4,\"wnaCost\":412500,\"mealCostPerPerson\":105000,\"WithoutAccomodation\":1546128,\"Guesthouse\":1708128,\"Homestay\":1708128,\"TwoStar\":1924128,\"ThreeStar\":2248128,\"FourStar\":2734128,\"FiveStar\":3166128},{\"vehicle\":\"Avanza\",\"user\":5,\"wnaCost\":420000,\"mealCostPerPerson\":84000,\"WithoutAccomodation\":1537574.4,\"Guesthouse\":1775174.4,\"Homestay\":2099174.4,\"TwoStar\":2034374.4,\"ThreeStar\":2466374.4,\"FourStar\":3092774.4,\"FiveStar\":3654374.4},{\"vehicle\":\"Innova\",\"user\":6,\"wnaCost\":416666.67,\"mealCostPerPerson\":70000,\"WithoutAccomodation\":1468872,\"Guesthouse\":1630872,\"Homestay\":2008872,\"TwoStar\":1846872,\"ThreeStar\":2170872,\"FourStar\":2656872,\"FiveStar\":3088872},{\"vehicle\":\"Hiace Commuter\",\"user\":7,\"wnaCost\":414285.71,\"mealCostPerPerson\":120000,\"WithoutAccomodation\":1794713.14,\"Guesthouse\":2010713.14,\"Homestay\":2118713.14,\"TwoStar\":2257570.29,\"ThreeStar\":2658713.14,\"FourStar\":3244998.86,\"FiveStar\":3769570.29},{\"vehicle\":\"Hiace Commuter\",\"user\":8,\"wnaCost\":412500,\"mealCostPerPerson\":105000,\"WithoutAccomodation\":1630044,\"Guesthouse\":1792044,\"Homestay\":1792044,\"TwoStar\":2008044,\"ThreeStar\":2332044,\"FourStar\":2818044,\"FiveStar\":3250044},{\"vehicle\":\"Hiace Commuter\",\"user\":9,\"wnaCost\":416666.67,\"mealCostPerPerson\":93333.33,\"WithoutAccomodation\":1615968,\"Guesthouse\":1819968,\"Homestay\":1999968,\"TwoStar\":2059968,\"ThreeStar\":2443968,\"FourStar\":3007968,\"FiveStar\":3511968},{\"vehicle\":\"Hiace Commuter\",\"user\":10,\"wnaCost\":415000,\"mealCostPerPerson\":84000,\"WithoutAccomodation\":1502107.2,\"Guesthouse\":1664107.2,\"Homestay\":1890907.2,\"TwoStar\":1880107.2,\"ThreeStar\":2204107.2,\"FourStar\":2690107.2,\"FiveStar\":3122107.2},{\"vehicle\":\"Hiace Commuter\",\"user\":11,\"wnaCost\":413636.36,\"mealCostPerPerson\":76363.64,\"WithoutAccomodation\":1448221.09,\"Guesthouse\":1644584.73,\"Homestay\":1713312,\"TwoStar\":1880221.09,\"ThreeStar\":2253312,\"FourStar\":2803130.18,\"FiveStar\":3294039.27},{\"vehicle\":\"Hiace Commuter\",\"user\":12,\"wnaCost\":412500,\"mealCostPerPerson\":70000,\"WithoutAccomodation\":1367316,\"Guesthouse\":1529316,\"Homestay\":1529316,\"TwoStar\":1745316,\"ThreeStar\":2069316,\"FourStar\":2555316,\"FiveStar\":2987316},{\"vehicle\":\"Elf Giga\",\"user\":13,\"wnaCost\":415384.62,\"mealCostPerPerson\":96923.08,\"WithoutAccomodation\":1437596.31,\"Guesthouse\":1628673.23,\"Homestay\":1753288.62,\"TwoStar\":1861288.62,\"ThreeStar\":2226827.08,\"FourStar\":2766827.08,\"FiveStar\":3248673.23},{\"vehicle\":\"Elf Giga\",\"user\":14,\"wnaCost\":414285.71,\"mealCostPerPerson\":90000,\"WithoutAccomodation\":1369008,\"Guesthouse\":1531008,\"Homestay\":1693008,\"TwoStar\":1747008,\"ThreeStar\":2071008,\"FourStar\":2557008,\"FiveStar\":2989008},{\"vehicle\":\"Elf Giga\",\"user\":15,\"wnaCost\":413333.33,\"mealCostPerPerson\":84000,\"WithoutAccomodation\":1338364.8,\"Guesthouse\":1525564.8,\"Homestay\":1575964.8,\"TwoStar\":1755964.8,\"ThreeStar\":2115964.8,\"FourStar\":2648764.8,\"FiveStar\":3123964.8},{\"vehicle\":\"Elf Giga\",\"user\":16,\"wnaCost\":412500,\"mealCostPerPerson\":78750,\"WithoutAccomodation\":1284552,\"Guesthouse\":1446552,\"Homestay\":1446552,\"TwoStar\":1662552,\"ThreeStar\":1986552,\"FourStar\":2472552,\"FiveStar\":2904552},{\"vehicle\":\"Elf Giga\",\"user\":17,\"wnaCost\":414705.88,\"mealCostPerPerson\":74117.65,\"WithoutAccomodation\":1297423.06,\"Guesthouse\":1481658.35,\"Homestay\":1576952.47,\"TwoStar\":1710364.24,\"ThreeStar\":2066128.94,\"FourStar\":2593423.06,\"FiveStar\":3063540.71},{\"vehicle\":\"Medium Bus\",\"user\":18,\"wnaCost\":413888.89,\"mealCostPerPerson\":70000,\"WithoutAccomodation\":1423464,\"Guesthouse\":1585464,\"Homestay\":1711464,\"TwoStar\":1801464,\"ThreeStar\":2125464,\"FourStar\":2611464,\"FiveStar\":3043464},{\"vehicle\":\"Medium Bus\",\"user\":19,\"wnaCost\":413157.89,\"mealCostPerPerson\":88421.05,\"WithoutAccomodation\":1420279.58,\"Guesthouse\":1602174.32,\"Homestay\":1641963.79,\"TwoStar\":1829542.74,\"ThreeStar\":2181963.79,\"FourStar\":2704911.16,\"FiveStar\":3171016.42},{\"vehicle\":\"Medium Bus\",\"user\":20,\"wnaCost\":412500,\"mealCostPerPerson\":84000,\"WithoutAccomodation\":1737633.6,\"Guesthouse\":1899633.6,\"Homestay\":1899633.6,\"TwoStar\":2115633.6,\"ThreeStar\":2439633.6,\"FourStar\":2925633.6,\"FiveStar\":3357633.6},{\"vehicle\":\"Medium Bus\",\"user\":21,\"wnaCost\":414285.71,\"mealCostPerPerson\":80000,\"WithoutAccomodation\":1726477.71,\"Guesthouse\":1906477.71,\"Homestay\":1983620.57,\"TwoStar\":2132763.43,\"ThreeStar\":2482477.71,\"FourStar\":3001906.29,\"FiveStar\":3464763.43},{\"vehicle\":\"Medium Bus\",\"user\":22,\"wnaCost\":413636.36,\"mealCostPerPerson\":76363.64,\"WithoutAccomodation\":1669699.64,\"Guesthouse\":1831699.64,\"Homestay\":1934790.55,\"TwoStar\":2047699.64,\"ThreeStar\":2371699.64,\"FourStar\":2857699.64,\"FiveStar\":3289699.64},{\"vehicle\":\"Medium Bus\",\"user\":23,\"wnaCost\":413043.48,\"mealCostPerPerson\":73043.48,\"WithoutAccomodation\":1636641.39,\"Guesthouse\":1815076.17,\"Homestay\":1847945.74,\"TwoStar\":2040467.48,\"ThreeStar\":2387945.74,\"FourStar\":2904467.48,\"FiveStar\":3364641.39},{\"vehicle\":\"Medium Bus\",\"user\":24,\"wnaCost\":412500,\"mealCostPerPerson\":70000,\"WithoutAccomodation\":1588338,\"Guesthouse\":1750338,\"Homestay\":1750338,\"TwoStar\":1966338,\"ThreeStar\":2290338,\"FourStar\":2776338,\"FiveStar\":3208338},{\"vehicle\":\"Medium Bus\",\"user\":25,\"wnaCost\":414000,\"mealCostPerPerson\":67200,\"WithoutAccomodation\":1584938.88,\"Guesthouse\":1762058.88,\"Homestay\":1826858.88,\"TwoStar\":1986698.88,\"ThreeStar\":2332298.88,\"FourStar\":2846378.88,\"FiveStar\":3304298.88},{\"vehicle\":\"Medium Bus\",\"user\":26,\"wnaCost\":413461.54,\"mealCostPerPerson\":64615.38,\"WithoutAccomodation\":1542339.69,\"Guesthouse\":1704339.69,\"Homestay\":1791570.46,\"TwoStar\":1920339.69,\"ThreeStar\":2244339.69,\"FourStar\":2730339.69,\"FiveStar\":3162339.69},{\"vehicle\":\"Medium Bus\",\"user\":27,\"wnaCost\":412962.96,\"mealCostPerPerson\":62222.22,\"WithoutAccomodation\":1518896,\"Guesthouse\":1694896,\"Homestay\":1722896,\"TwoStar\":1918896,\"ThreeStar\":2262896,\"FourStar\":2774896,\"FiveStar\":3230896},{\"vehicle\":\"Medium Bus\",\"user\":28,\"wnaCost\":412500,\"mealCostPerPerson\":60000,\"WithoutAccomodation\":1481698.29,\"Guesthouse\":1643698.29,\"Homestay\":1643698.29,\"TwoStar\":1859698.29,\"ThreeStar\":2183698.29,\"FourStar\":2669698.29,\"FiveStar\":3101698.29},{\"vehicle\":\"Medium Bus\",\"user\":29,\"wnaCost\":413793.1,\"mealCostPerPerson\":57931.03,\"WithoutAccomodation\":1482445.24,\"Guesthouse\":1657479.72,\"Homestay\":1713341.79,\"TwoStar\":1880928,\"ThreeStar\":2223548.69,\"FourStar\":2733755.59,\"FiveStar\":3188100.41},{\"vehicle\":\"Medium Bus\",\"user\":30,\"wnaCost\":413333.33,\"mealCostPerPerson\":56000,\"WithoutAccomodation\":1448942.4,\"Guesthouse\":1610942.4,\"Homestay\":1686542.4,\"TwoStar\":1826942.4,\"ThreeStar\":2150942.4,\"FourStar\":2636942.4,\"FiveStar\":3068942.4},{\"vehicle\":\"Big Bus HD\",\"user\":31,\"wnaCost\":412903.23,\"mealCostPerPerson\":67741.94,\"WithoutAccomodation\":1602420.39,\"Guesthouse\":1776613.94,\"Homestay\":1801001.03,\"TwoStar\":1999581.68,\"ThreeStar\":2341001.03,\"FourStar\":2849646.19,\"FiveStar\":3302549.42},{\"vehicle\":\"Big Bus HD\",\"user\":32,\"wnaCost\":412500,\"mealCostPerPerson\":65625,\"WithoutAccomodation\":1566756,\"Guesthouse\":1728756,\"Homestay\":1728756,\"TwoStar\":1944756,\"ThreeStar\":2268756,\"FourStar\":2754756,\"FiveStar\":3186756},{\"vehicle\":\"Big Bus HD\",\"user\":33,\"wnaCost\":413636.36,\"mealCostPerPerson\":63636.36,\"WithoutAccomodation\":1564344,\"Guesthouse\":1737798.55,\"Homestay\":1786889.45,\"TwoStar\":1960344,\"ThreeStar\":2300707.64,\"FourStar\":2807980.36,\"FiveStar\":3259616.73},{\"vehicle\":\"Big Bus HD\",\"user\":34,\"wnaCost\":413235.29,\"mealCostPerPerson\":61764.71,\"WithoutAccomodation\":1531897.41,\"Guesthouse\":1693897.41,\"Homestay\":1760603.29,\"TwoStar\":1909897.41,\"ThreeStar\":2233897.41,\"FourStar\":2719897.41,\"FiveStar\":3151897.41},{\"vehicle\":\"Big Bus HD\",\"user\":35,\"wnaCost\":412857.14,\"mealCostPerPerson\":60000,\"WithoutAccomodation\":1513647.77,\"Guesthouse\":1686447.77,\"Homestay\":1708047.77,\"TwoStar\":1908619.2,\"ThreeStar\":2248047.77,\"FourStar\":2754104.91,\"FiveStar\":3204619.2},{\"vehicle\":\"Big Bus HD\",\"user\":36,\"wnaCost\":412500,\"mealCostPerPerson\":58333.33,\"WithoutAccomodation\":1484412,\"Guesthouse\":1646412,\"Homestay\":1646412,\"TwoStar\":1862412,\"ThreeStar\":2186412,\"FourStar\":2672412,\"FiveStar\":3104412},{\"vehicle\":\"Big Bus HD\",\"user\":37,\"wnaCost\":413513.51,\"mealCostPerPerson\":56756.76,\"WithoutAccomodation\":1484486.27,\"Guesthouse\":1656702.49,\"Homestay\":1700486.27,\"TwoStar\":1878540.32,\"ThreeStar\":2217134.92,\"FourStar\":2722107.89,\"FiveStar\":3171621.41},{\"vehicle\":\"Big Bus HD\",\"user\":38,\"wnaCost\":413157.89,\"mealCostPerPerson\":55263.16,\"WithoutAccomodation\":1457556.63,\"Guesthouse\":1619556.63,\"Homestay\":1679240.84,\"TwoStar\":1835556.63,\"ThreeStar\":2159556.63,\"FourStar\":2645556.63,\"FiveStar\":3077556.63},{\"vehicle\":\"Big Bus HD\",\"user\":39,\"wnaCost\":412820.51,\"mealCostPerPerson\":53846.15,\"WithoutAccomodation\":1443084.92,\"Guesthouse\":1614777.23,\"Homestay\":1634161.85,\"TwoStar\":1836315.69,\"ThreeStar\":2174161.85,\"FourStar\":2678161.85,\"FiveStar\":3126777.23},{\"vehicle\":\"Big Bus HD\",\"user\":40,\"wnaCost\":412500,\"mealCostPerPerson\":52500,\"WithoutAccomodation\":1418536.8,\"Guesthouse\":1580536.8,\"Homestay\":1580536.8,\"TwoStar\":1796536.8,\"ThreeStar\":2120536.8,\"FourStar\":2606536.8,\"FiveStar\":3038536.8},{\"vehicle\":\"Big Bus HD\",\"user\":41,\"wnaCost\":413414.63,\"mealCostPerPerson\":61463.41,\"WithoutAccomodation\":1431273.95,\"Guesthouse\":1602493.46,\"Homestay\":1642005.66,\"TwoStar\":1823761.76,\"ThreeStar\":2160932.49,\"FourStar\":2664054.44,\"FiveStar\":3111859.32},{\"vehicle\":\"Big Bus HD\",\"user\":42,\"wnaCost\":413095.24,\"mealCostPerPerson\":60000,\"WithoutAccomodation\":1408176,\"Guesthouse\":1570176,\"Homestay\":1624176,\"TwoStar\":1786176,\"ThreeStar\":2110176,\"FourStar\":2596176,\"FiveStar\":3028176},{\"vehicle\":\"Big Bus HD\",\"user\":43,\"wnaCost\":412790.7,\"mealCostPerPerson\":58604.65,\"WithoutAccomodation\":1396198.88,\"Guesthouse\":1566989.58,\"Homestay\":1584570.98,\"TwoStar\":1788012.84,\"ThreeStar\":2124570.98,\"FourStar\":2626896.56,\"FiveStar\":3073966.33},{\"vehicle\":\"Big Bus HD\",\"user\":44,\"wnaCost\":412500,\"mealCostPerPerson\":57272.73,\"WithoutAccomodation\":1374948,\"Guesthouse\":1536948,\"Homestay\":1536948,\"TwoStar\":1752948,\"ThreeStar\":2076948,\"FourStar\":2562948,\"FiveStar\":2994948},{\"vehicle\":\"Big Bus HD\",\"user\":45,\"wnaCost\":413333.33,\"mealCostPerPerson\":56000,\"WithoutAccomodation\":1377441.6,\"Guesthouse\":1547841.6,\"Homestay\":1583841.6,\"TwoStar\":1768641.6,\"ThreeStar\":2104641.6,\"FourStar\":2606241.6,\"FiveStar\":3052641.6},{\"vehicle\":\"Big Bus SHD\",\"user\":46,\"wnaCost\":413043.48,\"mealCostPerPerson\":54782.61,\"WithoutAccomodation\":1406826.78,\"Guesthouse\":1568826.78,\"Homestay\":1618131.13,\"TwoStar\":1784826.78,\"ThreeStar\":2108826.78,\"FourStar\":2594826.78,\"FiveStar\":3026826.78},{\"vehicle\":\"Big Bus SHD\",\"user\":47,\"wnaCost\":412765.96,\"mealCostPerPerson\":53617.02,\"WithoutAccomodation\":1395897.7,\"Guesthouse\":1565940.26,\"Homestay\":1582025.36,\"TwoStar\":1786536,\"ThreeStar\":2122025.36,\"FourStar\":2622961.53,\"FiveStar\":3068748.77},{\"vehicle\":\"Big Bus SHD\",\"user\":48,\"wnaCost\":412500,\"mealCostPerPerson\":52500,\"WithoutAccomodation\":1376424,\"Guesthouse\":1538424,\"Homestay\":1538424,\"TwoStar\":1754424,\"ThreeStar\":2078424,\"FourStar\":2564424,\"FiveStar\":2996424},{\"vehicle\":\"Big Bus SHD\",\"user\":49,\"wnaCost\":413265.31,\"mealCostPerPerson\":51428.57,\"WithoutAccomodation\":1378683.92,\"Guesthouse\":1548398.2,\"Homestay\":1581459.43,\"TwoStar\":1768806.37,\"ThreeStar\":2103826.78,\"FourStar\":2604153.31,\"FiveStar\":3049377.8},{\"vehicle\":\"Big Bus SHD\",\"user\":50,\"wnaCost\":413000,\"mealCostPerPerson\":50400,\"WithoutAccomodation\":1360333.44,\"Guesthouse\":1522333.44,\"Homestay\":1567693.44,\"TwoStar\":1738333.44,\"ThreeStar\":2062333.44,\"FourStar\":2548333.44,\"FiveStar\":2980333.44},{\"vehicle\":\"Big Bus SHD\",\"user\":51,\"wnaCost\":412745.1,\"mealCostPerPerson\":49411.76,\"WithoutAccomodation\":1351173.18,\"Guesthouse\":1520584.94,\"Homestay\":1535408.47,\"TwoStar\":1740820.24,\"ThreeStar\":2075408.47,\"FourStar\":2575173.18,\"FiveStar\":3019879.06},{\"vehicle\":\"Big Bus SHD\",\"user\":52,\"wnaCost\":412500,\"mealCostPerPerson\":48461.54,\"WithoutAccomodation\":1334057.54,\"Guesthouse\":1496057.54,\"Homestay\":1496057.54,\"TwoStar\":1712057.54,\"ThreeStar\":2036057.54,\"FourStar\":2522057.54,\"FiveStar\":2954057.54},{\"vehicle\":\"Big Bus SHD\",\"user\":53,\"wnaCost\":413207.55,\"mealCostPerPerson\":47547.17,\"WithoutAccomodation\":1336946.26,\"Guesthouse\":1506078.34,\"Homestay\":1536644.38,\"TwoStar\":1726153.81,\"ThreeStar\":2060342.49,\"FourStar\":2559587.77,\"FiveStar\":3003814.19},{\"vehicle\":\"Big Bus SHD\",\"user\":54,\"wnaCost\":412962.96,\"mealCostPerPerson\":46666.67,\"WithoutAccomodation\":1320728,\"Guesthouse\":1482728,\"Homestay\":1524728,\"TwoStar\":1698728,\"ThreeStar\":2022728,\"FourStar\":2508728,\"FiveStar\":2940728},{\"vehicle\":\"Big Bus SHD\",\"user\":55,\"wnaCost\":412727.27,\"mealCostPerPerson\":45818.18,\"WithoutAccomodation\":1312954.04,\"Guesthouse\":1481826.76,\"Homestay\":1495572.22,\"TwoStar\":1701754.04,\"ThreeStar\":2035572.22,\"FourStar\":2534335.85,\"FiveStar\":2978117.67}]}]', '2025-01-31 01:34:23', '2025-01-31 01:34:23');
INSERT INTO `package_three_prices` (`id`, `package_three_day_id`, `price_data`, `created_at`, `updated_at`) VALUES
(10, 10, '[{\"Price Type\":\"Include Meal\",\"data\":[{\"Price Type\":\"Include Meal\"},{\"vehicle\":\"Avanza\",\"user\":1,\"wnaCost\":145000,\"mealCostPerPerson\":840000,\"WithoutAccomodation\":4875336,\"Guesthouse\":5415336,\"Homestay\":7035336,\"TwoStar\":5847336,\"ThreeStar\":6711336,\"FourStar\":7899336,\"FiveStar\":8979336},{\"vehicle\":\"Avanza\",\"user\":2,\"wnaCost\":145000,\"mealCostPerPerson\":630000,\"WithoutAccomodation\":2886948,\"Guesthouse\":3048948,\"Homestay\":4182948,\"TwoStar\":3264948,\"ThreeStar\":3588948,\"FourStar\":4074948,\"FiveStar\":4506948},{\"vehicle\":\"Avanza\",\"user\":3,\"wnaCost\":145000,\"mealCostPerPerson\":560000,\"WithoutAccomodation\":2368152,\"Guesthouse\":2656152,\"Homestay\":2908152,\"TwoStar\":2944152,\"ThreeStar\":3448152,\"FourStar\":4168152,\"FiveStar\":4816152},{\"vehicle\":\"Avanza\",\"user\":4,\"wnaCost\":145000,\"mealCostPerPerson\":525000,\"WithoutAccomodation\":2000754,\"Guesthouse\":2162754,\"Homestay\":2162754,\"TwoStar\":2378754,\"ThreeStar\":2702754,\"FourStar\":3188754,\"FiveStar\":3620754},{\"vehicle\":\"Avanza\",\"user\":5,\"wnaCost\":145000,\"mealCostPerPerson\":504000,\"WithoutAccomodation\":2012515.2,\"Guesthouse\":2250115.2,\"Homestay\":2574115.2,\"TwoStar\":2509315.2,\"ThreeStar\":2941315.2,\"FourStar\":3567715.2,\"FiveStar\":4129315.2},{\"vehicle\":\"Innova\",\"user\":6,\"wnaCost\":145000,\"mealCostPerPerson\":490000,\"WithoutAccomodation\":1934856,\"Guesthouse\":2096856,\"Homestay\":2474856,\"TwoStar\":2312856,\"ThreeStar\":2636856,\"FourStar\":3122856,\"FiveStar\":3554856},{\"vehicle\":\"Hiace Commuter\",\"user\":7,\"wnaCost\":145000,\"mealCostPerPerson\":540000,\"WithoutAccomodation\":2259699.43,\"Guesthouse\":2475699.43,\"Homestay\":2583699.43,\"TwoStar\":2722556.57,\"ThreeStar\":3123699.43,\"FourStar\":3709985.14,\"FiveStar\":4234556.57},{\"vehicle\":\"Hiace Commuter\",\"user\":8,\"wnaCost\":145000,\"mealCostPerPerson\":525000,\"WithoutAccomodation\":2089557,\"Guesthouse\":2251557,\"Homestay\":2251557,\"TwoStar\":2467557,\"ThreeStar\":2791557,\"FourStar\":3277557,\"FiveStar\":3709557},{\"vehicle\":\"Hiace Commuter\",\"user\":9,\"wnaCost\":145000,\"mealCostPerPerson\":513333.33,\"WithoutAccomodation\":2086224,\"Guesthouse\":2290224,\"Homestay\":2470224,\"TwoStar\":2530224,\"ThreeStar\":2914224,\"FourStar\":3478224,\"FiveStar\":3982224},{\"vehicle\":\"Hiace Commuter\",\"user\":10,\"wnaCost\":145000,\"mealCostPerPerson\":504000,\"WithoutAccomodation\":1967457.6,\"Guesthouse\":2129457.6,\"Homestay\":2356257.6,\"TwoStar\":2345457.6,\"ThreeStar\":2669457.6,\"FourStar\":3155457.6,\"FiveStar\":3587457.6},{\"vehicle\":\"Hiace Commuter\",\"user\":11,\"wnaCost\":145000,\"mealCostPerPerson\":496363.64,\"WithoutAccomodation\":1909557.82,\"Guesthouse\":2105921.45,\"Homestay\":2174648.73,\"TwoStar\":2341557.82,\"ThreeStar\":2714648.73,\"FourStar\":3264466.91,\"FiveStar\":3755376},{\"vehicle\":\"Hiace Commuter\",\"user\":12,\"wnaCost\":145000,\"mealCostPerPerson\":490000,\"WithoutAccomodation\":1825308,\"Guesthouse\":1987308,\"Homestay\":1987308,\"TwoStar\":2203308,\"ThreeStar\":2527308,\"FourStar\":3013308,\"FiveStar\":3445308},{\"vehicle\":\"Elf Giga\",\"user\":13,\"wnaCost\":145000,\"mealCostPerPerson\":516923.08,\"WithoutAccomodation\":1903142.77,\"Guesthouse\":2094219.69,\"Homestay\":2218835.08,\"TwoStar\":2326835.08,\"ThreeStar\":2692373.54,\"FourStar\":3232373.54,\"FiveStar\":3714219.69},{\"vehicle\":\"Elf Giga\",\"user\":14,\"wnaCost\":145000,\"mealCostPerPerson\":510000,\"WithoutAccomodation\":1831386.86,\"Guesthouse\":1993386.86,\"Homestay\":2155386.86,\"TwoStar\":2209386.86,\"ThreeStar\":2533386.86,\"FourStar\":3019386.86,\"FiveStar\":3451386.86},{\"vehicle\":\"Elf Giga\",\"user\":15,\"wnaCost\":145000,\"mealCostPerPerson\":504000,\"WithoutAccomodation\":1797998.4,\"Guesthouse\":1985198.4,\"Homestay\":2035598.4,\"TwoStar\":2215598.4,\"ThreeStar\":2575598.4,\"FourStar\":3108398.4,\"FiveStar\":3583598.4},{\"vehicle\":\"Elf Giga\",\"user\":16,\"wnaCost\":145000,\"mealCostPerPerson\":498750,\"WithoutAccomodation\":1741783.5,\"Guesthouse\":1903783.5,\"Homestay\":1903783.5,\"TwoStar\":2119783.5,\"ThreeStar\":2443783.5,\"FourStar\":2929783.5,\"FiveStar\":3361783.5},{\"vehicle\":\"Elf Giga\",\"user\":17,\"wnaCost\":145000,\"mealCostPerPerson\":494117.65,\"WithoutAccomodation\":1760476.24,\"Guesthouse\":1944711.53,\"Homestay\":2040005.65,\"TwoStar\":2173417.41,\"ThreeStar\":2529182.12,\"FourStar\":3056476.24,\"FiveStar\":3526593.88},{\"vehicle\":\"Medium Bus\",\"user\":18,\"wnaCost\":145000,\"mealCostPerPerson\":490000,\"WithoutAccomodation\":1879392,\"Guesthouse\":2041392,\"Homestay\":2167392,\"TwoStar\":2257392,\"ThreeStar\":2581392,\"FourStar\":3067392,\"FiveStar\":3499392},{\"vehicle\":\"Medium Bus\",\"user\":19,\"wnaCost\":145000,\"mealCostPerPerson\":508421.05,\"WithoutAccomodation\":1874379.79,\"Guesthouse\":2056274.53,\"Homestay\":2096064,\"TwoStar\":2283642.95,\"ThreeStar\":2636064,\"FourStar\":3159011.37,\"FiveStar\":3625116.63},{\"vehicle\":\"Medium Bus\",\"user\":20,\"wnaCost\":145000,\"mealCostPerPerson\":504000,\"WithoutAccomodation\":2190088.8,\"Guesthouse\":2352088.8,\"Homestay\":2352088.8,\"TwoStar\":2568088.8,\"ThreeStar\":2892088.8,\"FourStar\":3378088.8,\"FiveStar\":3810088.8},{\"vehicle\":\"Medium Bus\",\"user\":21,\"wnaCost\":145000,\"mealCostPerPerson\":500000,\"WithoutAccomodation\":2183873.14,\"Guesthouse\":2363873.14,\"Homestay\":2441016,\"TwoStar\":2590158.86,\"ThreeStar\":2939873.14,\"FourStar\":3459301.71,\"FiveStar\":3922158.86},{\"vehicle\":\"Medium Bus\",\"user\":22,\"wnaCost\":145000,\"mealCostPerPerson\":496363.64,\"WithoutAccomodation\":2125449.82,\"Guesthouse\":2287449.82,\"Homestay\":2390540.73,\"TwoStar\":2503449.82,\"ThreeStar\":2827449.82,\"FourStar\":3313449.82,\"FiveStar\":3745449.82},{\"vehicle\":\"Medium Bus\",\"user\":23,\"wnaCost\":145000,\"mealCostPerPerson\":493043.48,\"WithoutAccomodation\":2090889.39,\"Guesthouse\":2269324.17,\"Homestay\":2302193.74,\"TwoStar\":2494715.48,\"ThreeStar\":2842193.74,\"FourStar\":3358715.48,\"FiveStar\":3818889.39},{\"vehicle\":\"Medium Bus\",\"user\":24,\"wnaCost\":145000,\"mealCostPerPerson\":490000,\"WithoutAccomodation\":2041209,\"Guesthouse\":2203209,\"Homestay\":2203209,\"TwoStar\":2419209,\"ThreeStar\":2743209,\"FourStar\":3229209,\"FiveStar\":3661209},{\"vehicle\":\"Medium Bus\",\"user\":25,\"wnaCost\":145000,\"mealCostPerPerson\":487200,\"WithoutAccomodation\":2041943.04,\"Guesthouse\":2219063.04,\"Homestay\":2283863.04,\"TwoStar\":2443703.04,\"ThreeStar\":2789303.04,\"FourStar\":3303383.04,\"FiveStar\":3761303.04},{\"vehicle\":\"Medium Bus\",\"user\":26,\"wnaCost\":145000,\"mealCostPerPerson\":484615.38,\"WithoutAccomodation\":1997966.77,\"Guesthouse\":2159966.77,\"Homestay\":2247197.54,\"TwoStar\":2375966.77,\"ThreeStar\":2699966.77,\"FourStar\":3185966.77,\"FiveStar\":3617966.77},{\"vehicle\":\"Medium Bus\",\"user\":27,\"wnaCost\":145000,\"mealCostPerPerson\":482222.22,\"WithoutAccomodation\":1973248,\"Guesthouse\":2149248,\"Homestay\":2177248,\"TwoStar\":2373248,\"ThreeStar\":2717248,\"FourStar\":3229248,\"FiveStar\":3685248},{\"vehicle\":\"Medium Bus\",\"user\":28,\"wnaCost\":145000,\"mealCostPerPerson\":480000,\"WithoutAccomodation\":1934866.29,\"Guesthouse\":2096866.29,\"Homestay\":2096866.29,\"TwoStar\":2312866.29,\"ThreeStar\":2636866.29,\"FourStar\":3122866.29,\"FiveStar\":3554866.29},{\"vehicle\":\"Medium Bus\",\"user\":29,\"wnaCost\":145000,\"mealCostPerPerson\":477931.03,\"WithoutAccomodation\":1939166.07,\"Guesthouse\":2114200.55,\"Homestay\":2170062.62,\"TwoStar\":2337648.83,\"ThreeStar\":2680269.52,\"FourStar\":3190476.41,\"FiveStar\":3644821.24},{\"vehicle\":\"Medium Bus\",\"user\":30,\"wnaCost\":145000,\"mealCostPerPerson\":476000,\"WithoutAccomodation\":1904479.2,\"Guesthouse\":2066479.2,\"Homestay\":2142079.2,\"TwoStar\":2282479.2,\"ThreeStar\":2606479.2,\"FourStar\":3092479.2,\"FiveStar\":3524479.2},{\"vehicle\":\"Big Bus HD\",\"user\":31,\"wnaCost\":145000,\"mealCostPerPerson\":487741.94,\"WithoutAccomodation\":2056849.55,\"Guesthouse\":2231043.1,\"Homestay\":2255430.19,\"TwoStar\":2454010.84,\"ThreeStar\":2795430.19,\"FourStar\":3304075.35,\"FiveStar\":3756978.58},{\"vehicle\":\"Big Bus HD\",\"user\":32,\"wnaCost\":145000,\"mealCostPerPerson\":485625,\"WithoutAccomodation\":2020146.75,\"Guesthouse\":2182146.75,\"Homestay\":2182146.75,\"TwoStar\":2398146.75,\"ThreeStar\":2722146.75,\"FourStar\":3208146.75,\"FiveStar\":3640146.75},{\"vehicle\":\"Big Bus HD\",\"user\":33,\"wnaCost\":145000,\"mealCostPerPerson\":483636.36,\"WithoutAccomodation\":2020850.18,\"Guesthouse\":2194304.73,\"Homestay\":2243395.64,\"TwoStar\":2416850.18,\"ThreeStar\":2757213.82,\"FourStar\":3264486.55,\"FiveStar\":3716122.91},{\"vehicle\":\"Big Bus HD\",\"user\":34,\"wnaCost\":145000,\"mealCostPerPerson\":481764.71,\"WithoutAccomodation\":1987365.18,\"Guesthouse\":2149365.18,\"Homestay\":2216071.06,\"TwoStar\":2365365.18,\"ThreeStar\":2689365.18,\"FourStar\":3175365.18,\"FiveStar\":3607365.18},{\"vehicle\":\"Big Bus HD\",\"user\":35,\"wnaCost\":145000,\"mealCostPerPerson\":480000,\"WithoutAccomodation\":1968136.46,\"Guesthouse\":2140936.46,\"Homestay\":2162536.46,\"TwoStar\":2363107.89,\"ThreeStar\":2702536.46,\"FourStar\":3208593.6,\"FiveStar\":3659107.89},{\"vehicle\":\"Big Bus HD\",\"user\":36,\"wnaCost\":145000,\"mealCostPerPerson\":478333.33,\"WithoutAccomodation\":1937976,\"Guesthouse\":2099976,\"Homestay\":2099976,\"TwoStar\":2315976,\"ThreeStar\":2639976,\"FourStar\":3125976,\"FiveStar\":3557976},{\"vehicle\":\"Big Bus HD\",\"user\":37,\"wnaCost\":145000,\"mealCostPerPerson\":476756.76,\"WithoutAccomodation\":1940824.22,\"Guesthouse\":2113040.43,\"Homestay\":2156824.22,\"TwoStar\":2334878.27,\"ThreeStar\":2673472.86,\"FourStar\":3178445.84,\"FiveStar\":3627959.35},{\"vehicle\":\"Big Bus HD\",\"user\":38,\"wnaCost\":145000,\"mealCostPerPerson\":475263.16,\"WithoutAccomodation\":1912969.89,\"Guesthouse\":2074969.89,\"Homestay\":2134654.11,\"TwoStar\":2290969.89,\"ThreeStar\":2614969.89,\"FourStar\":3100969.89,\"FiveStar\":3532969.89},{\"vehicle\":\"Big Bus HD\",\"user\":39,\"wnaCost\":145000,\"mealCostPerPerson\":473846.15,\"WithoutAccomodation\":1897620.92,\"Guesthouse\":2069313.23,\"Homestay\":2088697.85,\"TwoStar\":2290851.69,\"ThreeStar\":2628697.85,\"FourStar\":3132697.85,\"FiveStar\":3581313.23},{\"vehicle\":\"Big Bus HD\",\"user\":40,\"wnaCost\":145000,\"mealCostPerPerson\":472500,\"WithoutAccomodation\":1872239.4,\"Guesthouse\":2034239.4,\"Homestay\":2034239.4,\"TwoStar\":2250239.4,\"ThreeStar\":2574239.4,\"FourStar\":3060239.4,\"FiveStar\":3492239.4},{\"vehicle\":\"Big Bus HD\",\"user\":41,\"wnaCost\":145000,\"mealCostPerPerson\":481463.41,\"WithoutAccomodation\":1887476.49,\"Guesthouse\":2058696,\"Homestay\":2098208.2,\"TwoStar\":2279964.29,\"ThreeStar\":2617135.02,\"FourStar\":3120256.98,\"FiveStar\":3568061.85},{\"vehicle\":\"Big Bus HD\",\"user\":42,\"wnaCost\":145000,\"mealCostPerPerson\":480000,\"WithoutAccomodation\":1863545.14,\"Guesthouse\":2025545.14,\"Homestay\":2079545.14,\"TwoStar\":2241545.14,\"ThreeStar\":2565545.14,\"FourStar\":3051545.14,\"FiveStar\":3483545.14},{\"vehicle\":\"Big Bus HD\",\"user\":43,\"wnaCost\":145000,\"mealCostPerPerson\":478604.65,\"WithoutAccomodation\":1850773.4,\"Guesthouse\":2021564.09,\"Homestay\":2039145.49,\"TwoStar\":2242587.35,\"ThreeStar\":2579145.49,\"FourStar\":3081471.07,\"FiveStar\":3528540.84},{\"vehicle\":\"Big Bus HD\",\"user\":44,\"wnaCost\":145000,\"mealCostPerPerson\":477272.73,\"WithoutAccomodation\":1828764,\"Guesthouse\":1990764,\"Homestay\":1990764,\"TwoStar\":2206764,\"ThreeStar\":2530764,\"FourStar\":3016764,\"FiveStar\":3448764},{\"vehicle\":\"Big Bus HD\",\"user\":45,\"wnaCost\":145000,\"mealCostPerPerson\":476000,\"WithoutAccomodation\":1833532.8,\"Guesthouse\":2003932.8,\"Homestay\":2039932.8,\"TwoStar\":2224732.8,\"ThreeStar\":2560732.8,\"FourStar\":3062332.8,\"FiveStar\":3508732.8},{\"vehicle\":\"Big Bus SHD\",\"user\":46,\"wnaCost\":145000,\"mealCostPerPerson\":474782.61,\"WithoutAccomodation\":1862159.48,\"Guesthouse\":2024159.48,\"Homestay\":2073463.83,\"TwoStar\":2240159.48,\"ThreeStar\":2564159.48,\"FourStar\":3050159.48,\"FiveStar\":3482159.48},{\"vehicle\":\"Big Bus SHD\",\"user\":47,\"wnaCost\":145000,\"mealCostPerPerson\":473617.02,\"WithoutAccomodation\":1850504.17,\"Guesthouse\":2020546.72,\"Homestay\":2036631.83,\"TwoStar\":2241142.47,\"ThreeStar\":2576631.83,\"FourStar\":3077568,\"FiveStar\":3523355.23},{\"vehicle\":\"Big Bus SHD\",\"user\":48,\"wnaCost\":145000,\"mealCostPerPerson\":472500,\"WithoutAccomodation\":1830334.5,\"Guesthouse\":1992334.5,\"Homestay\":1992334.5,\"TwoStar\":2208334.5,\"ThreeStar\":2532334.5,\"FourStar\":3018334.5,\"FiveStar\":3450334.5},{\"vehicle\":\"Big Bus SHD\",\"user\":49,\"wnaCost\":145000,\"mealCostPerPerson\":471428.57,\"WithoutAccomodation\":1834681.96,\"Guesthouse\":2004396.24,\"Homestay\":2037457.47,\"TwoStar\":2224804.41,\"ThreeStar\":2559824.82,\"FourStar\":3060151.35,\"FiveStar\":3505375.84},{\"vehicle\":\"Big Bus SHD\",\"user\":50,\"wnaCost\":145000,\"mealCostPerPerson\":470400,\"WithoutAccomodation\":1815635.52,\"Guesthouse\":1977635.52,\"Homestay\":2022995.52,\"TwoStar\":2193635.52,\"ThreeStar\":2517635.52,\"FourStar\":3003635.52,\"FiveStar\":3435635.52},{\"vehicle\":\"Big Bus SHD\",\"user\":51,\"wnaCost\":145000,\"mealCostPerPerson\":469411.76,\"WithoutAccomodation\":1805806.59,\"Guesthouse\":1975218.35,\"Homestay\":1990041.88,\"TwoStar\":2195453.65,\"ThreeStar\":2530041.88,\"FourStar\":3029806.59,\"FiveStar\":3474512.47},{\"vehicle\":\"Big Bus SHD\",\"user\":52,\"wnaCost\":145000,\"mealCostPerPerson\":468461.54,\"WithoutAccomodation\":1788048,\"Guesthouse\":1950048,\"Homestay\":1950048,\"TwoStar\":2166048,\"ThreeStar\":2490048,\"FourStar\":2976048,\"FiveStar\":3408048},{\"vehicle\":\"Big Bus SHD\",\"user\":53,\"wnaCost\":145000,\"mealCostPerPerson\":467547.17,\"WithoutAccomodation\":1792865.21,\"Guesthouse\":1961997.28,\"Homestay\":1992563.32,\"TwoStar\":2182072.75,\"ThreeStar\":2516261.43,\"FourStar\":3015506.72,\"FiveStar\":3459733.13},{\"vehicle\":\"Big Bus SHD\",\"user\":54,\"wnaCost\":145000,\"mealCostPerPerson\":466666.67,\"WithoutAccomodation\":1776004,\"Guesthouse\":1938004,\"Homestay\":1980004,\"TwoStar\":2154004,\"ThreeStar\":2478004,\"FourStar\":2964004,\"FiveStar\":3396004},{\"vehicle\":\"Big Bus SHD\",\"user\":55,\"wnaCost\":145000,\"mealCostPerPerson\":465818.18,\"WithoutAccomodation\":1767610.47,\"Guesthouse\":1936483.2,\"Homestay\":1950228.65,\"TwoStar\":2156410.47,\"ThreeStar\":2490228.65,\"FourStar\":2988992.29,\"FiveStar\":3432774.11}]},{\"Price Type\":\"Exclude Meal\",\"data\":[{\"Price Type\":\"Exclude Meal\"},{\"vehicle\":\"Avanza\",\"user\":1,\"wnaCost\":145000,\"mealCostPerPerson\":420000,\"WithoutAccomodation\":4421736,\"Guesthouse\":4961736,\"Homestay\":6581736,\"TwoStar\":5393736,\"ThreeStar\":6257736,\"FourStar\":7445736,\"FiveStar\":8525736},{\"vehicle\":\"Avanza\",\"user\":2,\"wnaCost\":145000,\"mealCostPerPerson\":210000,\"WithoutAccomodation\":2433348,\"Guesthouse\":2595348,\"Homestay\":3729348,\"TwoStar\":2811348,\"ThreeStar\":3135348,\"FourStar\":3621348,\"FiveStar\":4053348},{\"vehicle\":\"Avanza\",\"user\":3,\"wnaCost\":145000,\"mealCostPerPerson\":140000,\"WithoutAccomodation\":1914552,\"Guesthouse\":2202552,\"Homestay\":2454552,\"TwoStar\":2490552,\"ThreeStar\":2994552,\"FourStar\":3714552,\"FiveStar\":4362552},{\"vehicle\":\"Avanza\",\"user\":4,\"wnaCost\":145000,\"mealCostPerPerson\":105000,\"WithoutAccomodation\":1547154,\"Guesthouse\":1709154,\"Homestay\":1709154,\"TwoStar\":1925154,\"ThreeStar\":2249154,\"FourStar\":2735154,\"FiveStar\":3167154},{\"vehicle\":\"Avanza\",\"user\":5,\"wnaCost\":145000,\"mealCostPerPerson\":84000,\"WithoutAccomodation\":1558915.2,\"Guesthouse\":1796515.2,\"Homestay\":2120515.2,\"TwoStar\":2055715.2,\"ThreeStar\":2487715.2,\"FourStar\":3114115.2,\"FiveStar\":3675715.2},{\"vehicle\":\"Innova\",\"user\":6,\"wnaCost\":145000,\"mealCostPerPerson\":70000,\"WithoutAccomodation\":1481256,\"Guesthouse\":1643256,\"Homestay\":2021256,\"TwoStar\":1859256,\"ThreeStar\":2183256,\"FourStar\":2669256,\"FiveStar\":3101256},{\"vehicle\":\"Hiace Commuter\",\"user\":7,\"wnaCost\":145000,\"mealCostPerPerson\":120000,\"WithoutAccomodation\":1806099.43,\"Guesthouse\":2022099.43,\"Homestay\":2130099.43,\"TwoStar\":2268956.57,\"ThreeStar\":2670099.43,\"FourStar\":3256385.14,\"FiveStar\":3780956.57},{\"vehicle\":\"Hiace Commuter\",\"user\":8,\"wnaCost\":145000,\"mealCostPerPerson\":105000,\"WithoutAccomodation\":1635957,\"Guesthouse\":1797957,\"Homestay\":1797957,\"TwoStar\":2013957,\"ThreeStar\":2337957,\"FourStar\":2823957,\"FiveStar\":3255957},{\"vehicle\":\"Hiace Commuter\",\"user\":9,\"wnaCost\":145000,\"mealCostPerPerson\":93333.33,\"WithoutAccomodation\":1632624,\"Guesthouse\":1836624,\"Homestay\":2016624,\"TwoStar\":2076624,\"ThreeStar\":2460624,\"FourStar\":3024624,\"FiveStar\":3528624},{\"vehicle\":\"Hiace Commuter\",\"user\":10,\"wnaCost\":145000,\"mealCostPerPerson\":84000,\"WithoutAccomodation\":1513857.6,\"Guesthouse\":1675857.6,\"Homestay\":1902657.6,\"TwoStar\":1891857.6,\"ThreeStar\":2215857.6,\"FourStar\":2701857.6,\"FiveStar\":3133857.6},{\"vehicle\":\"Hiace Commuter\",\"user\":11,\"wnaCost\":145000,\"mealCostPerPerson\":76363.64,\"WithoutAccomodation\":1455957.82,\"Guesthouse\":1652321.45,\"Homestay\":1721048.73,\"TwoStar\":1887957.82,\"ThreeStar\":2261048.73,\"FourStar\":2810866.91,\"FiveStar\":3301776},{\"vehicle\":\"Hiace Commuter\",\"user\":12,\"wnaCost\":145000,\"mealCostPerPerson\":70000,\"WithoutAccomodation\":1371708,\"Guesthouse\":1533708,\"Homestay\":1533708,\"TwoStar\":1749708,\"ThreeStar\":2073708,\"FourStar\":2559708,\"FiveStar\":2991708},{\"vehicle\":\"Elf Giga\",\"user\":13,\"wnaCost\":145000,\"mealCostPerPerson\":96923.08,\"WithoutAccomodation\":1449542.77,\"Guesthouse\":1640619.69,\"Homestay\":1765235.08,\"TwoStar\":1873235.08,\"ThreeStar\":2238773.54,\"FourStar\":2778773.54,\"FiveStar\":3260619.69},{\"vehicle\":\"Elf Giga\",\"user\":14,\"wnaCost\":145000,\"mealCostPerPerson\":90000,\"WithoutAccomodation\":1377786.86,\"Guesthouse\":1539786.86,\"Homestay\":1701786.86,\"TwoStar\":1755786.86,\"ThreeStar\":2079786.86,\"FourStar\":2565786.86,\"FiveStar\":2997786.86},{\"vehicle\":\"Elf Giga\",\"user\":15,\"wnaCost\":145000,\"mealCostPerPerson\":84000,\"WithoutAccomodation\":1344398.4,\"Guesthouse\":1531598.4,\"Homestay\":1581998.4,\"TwoStar\":1761998.4,\"ThreeStar\":2121998.4,\"FourStar\":2654798.4,\"FiveStar\":3129998.4},{\"vehicle\":\"Elf Giga\",\"user\":16,\"wnaCost\":145000,\"mealCostPerPerson\":78750,\"WithoutAccomodation\":1288183.5,\"Guesthouse\":1450183.5,\"Homestay\":1450183.5,\"TwoStar\":1666183.5,\"ThreeStar\":1990183.5,\"FourStar\":2476183.5,\"FiveStar\":2908183.5},{\"vehicle\":\"Elf Giga\",\"user\":17,\"wnaCost\":145000,\"mealCostPerPerson\":74117.65,\"WithoutAccomodation\":1306876.24,\"Guesthouse\":1491111.53,\"Homestay\":1586405.65,\"TwoStar\":1719817.41,\"ThreeStar\":2075582.12,\"FourStar\":2602876.24,\"FiveStar\":3072993.88},{\"vehicle\":\"Medium Bus\",\"user\":18,\"wnaCost\":145000,\"mealCostPerPerson\":70000,\"WithoutAccomodation\":1425792,\"Guesthouse\":1587792,\"Homestay\":1713792,\"TwoStar\":1803792,\"ThreeStar\":2127792,\"FourStar\":2613792,\"FiveStar\":3045792},{\"vehicle\":\"Medium Bus\",\"user\":19,\"wnaCost\":145000,\"mealCostPerPerson\":88421.05,\"WithoutAccomodation\":1420779.79,\"Guesthouse\":1602674.53,\"Homestay\":1642464,\"TwoStar\":1830042.95,\"ThreeStar\":2182464,\"FourStar\":2705411.37,\"FiveStar\":3171516.63},{\"vehicle\":\"Medium Bus\",\"user\":20,\"wnaCost\":145000,\"mealCostPerPerson\":84000,\"WithoutAccomodation\":1736488.8,\"Guesthouse\":1898488.8,\"Homestay\":1898488.8,\"TwoStar\":2114488.8,\"ThreeStar\":2438488.8,\"FourStar\":2924488.8,\"FiveStar\":3356488.8},{\"vehicle\":\"Medium Bus\",\"user\":21,\"wnaCost\":145000,\"mealCostPerPerson\":80000,\"WithoutAccomodation\":1730273.14,\"Guesthouse\":1910273.14,\"Homestay\":1987416,\"TwoStar\":2136558.86,\"ThreeStar\":2486273.14,\"FourStar\":3005701.71,\"FiveStar\":3468558.86},{\"vehicle\":\"Medium Bus\",\"user\":22,\"wnaCost\":145000,\"mealCostPerPerson\":76363.64,\"WithoutAccomodation\":1671849.82,\"Guesthouse\":1833849.82,\"Homestay\":1936940.73,\"TwoStar\":2049849.82,\"ThreeStar\":2373849.82,\"FourStar\":2859849.82,\"FiveStar\":3291849.82},{\"vehicle\":\"Medium Bus\",\"user\":23,\"wnaCost\":145000,\"mealCostPerPerson\":73043.48,\"WithoutAccomodation\":1637289.39,\"Guesthouse\":1815724.17,\"Homestay\":1848593.74,\"TwoStar\":2041115.48,\"ThreeStar\":2388593.74,\"FourStar\":2905115.48,\"FiveStar\":3365289.39},{\"vehicle\":\"Medium Bus\",\"user\":24,\"wnaCost\":145000,\"mealCostPerPerson\":70000,\"WithoutAccomodation\":1587609,\"Guesthouse\":1749609,\"Homestay\":1749609,\"TwoStar\":1965609,\"ThreeStar\":2289609,\"FourStar\":2775609,\"FiveStar\":3207609},{\"vehicle\":\"Medium Bus\",\"user\":25,\"wnaCost\":145000,\"mealCostPerPerson\":67200,\"WithoutAccomodation\":1588343.04,\"Guesthouse\":1765463.04,\"Homestay\":1830263.04,\"TwoStar\":1990103.04,\"ThreeStar\":2335703.04,\"FourStar\":2849783.04,\"FiveStar\":3307703.04},{\"vehicle\":\"Medium Bus\",\"user\":26,\"wnaCost\":145000,\"mealCostPerPerson\":64615.38,\"WithoutAccomodation\":1544366.77,\"Guesthouse\":1706366.77,\"Homestay\":1793597.54,\"TwoStar\":1922366.77,\"ThreeStar\":2246366.77,\"FourStar\":2732366.77,\"FiveStar\":3164366.77},{\"vehicle\":\"Medium Bus\",\"user\":27,\"wnaCost\":145000,\"mealCostPerPerson\":62222.22,\"WithoutAccomodation\":1519648,\"Guesthouse\":1695648,\"Homestay\":1723648,\"TwoStar\":1919648,\"ThreeStar\":2263648,\"FourStar\":2775648,\"FiveStar\":3231648},{\"vehicle\":\"Medium Bus\",\"user\":28,\"wnaCost\":145000,\"mealCostPerPerson\":60000,\"WithoutAccomodation\":1481266.29,\"Guesthouse\":1643266.29,\"Homestay\":1643266.29,\"TwoStar\":1859266.29,\"ThreeStar\":2183266.29,\"FourStar\":2669266.29,\"FiveStar\":3101266.29},{\"vehicle\":\"Medium Bus\",\"user\":29,\"wnaCost\":145000,\"mealCostPerPerson\":57931.03,\"WithoutAccomodation\":1485566.07,\"Guesthouse\":1660600.55,\"Homestay\":1716462.62,\"TwoStar\":1884048.83,\"ThreeStar\":2226669.52,\"FourStar\":2736876.41,\"FiveStar\":3191221.24},{\"vehicle\":\"Medium Bus\",\"user\":30,\"wnaCost\":145000,\"mealCostPerPerson\":56000,\"WithoutAccomodation\":1450879.2,\"Guesthouse\":1612879.2,\"Homestay\":1688479.2,\"TwoStar\":1828879.2,\"ThreeStar\":2152879.2,\"FourStar\":2638879.2,\"FiveStar\":3070879.2},{\"vehicle\":\"Big Bus HD\",\"user\":31,\"wnaCost\":145000,\"mealCostPerPerson\":67741.94,\"WithoutAccomodation\":1603249.55,\"Guesthouse\":1777443.1,\"Homestay\":1801830.19,\"TwoStar\":2000410.84,\"ThreeStar\":2341830.19,\"FourStar\":2850475.35,\"FiveStar\":3303378.58},{\"vehicle\":\"Big Bus HD\",\"user\":32,\"wnaCost\":145000,\"mealCostPerPerson\":65625,\"WithoutAccomodation\":1566546.75,\"Guesthouse\":1728546.75,\"Homestay\":1728546.75,\"TwoStar\":1944546.75,\"ThreeStar\":2268546.75,\"FourStar\":2754546.75,\"FiveStar\":3186546.75},{\"vehicle\":\"Big Bus HD\",\"user\":33,\"wnaCost\":145000,\"mealCostPerPerson\":63636.36,\"WithoutAccomodation\":1567250.18,\"Guesthouse\":1740704.73,\"Homestay\":1789795.64,\"TwoStar\":1963250.18,\"ThreeStar\":2303613.82,\"FourStar\":2810886.55,\"FiveStar\":3262522.91},{\"vehicle\":\"Big Bus HD\",\"user\":34,\"wnaCost\":145000,\"mealCostPerPerson\":61764.71,\"WithoutAccomodation\":1533765.18,\"Guesthouse\":1695765.18,\"Homestay\":1762471.06,\"TwoStar\":1911765.18,\"ThreeStar\":2235765.18,\"FourStar\":2721765.18,\"FiveStar\":3153765.18},{\"vehicle\":\"Big Bus HD\",\"user\":35,\"wnaCost\":145000,\"mealCostPerPerson\":60000,\"WithoutAccomodation\":1514536.46,\"Guesthouse\":1687336.46,\"Homestay\":1708936.46,\"TwoStar\":1909507.89,\"ThreeStar\":2248936.46,\"FourStar\":2754993.6,\"FiveStar\":3205507.89},{\"vehicle\":\"Big Bus HD\",\"user\":36,\"wnaCost\":145000,\"mealCostPerPerson\":58333.33,\"WithoutAccomodation\":1484376,\"Guesthouse\":1646376,\"Homestay\":1646376,\"TwoStar\":1862376,\"ThreeStar\":2186376,\"FourStar\":2672376,\"FiveStar\":3104376},{\"vehicle\":\"Big Bus HD\",\"user\":37,\"wnaCost\":145000,\"mealCostPerPerson\":56756.76,\"WithoutAccomodation\":1487224.22,\"Guesthouse\":1659440.43,\"Homestay\":1703224.22,\"TwoStar\":1881278.27,\"ThreeStar\":2219872.86,\"FourStar\":2724845.84,\"FiveStar\":3174359.35},{\"vehicle\":\"Big Bus HD\",\"user\":38,\"wnaCost\":145000,\"mealCostPerPerson\":55263.16,\"WithoutAccomodation\":1459369.89,\"Guesthouse\":1621369.89,\"Homestay\":1681054.11,\"TwoStar\":1837369.89,\"ThreeStar\":2161369.89,\"FourStar\":2647369.89,\"FiveStar\":3079369.89},{\"vehicle\":\"Big Bus HD\",\"user\":39,\"wnaCost\":145000,\"mealCostPerPerson\":53846.15,\"WithoutAccomodation\":1444020.92,\"Guesthouse\":1615713.23,\"Homestay\":1635097.85,\"TwoStar\":1837251.69,\"ThreeStar\":2175097.85,\"FourStar\":2679097.85,\"FiveStar\":3127713.23},{\"vehicle\":\"Big Bus HD\",\"user\":40,\"wnaCost\":145000,\"mealCostPerPerson\":52500,\"WithoutAccomodation\":1418639.4,\"Guesthouse\":1580639.4,\"Homestay\":1580639.4,\"TwoStar\":1796639.4,\"ThreeStar\":2120639.4,\"FourStar\":2606639.4,\"FiveStar\":3038639.4},{\"vehicle\":\"Big Bus HD\",\"user\":41,\"wnaCost\":145000,\"mealCostPerPerson\":61463.41,\"WithoutAccomodation\":1433876.49,\"Guesthouse\":1605096,\"Homestay\":1644608.2,\"TwoStar\":1826364.29,\"ThreeStar\":2163535.02,\"FourStar\":2666656.98,\"FiveStar\":3114461.85},{\"vehicle\":\"Big Bus HD\",\"user\":42,\"wnaCost\":145000,\"mealCostPerPerson\":60000,\"WithoutAccomodation\":1409945.14,\"Guesthouse\":1571945.14,\"Homestay\":1625945.14,\"TwoStar\":1787945.14,\"ThreeStar\":2111945.14,\"FourStar\":2597945.14,\"FiveStar\":3029945.14},{\"vehicle\":\"Big Bus HD\",\"user\":43,\"wnaCost\":145000,\"mealCostPerPerson\":58604.65,\"WithoutAccomodation\":1397173.4,\"Guesthouse\":1567964.09,\"Homestay\":1585545.49,\"TwoStar\":1788987.35,\"ThreeStar\":2125545.49,\"FourStar\":2627871.07,\"FiveStar\":3074940.84},{\"vehicle\":\"Big Bus HD\",\"user\":44,\"wnaCost\":145000,\"mealCostPerPerson\":57272.73,\"WithoutAccomodation\":1375164,\"Guesthouse\":1537164,\"Homestay\":1537164,\"TwoStar\":1753164,\"ThreeStar\":2077164,\"FourStar\":2563164,\"FiveStar\":2995164},{\"vehicle\":\"Big Bus HD\",\"user\":45,\"wnaCost\":145000,\"mealCostPerPerson\":56000,\"WithoutAccomodation\":1379932.8,\"Guesthouse\":1550332.8,\"Homestay\":1586332.8,\"TwoStar\":1771132.8,\"ThreeStar\":2107132.8,\"FourStar\":2608732.8,\"FiveStar\":3055132.8},{\"vehicle\":\"Big Bus SHD\",\"user\":46,\"wnaCost\":145000,\"mealCostPerPerson\":54782.61,\"WithoutAccomodation\":1408559.48,\"Guesthouse\":1570559.48,\"Homestay\":1619863.83,\"TwoStar\":1786559.48,\"ThreeStar\":2110559.48,\"FourStar\":2596559.48,\"FiveStar\":3028559.48},{\"vehicle\":\"Big Bus SHD\",\"user\":47,\"wnaCost\":145000,\"mealCostPerPerson\":53617.02,\"WithoutAccomodation\":1396904.17,\"Guesthouse\":1566946.72,\"Homestay\":1583031.83,\"TwoStar\":1787542.47,\"ThreeStar\":2123031.83,\"FourStar\":2623968,\"FiveStar\":3069755.23},{\"vehicle\":\"Big Bus SHD\",\"user\":48,\"wnaCost\":145000,\"mealCostPerPerson\":52500,\"WithoutAccomodation\":1376734.5,\"Guesthouse\":1538734.5,\"Homestay\":1538734.5,\"TwoStar\":1754734.5,\"ThreeStar\":2078734.5,\"FourStar\":2564734.5,\"FiveStar\":2996734.5},{\"vehicle\":\"Big Bus SHD\",\"user\":49,\"wnaCost\":145000,\"mealCostPerPerson\":51428.57,\"WithoutAccomodation\":1381081.96,\"Guesthouse\":1550796.24,\"Homestay\":1583857.47,\"TwoStar\":1771204.41,\"ThreeStar\":2106224.82,\"FourStar\":2606551.35,\"FiveStar\":3051775.84},{\"vehicle\":\"Big Bus SHD\",\"user\":50,\"wnaCost\":145000,\"mealCostPerPerson\":50400,\"WithoutAccomodation\":1362035.52,\"Guesthouse\":1524035.52,\"Homestay\":1569395.52,\"TwoStar\":1740035.52,\"ThreeStar\":2064035.52,\"FourStar\":2550035.52,\"FiveStar\":2982035.52},{\"vehicle\":\"Big Bus SHD\",\"user\":51,\"wnaCost\":145000,\"mealCostPerPerson\":49411.76,\"WithoutAccomodation\":1352206.59,\"Guesthouse\":1521618.35,\"Homestay\":1536441.88,\"TwoStar\":1741853.65,\"ThreeStar\":2076441.88,\"FourStar\":2576206.59,\"FiveStar\":3020912.47},{\"vehicle\":\"Big Bus SHD\",\"user\":52,\"wnaCost\":145000,\"mealCostPerPerson\":48461.54,\"WithoutAccomodation\":1334448,\"Guesthouse\":1496448,\"Homestay\":1496448,\"TwoStar\":1712448,\"ThreeStar\":2036448,\"FourStar\":2522448,\"FiveStar\":2954448},{\"vehicle\":\"Big Bus SHD\",\"user\":53,\"wnaCost\":145000,\"mealCostPerPerson\":47547.17,\"WithoutAccomodation\":1339265.21,\"Guesthouse\":1508397.28,\"Homestay\":1538963.32,\"TwoStar\":1728472.75,\"ThreeStar\":2062661.43,\"FourStar\":2561906.72,\"FiveStar\":3006133.13},{\"vehicle\":\"Big Bus SHD\",\"user\":54,\"wnaCost\":145000,\"mealCostPerPerson\":46666.67,\"WithoutAccomodation\":1322404,\"Guesthouse\":1484404,\"Homestay\":1526404,\"TwoStar\":1700404,\"ThreeStar\":2024404,\"FourStar\":2510404,\"FiveStar\":2942404},{\"vehicle\":\"Big Bus SHD\",\"user\":55,\"wnaCost\":145000,\"mealCostPerPerson\":45818.18,\"WithoutAccomodation\":1314010.47,\"Guesthouse\":1482883.2,\"Homestay\":1496628.65,\"TwoStar\":1702810.47,\"ThreeStar\":2036628.65,\"FourStar\":2535392.29,\"FiveStar\":2979174.11}]}]', '2025-01-31 01:47:42', '2025-01-31 01:47:42');
INSERT INTO `package_three_prices` (`id`, `package_three_day_id`, `price_data`, `created_at`, `updated_at`) VALUES
(11, 11, '[{\"Price Type\":\"Include Meal\",\"data\":[{\"Price Type\":\"Include Meal\"},{\"vehicle\":\"Avanza\",\"user\":1,\"wnaCost\":143500,\"mealCostPerPerson\":840000,\"Cottage\":7820496,\"Homestay\":10304496,\"ThreeStar\":5012496,\"Guesthouse\":4580496,\"WithoutAccomodation\":4148496},{\"vehicle\":\"Avanza\",\"user\":2,\"wnaCost\":143500,\"mealCostPerPerson\":630000,\"Cottage\":4488048,\"Homestay\":5730048,\"ThreeStar\":2706048,\"Guesthouse\":2544048,\"WithoutAccomodation\":2382048},{\"vehicle\":\"Avanza\",\"user\":3,\"wnaCost\":143500,\"mealCostPerPerson\":560000,\"Cottage\":3053232,\"Homestay\":3881232,\"ThreeStar\":2549232,\"Guesthouse\":2297232,\"WithoutAccomodation\":2045232},{\"vehicle\":\"Avanza\",\"user\":4,\"wnaCost\":143500,\"mealCostPerPerson\":525000,\"Cottage\":2497824,\"Homestay\":3118824,\"ThreeStar\":2011824,\"Guesthouse\":1849824,\"WithoutAccomodation\":1687824},{\"vehicle\":\"Avanza\",\"user\":5,\"wnaCost\":143500,\"mealCostPerPerson\":504000,\"Cottage\":2164579.2,\"Homestay\":2661379.2,\"ThreeStar\":2056579.2,\"Guesthouse\":1840579.2,\"WithoutAccomodation\":1624579.2},{\"vehicle\":\"Innova\",\"user\":6,\"wnaCost\":143500,\"mealCostPerPerson\":490000,\"Cottage\":2050416,\"Homestay\":2464416,\"ThreeStar\":1888416,\"Guesthouse\":1726416,\"WithoutAccomodation\":1564416},{\"vehicle\":\"Hiace Commuter\",\"user\":7,\"wnaCost\":143500,\"mealCostPerPerson\":540000,\"Cottage\":2267413.71,\"Homestay\":2622270.86,\"ThreeStar\":2329128,\"Guesthouse\":2128556.57,\"WithoutAccomodation\":1927985.14},{\"vehicle\":\"Hiace Commuter\",\"user\":8,\"wnaCost\":143500,\"mealCostPerPerson\":525000,\"Cottage\":1844937,\"Homestay\":2398437,\"ThreeStar\":2087937,\"Guesthouse\":1925937,\"WithoutAccomodation\":1763937},{\"vehicle\":\"Hiace Commuter\",\"user\":9,\"wnaCost\":143500,\"mealCostPerPerson\":513333.33,\"Cottage\":2200344,\"Homestay\":2224344,\"ThreeStar\":2104344,\"Guesthouse\":1912344,\"WithoutAccomodation\":1720344},{\"vehicle\":\"Hiace Commuter\",\"user\":10,\"wnaCost\":143500,\"mealCostPerPerson\":504000,\"Cottage\":2095869.6,\"Homestay\":2085069.6,\"ThreeStar\":1933869.6,\"Guesthouse\":1771869.6,\"WithoutAccomodation\":1609869.6},{\"vehicle\":\"Hiace Commuter\",\"user\":11,\"wnaCost\":143500,\"mealCostPerPerson\":496363.64,\"Cottage\":1922026.91,\"Homestay\":1971117.82,\"ThreeStar\":1961299.64,\"Guesthouse\":1774754.18,\"WithoutAccomodation\":1588208.73},{\"vehicle\":\"Hiace Commuter\",\"user\":12,\"wnaCost\":143500,\"mealCostPerPerson\":490000,\"Cottage\":1831158,\"Homestay\":1876158,\"ThreeStar\":1831158,\"Guesthouse\":1669158,\"WithoutAccomodation\":1507158},{\"vehicle\":\"Elf Giga\",\"user\":13,\"wnaCost\":143500,\"mealCostPerPerson\":516923.08,\"Cottage\":1814084.31,\"Homestay\":1855622.77,\"ThreeStar\":1922084.31,\"Guesthouse\":1739315.08,\"WithoutAccomodation\":1556545.85},{\"vehicle\":\"Elf Giga\",\"user\":14,\"wnaCost\":143500,\"mealCostPerPerson\":510000,\"Cottage\":1743906.86,\"Homestay\":1782478.29,\"ThreeStar\":1813335.43,\"Guesthouse\":1651335.43,\"WithoutAccomodation\":1489335.43},{\"vehicle\":\"Elf Giga\",\"user\":15,\"wnaCost\":143500,\"mealCostPerPerson\":504000,\"Cottage\":1683086.4,\"Homestay\":1719086.4,\"ThreeStar\":1841486.4,\"Guesthouse\":1661486.4,\"WithoutAccomodation\":1481486.4},{\"vehicle\":\"Elf Giga\",\"user\":16,\"wnaCost\":143500,\"mealCostPerPerson\":498750,\"Cottage\":1508368.5,\"Homestay\":1663618.5,\"ThreeStar\":1751368.5,\"Guesthouse\":1589368.5,\"WithoutAccomodation\":1427368.5},{\"vehicle\":\"Elf Giga\",\"user\":17,\"wnaCost\":143500,\"mealCostPerPerson\":494117.65,\"Cottage\":1716323.29,\"Homestay\":1614676.24,\"ThreeStar\":1779852.71,\"Guesthouse\":1601970.35,\"WithoutAccomodation\":1424088},{\"vehicle\":\"Medium Bus\",\"user\":18,\"wnaCost\":143500,\"mealCostPerPerson\":490000,\"Cottage\":2137272,\"Homestay\":2023272,\"ThreeStar\":2155272,\"Guesthouse\":1993272,\"WithoutAccomodation\":1831272},{\"vehicle\":\"Medium Bus\",\"user\":19,\"wnaCost\":143500,\"mealCostPerPerson\":508421.05,\"Cottage\":2058320.84,\"Homestay\":1984426.11,\"ThreeStar\":2183373.47,\"Guesthouse\":2007162.95,\"WithoutAccomodation\":1830952.42},{\"vehicle\":\"Medium Bus\",\"user\":20,\"wnaCost\":143500,\"mealCostPerPerson\":504000,\"Cottage\":1996984.8,\"Homestay\":1926784.8,\"ThreeStar\":2094184.8,\"Guesthouse\":1932184.8,\"WithoutAccomodation\":1770184.8},{\"vehicle\":\"Medium Bus\",\"user\":21,\"wnaCost\":143500,\"mealCostPerPerson\":500000,\"Cottage\":1941490.29,\"Homestay\":1874633.14,\"ThreeStar\":2100918.86,\"Guesthouse\":1926061.71,\"WithoutAccomodation\":1751204.57},{\"vehicle\":\"Medium Bus\",\"user\":22,\"wnaCost\":143500,\"mealCostPerPerson\":496363.64,\"Cottage\":1891040.73,\"Homestay\":1827222.55,\"ThreeStar\":2023586.18,\"Guesthouse\":1861586.18,\"WithoutAccomodation\":1699586.18},{\"vehicle\":\"Medium Bus\",\"user\":23,\"wnaCost\":143500,\"mealCostPerPerson\":493043.48,\"Cottage\":1844978.09,\"Homestay\":1783934.61,\"ThreeStar\":2032804.17,\"Guesthouse\":1859065.04,\"WithoutAccomodation\":1685325.91},{\"vehicle\":\"Medium Bus\",\"user\":24,\"wnaCost\":143500,\"mealCostPerPerson\":490000,\"Cottage\":1721754,\"Homestay\":1744254,\"ThreeStar\":1964754,\"Guesthouse\":1802754,\"WithoutAccomodation\":1640754},{\"vehicle\":\"Medium Bus\",\"user\":25,\"wnaCost\":143500,\"mealCostPerPerson\":487200,\"Cottage\":1854627.84,\"Homestay\":1580307.84,\"ThreeStar\":1975587.84,\"Guesthouse\":1802787.84,\"WithoutAccomodation\":1629987.84},{\"vehicle\":\"Medium Bus\",\"user\":26,\"wnaCost\":143500,\"mealCostPerPerson\":484615.38,\"Cottage\":1827742.15,\"Homestay\":1809049.85,\"ThreeStar\":1914972.92,\"Guesthouse\":1752972.92,\"WithoutAccomodation\":1590972.92},{\"vehicle\":\"Medium Bus\",\"user\":27,\"wnaCost\":143500,\"mealCostPerPerson\":482222.22,\"Cottage\":1766848,\"Homestay\":1784848,\"ThreeStar\":1926848,\"Guesthouse\":1754848,\"WithoutAccomodation\":1582848},{\"vehicle\":\"Medium Bus\",\"user\":28,\"wnaCost\":143500,\"mealCostPerPerson\":480000,\"Cottage\":1733446.29,\"Homestay\":1727660.57,\"ThreeStar\":1872303.43,\"Guesthouse\":1710303.43,\"WithoutAccomodation\":1548303.43},{\"vehicle\":\"Medium Bus\",\"user\":29,\"wnaCost\":143500,\"mealCostPerPerson\":477931.03,\"Cottage\":1702348.14,\"Homestay\":1696761.93,\"ThreeStar\":1884830.9,\"Guesthouse\":1713520.55,\"WithoutAccomodation\":1542210.21},{\"vehicle\":\"Medium Bus\",\"user\":30,\"wnaCost\":143500,\"mealCostPerPerson\":476000,\"Cottage\":1673323.2,\"Homestay\":1667923.2,\"ThreeStar\":1835323.2,\"Guesthouse\":1673323.2,\"WithoutAccomodation\":1511323.2},{\"vehicle\":\"Big Bus HD\",\"user\":31,\"wnaCost\":143500,\"mealCostPerPerson\":487741.94,\"Cottage\":1853635.35,\"Homestay\":1848409.55,\"ThreeStar\":2055699.87,\"Guesthouse\":1884990.19,\"WithoutAccomodation\":1714280.52},{\"vehicle\":\"Big Bus HD\",\"user\":32,\"wnaCost\":143500,\"mealCostPerPerson\":485625,\"Cottage\":1760440.5,\"Homestay\":1816128,\"ThreeStar\":2003440.5,\"Guesthouse\":1841440.5,\"WithoutAccomodation\":1679440.5},{\"vehicle\":\"Big Bus HD\",\"user\":33,\"wnaCost\":143500,\"mealCostPerPerson\":483636.36,\"Cottage\":1859439.27,\"Homestay\":1785802.91,\"ThreeStar\":2009984.73,\"Guesthouse\":1839802.91,\"WithoutAccomodation\":1669621.09},{\"vehicle\":\"Big Bus HD\",\"user\":34,\"wnaCost\":143500,\"mealCostPerPerson\":481764.71,\"Cottage\":1838261.65,\"Homestay\":1757261.65,\"ThreeStar\":1962144,\"Guesthouse\":1800144,\"WithoutAccomodation\":1638144},{\"vehicle\":\"Big Bus HD\",\"user\":35,\"wnaCost\":143500,\"mealCostPerPerson\":480000,\"Cottage\":1790522.74,\"Homestay\":1730351.31,\"ThreeStar\":1969494.17,\"Guesthouse\":1799779.89,\"WithoutAccomodation\":1630065.6},{\"vehicle\":\"Big Bus HD\",\"user\":36,\"wnaCost\":143500,\"mealCostPerPerson\":478333.33,\"Cottage\":1763436,\"Homestay\":1704936,\"ThreeStar\":1925436,\"Guesthouse\":1763436,\"WithoutAccomodation\":1601436},{\"vehicle\":\"Big Bus HD\",\"user\":37,\"wnaCost\":143500,\"mealCostPerPerson\":476756.76,\"Cottage\":1737813.41,\"Homestay\":1680894.49,\"ThreeStar\":1933380.97,\"Guesthouse\":1764083.68,\"WithoutAccomodation\":1594786.38},{\"vehicle\":\"Big Bus HD\",\"user\":38,\"wnaCost\":143500,\"mealCostPerPerson\":475263.16,\"Cottage\":1713539.37,\"Homestay\":1658118.32,\"ThreeStar\":1892592,\"Guesthouse\":1730592,\"WithoutAccomodation\":1568592},{\"vehicle\":\"Big Bus HD\",\"user\":39,\"wnaCost\":143500,\"mealCostPerPerson\":473846.15,\"Cottage\":1690510.15,\"Homestay\":1636510.15,\"ThreeStar\":1900971.69,\"Guesthouse\":1732048.62,\"WithoutAccomodation\":1563125.54},{\"vehicle\":\"Big Bus HD\",\"user\":40,\"wnaCost\":143500,\"mealCostPerPerson\":472500,\"Cottage\":1620032.4,\"Homestay\":1615982.4,\"ThreeStar\":1863032.4,\"Guesthouse\":1701032.4,\"WithoutAccomodation\":1539032.4},{\"vehicle\":\"Big Bus HD\",\"user\":41,\"wnaCost\":143500,\"mealCostPerPerson\":481463.41,\"Cottage\":1714202.34,\"Homestay\":1607519.41,\"ThreeStar\":1882787.71,\"Guesthouse\":1714202.34,\"WithoutAccomodation\":1545616.98},{\"vehicle\":\"Big Bus HD\",\"user\":42,\"wnaCost\":143500,\"mealCostPerPerson\":480000,\"Cottage\":1700516.57,\"Homestay\":1588659.43,\"ThreeStar\":1847088,\"Guesthouse\":1685088,\"WithoutAccomodation\":1523088},{\"vehicle\":\"Big Bus HD\",\"user\":43,\"wnaCost\":143500,\"mealCostPerPerson\":478604.65,\"Cottage\":1664862.7,\"Homestay\":1570676.65,\"ThreeStar\":1855746.42,\"Guesthouse\":1687467.35,\"WithoutAccomodation\":1519188.28},{\"vehicle\":\"Big Bus HD\",\"user\":44,\"wnaCost\":143500,\"mealCostPerPerson\":477272.73,\"Cottage\":1645556.73,\"Homestay\":1553511.27,\"ThreeStar\":1822284,\"Guesthouse\":1660284,\"WithoutAccomodation\":1498284},{\"vehicle\":\"Big Bus HD\",\"user\":45,\"wnaCost\":143500,\"mealCostPerPerson\":476000,\"Cottage\":1627108.8,\"Homestay\":1537108.8,\"ThreeStar\":1831108.8,\"Guesthouse\":1663108.8,\"WithoutAccomodation\":1495108.8},{\"vehicle\":\"Big Bus SHD\",\"user\":46,\"wnaCost\":143500,\"mealCostPerPerson\":474782.61,\"Cottage\":1715115.13,\"Homestay\":1627071.65,\"ThreeStar\":1905289.04,\"Guesthouse\":1743289.04,\"WithoutAccomodation\":1581289.04},{\"vehicle\":\"Big Bus SHD\",\"user\":47,\"wnaCost\":143500,\"mealCostPerPerson\":473617.02,\"Cottage\":1695972.26,\"Homestay\":1609802.04,\"ThreeStar\":1911972.26,\"Guesthouse\":1744227.57,\"WithoutAccomodation\":1576482.89},{\"vehicle\":\"Big Bus SHD\",\"user\":48,\"wnaCost\":143500,\"mealCostPerPerson\":472500,\"Cottage\":1637127,\"Homestay\":1593252,\"ThreeStar\":1880127,\"Guesthouse\":1718127,\"WithoutAccomodation\":1556127},{\"vehicle\":\"Big Bus SHD\",\"user\":49,\"wnaCost\":143500,\"mealCostPerPerson\":471428.57,\"Cottage\":1706316.24,\"Homestay\":1577377.47,\"ThreeStar\":1887050.94,\"Guesthouse\":1719540.73,\"WithoutAccomodation\":1552030.53},{\"vehicle\":\"Big Bus SHD\",\"user\":50,\"wnaCost\":143500,\"mealCostPerPerson\":470400,\"Cottage\":1694977.92,\"Homestay\":1498417.92,\"ThreeStar\":1856977.92,\"Guesthouse\":1694977.92,\"WithoutAccomodation\":1532977.92},{\"vehicle\":\"Big Bus SHD\",\"user\":51,\"wnaCost\":143500,\"mealCostPerPerson\":469411.76,\"Cottage\":1665025.41,\"Homestay\":1616319.53,\"ThreeStar\":1864084.24,\"Guesthouse\":1696790.12,\"WithoutAccomodation\":1529496},{\"vehicle\":\"Big Bus SHD\",\"user\":52,\"wnaCost\":143500,\"mealCostPerPerson\":468461.54,\"Cottage\":1648686.46,\"Homestay\":1607148,\"ThreeStar\":1835609.54,\"Guesthouse\":1673609.54,\"WithoutAccomodation\":1511609.54},{\"vehicle\":\"Big Bus SHD\",\"user\":53,\"wnaCost\":143500,\"mealCostPerPerson\":467547.17,\"Cottage\":1632964.08,\"Homestay\":1579982.94,\"ThreeStar\":1842850.87,\"Guesthouse\":1675756.53,\"WithoutAccomodation\":1508662.19},{\"vehicle\":\"Big Bus SHD\",\"user\":54,\"wnaCost\":143500,\"mealCostPerPerson\":466666.67,\"Cottage\":1617824,\"Homestay\":1565824,\"ThreeStar\":1815824,\"Guesthouse\":1653824,\"WithoutAccomodation\":1491824},{\"vehicle\":\"Big Bus SHD\",\"user\":55,\"wnaCost\":143500,\"mealCostPerPerson\":465818.18,\"Cottage\":1603234.47,\"Homestay\":1552179.93,\"ThreeStar\":1823161.75,\"Guesthouse\":1656252.65,\"WithoutAccomodation\":1489343.56}]},{\"Price Type\":\"Exclude Meal\",\"data\":[{\"Price Type\":\"Exclude Meal\"},{\"vehicle\":\"Avanza\",\"user\":1,\"wnaCost\":143500,\"mealCostPerPerson\":420000,\"Cottage\":7366896,\"Homestay\":9850896,\"ThreeStar\":4558896,\"Guesthouse\":4126896,\"WithoutAccomodation\":3694896},{\"vehicle\":\"Avanza\",\"user\":2,\"wnaCost\":143500,\"mealCostPerPerson\":210000,\"Cottage\":4034448,\"Homestay\":5276448,\"ThreeStar\":2252448,\"Guesthouse\":2090448,\"WithoutAccomodation\":1928448},{\"vehicle\":\"Avanza\",\"user\":3,\"wnaCost\":143500,\"mealCostPerPerson\":140000,\"Cottage\":2599632,\"Homestay\":3427632,\"ThreeStar\":2095632,\"Guesthouse\":1843632,\"WithoutAccomodation\":1591632},{\"vehicle\":\"Avanza\",\"user\":4,\"wnaCost\":143500,\"mealCostPerPerson\":105000,\"Cottage\":2044224,\"Homestay\":2665224,\"ThreeStar\":1558224,\"Guesthouse\":1396224,\"WithoutAccomodation\":1234224},{\"vehicle\":\"Avanza\",\"user\":5,\"wnaCost\":143500,\"mealCostPerPerson\":84000,\"Cottage\":1710979.2,\"Homestay\":2207779.2,\"ThreeStar\":1602979.2,\"Guesthouse\":1386979.2,\"WithoutAccomodation\":1170979.2},{\"vehicle\":\"Innova\",\"user\":6,\"wnaCost\":143500,\"mealCostPerPerson\":70000,\"Cottage\":1596816,\"Homestay\":2010816,\"ThreeStar\":1434816,\"Guesthouse\":1272816,\"WithoutAccomodation\":1110816},{\"vehicle\":\"Hiace Commuter\",\"user\":7,\"wnaCost\":143500,\"mealCostPerPerson\":120000,\"Cottage\":1813813.71,\"Homestay\":2168670.86,\"ThreeStar\":1875528,\"Guesthouse\":1674956.57,\"WithoutAccomodation\":1474385.14},{\"vehicle\":\"Hiace Commuter\",\"user\":8,\"wnaCost\":143500,\"mealCostPerPerson\":105000,\"Cottage\":1391337,\"Homestay\":1944837,\"ThreeStar\":1634337,\"Guesthouse\":1472337,\"WithoutAccomodation\":1310337},{\"vehicle\":\"Hiace Commuter\",\"user\":9,\"wnaCost\":143500,\"mealCostPerPerson\":93333.33,\"Cottage\":1746744,\"Homestay\":1770744,\"ThreeStar\":1650744,\"Guesthouse\":1458744,\"WithoutAccomodation\":1266744},{\"vehicle\":\"Hiace Commuter\",\"user\":10,\"wnaCost\":143500,\"mealCostPerPerson\":84000,\"Cottage\":1642269.6,\"Homestay\":1631469.6,\"ThreeStar\":1480269.6,\"Guesthouse\":1318269.6,\"WithoutAccomodation\":1156269.6},{\"vehicle\":\"Hiace Commuter\",\"user\":11,\"wnaCost\":143500,\"mealCostPerPerson\":76363.64,\"Cottage\":1468426.91,\"Homestay\":1517517.82,\"ThreeStar\":1507699.64,\"Guesthouse\":1321154.18,\"WithoutAccomodation\":1134608.73},{\"vehicle\":\"Hiace Commuter\",\"user\":12,\"wnaCost\":143500,\"mealCostPerPerson\":70000,\"Cottage\":1377558,\"Homestay\":1422558,\"ThreeStar\":1377558,\"Guesthouse\":1215558,\"WithoutAccomodation\":1053558},{\"vehicle\":\"Elf Giga\",\"user\":13,\"wnaCost\":143500,\"mealCostPerPerson\":96923.08,\"Cottage\":1360484.31,\"Homestay\":1402022.77,\"ThreeStar\":1468484.31,\"Guesthouse\":1285715.08,\"WithoutAccomodation\":1102945.85},{\"vehicle\":\"Elf Giga\",\"user\":14,\"wnaCost\":143500,\"mealCostPerPerson\":90000,\"Cottage\":1290306.86,\"Homestay\":1328878.29,\"ThreeStar\":1359735.43,\"Guesthouse\":1197735.43,\"WithoutAccomodation\":1035735.43},{\"vehicle\":\"Elf Giga\",\"user\":15,\"wnaCost\":143500,\"mealCostPerPerson\":84000,\"Cottage\":1229486.4,\"Homestay\":1265486.4,\"ThreeStar\":1387886.4,\"Guesthouse\":1207886.4,\"WithoutAccomodation\":1027886.4},{\"vehicle\":\"Elf Giga\",\"user\":16,\"wnaCost\":143500,\"mealCostPerPerson\":78750,\"Cottage\":1054768.5,\"Homestay\":1210018.5,\"ThreeStar\":1297768.5,\"Guesthouse\":1135768.5,\"WithoutAccomodation\":973768.5},{\"vehicle\":\"Elf Giga\",\"user\":17,\"wnaCost\":143500,\"mealCostPerPerson\":74117.65,\"Cottage\":1262723.29,\"Homestay\":1161076.24,\"ThreeStar\":1326252.71,\"Guesthouse\":1148370.35,\"WithoutAccomodation\":970488},{\"vehicle\":\"Medium Bus\",\"user\":18,\"wnaCost\":143500,\"mealCostPerPerson\":70000,\"Cottage\":1683672,\"Homestay\":1569672,\"ThreeStar\":1701672,\"Guesthouse\":1539672,\"WithoutAccomodation\":1377672},{\"vehicle\":\"Medium Bus\",\"user\":19,\"wnaCost\":143500,\"mealCostPerPerson\":88421.05,\"Cottage\":1604720.84,\"Homestay\":1530826.11,\"ThreeStar\":1729773.47,\"Guesthouse\":1553562.95,\"WithoutAccomodation\":1377352.42},{\"vehicle\":\"Medium Bus\",\"user\":20,\"wnaCost\":143500,\"mealCostPerPerson\":84000,\"Cottage\":1543384.8,\"Homestay\":1473184.8,\"ThreeStar\":1640584.8,\"Guesthouse\":1478584.8,\"WithoutAccomodation\":1316584.8},{\"vehicle\":\"Medium Bus\",\"user\":21,\"wnaCost\":143500,\"mealCostPerPerson\":80000,\"Cottage\":1487890.29,\"Homestay\":1421033.14,\"ThreeStar\":1647318.86,\"Guesthouse\":1472461.71,\"WithoutAccomodation\":1297604.57},{\"vehicle\":\"Medium Bus\",\"user\":22,\"wnaCost\":143500,\"mealCostPerPerson\":76363.64,\"Cottage\":1437440.73,\"Homestay\":1373622.55,\"ThreeStar\":1569986.18,\"Guesthouse\":1407986.18,\"WithoutAccomodation\":1245986.18},{\"vehicle\":\"Medium Bus\",\"user\":23,\"wnaCost\":143500,\"mealCostPerPerson\":73043.48,\"Cottage\":1391378.09,\"Homestay\":1330334.61,\"ThreeStar\":1579204.17,\"Guesthouse\":1405465.04,\"WithoutAccomodation\":1231725.91},{\"vehicle\":\"Medium Bus\",\"user\":24,\"wnaCost\":143500,\"mealCostPerPerson\":70000,\"Cottage\":1268154,\"Homestay\":1290654,\"ThreeStar\":1511154,\"Guesthouse\":1349154,\"WithoutAccomodation\":1187154},{\"vehicle\":\"Medium Bus\",\"user\":25,\"wnaCost\":143500,\"mealCostPerPerson\":67200,\"Cottage\":1401027.84,\"Homestay\":1126707.84,\"ThreeStar\":1521987.84,\"Guesthouse\":1349187.84,\"WithoutAccomodation\":1176387.84},{\"vehicle\":\"Medium Bus\",\"user\":26,\"wnaCost\":143500,\"mealCostPerPerson\":64615.38,\"Cottage\":1374142.15,\"Homestay\":1355449.85,\"ThreeStar\":1461372.92,\"Guesthouse\":1299372.92,\"WithoutAccomodation\":1137372.92},{\"vehicle\":\"Medium Bus\",\"user\":27,\"wnaCost\":143500,\"mealCostPerPerson\":62222.22,\"Cottage\":1313248,\"Homestay\":1331248,\"ThreeStar\":1473248,\"Guesthouse\":1301248,\"WithoutAccomodation\":1129248},{\"vehicle\":\"Medium Bus\",\"user\":28,\"wnaCost\":143500,\"mealCostPerPerson\":60000,\"Cottage\":1279846.29,\"Homestay\":1274060.57,\"ThreeStar\":1418703.43,\"Guesthouse\":1256703.43,\"WithoutAccomodation\":1094703.43},{\"vehicle\":\"Medium Bus\",\"user\":29,\"wnaCost\":143500,\"mealCostPerPerson\":57931.03,\"Cottage\":1248748.14,\"Homestay\":1243161.93,\"ThreeStar\":1431230.9,\"Guesthouse\":1259920.55,\"WithoutAccomodation\":1088610.21},{\"vehicle\":\"Medium Bus\",\"user\":30,\"wnaCost\":143500,\"mealCostPerPerson\":56000,\"Cottage\":1219723.2,\"Homestay\":1214323.2,\"ThreeStar\":1381723.2,\"Guesthouse\":1219723.2,\"WithoutAccomodation\":1057723.2},{\"vehicle\":\"Big Bus HD\",\"user\":31,\"wnaCost\":143500,\"mealCostPerPerson\":67741.94,\"Cottage\":1400035.35,\"Homestay\":1394809.55,\"ThreeStar\":1602099.87,\"Guesthouse\":1431390.19,\"WithoutAccomodation\":1260680.52},{\"vehicle\":\"Big Bus HD\",\"user\":32,\"wnaCost\":143500,\"mealCostPerPerson\":65625,\"Cottage\":1306840.5,\"Homestay\":1362528,\"ThreeStar\":1549840.5,\"Guesthouse\":1387840.5,\"WithoutAccomodation\":1225840.5},{\"vehicle\":\"Big Bus HD\",\"user\":33,\"wnaCost\":143500,\"mealCostPerPerson\":63636.36,\"Cottage\":1405839.27,\"Homestay\":1332202.91,\"ThreeStar\":1556384.73,\"Guesthouse\":1386202.91,\"WithoutAccomodation\":1216021.09},{\"vehicle\":\"Big Bus HD\",\"user\":34,\"wnaCost\":143500,\"mealCostPerPerson\":61764.71,\"Cottage\":1384661.65,\"Homestay\":1303661.65,\"ThreeStar\":1508544,\"Guesthouse\":1346544,\"WithoutAccomodation\":1184544},{\"vehicle\":\"Big Bus HD\",\"user\":35,\"wnaCost\":143500,\"mealCostPerPerson\":60000,\"Cottage\":1336922.74,\"Homestay\":1276751.31,\"ThreeStar\":1515894.17,\"Guesthouse\":1346179.89,\"WithoutAccomodation\":1176465.6},{\"vehicle\":\"Big Bus HD\",\"user\":36,\"wnaCost\":143500,\"mealCostPerPerson\":58333.33,\"Cottage\":1309836,\"Homestay\":1251336,\"ThreeStar\":1471836,\"Guesthouse\":1309836,\"WithoutAccomodation\":1147836},{\"vehicle\":\"Big Bus HD\",\"user\":37,\"wnaCost\":143500,\"mealCostPerPerson\":56756.76,\"Cottage\":1284213.41,\"Homestay\":1227294.49,\"ThreeStar\":1479780.97,\"Guesthouse\":1310483.68,\"WithoutAccomodation\":1141186.38},{\"vehicle\":\"Big Bus HD\",\"user\":38,\"wnaCost\":143500,\"mealCostPerPerson\":55263.16,\"Cottage\":1259939.37,\"Homestay\":1204518.32,\"ThreeStar\":1438992,\"Guesthouse\":1276992,\"WithoutAccomodation\":1114992},{\"vehicle\":\"Big Bus HD\",\"user\":39,\"wnaCost\":143500,\"mealCostPerPerson\":53846.15,\"Cottage\":1236910.15,\"Homestay\":1182910.15,\"ThreeStar\":1447371.69,\"Guesthouse\":1278448.62,\"WithoutAccomodation\":1109525.54},{\"vehicle\":\"Big Bus HD\",\"user\":40,\"wnaCost\":143500,\"mealCostPerPerson\":52500,\"Cottage\":1166432.4,\"Homestay\":1162382.4,\"ThreeStar\":1409432.4,\"Guesthouse\":1247432.4,\"WithoutAccomodation\":1085432.4},{\"vehicle\":\"Big Bus HD\",\"user\":41,\"wnaCost\":143500,\"mealCostPerPerson\":61463.41,\"Cottage\":1260602.34,\"Homestay\":1153919.41,\"ThreeStar\":1429187.71,\"Guesthouse\":1260602.34,\"WithoutAccomodation\":1092016.98},{\"vehicle\":\"Big Bus HD\",\"user\":42,\"wnaCost\":143500,\"mealCostPerPerson\":60000,\"Cottage\":1246916.57,\"Homestay\":1135059.43,\"ThreeStar\":1393488,\"Guesthouse\":1231488,\"WithoutAccomodation\":1069488},{\"vehicle\":\"Big Bus HD\",\"user\":43,\"wnaCost\":143500,\"mealCostPerPerson\":58604.65,\"Cottage\":1211262.7,\"Homestay\":1117076.65,\"ThreeStar\":1402146.42,\"Guesthouse\":1233867.35,\"WithoutAccomodation\":1065588.28},{\"vehicle\":\"Big Bus HD\",\"user\":44,\"wnaCost\":143500,\"mealCostPerPerson\":57272.73,\"Cottage\":1191956.73,\"Homestay\":1099911.27,\"ThreeStar\":1368684,\"Guesthouse\":1206684,\"WithoutAccomodation\":1044684},{\"vehicle\":\"Big Bus HD\",\"user\":45,\"wnaCost\":143500,\"mealCostPerPerson\":56000,\"Cottage\":1173508.8,\"Homestay\":1083508.8,\"ThreeStar\":1377508.8,\"Guesthouse\":1209508.8,\"WithoutAccomodation\":1041508.8},{\"vehicle\":\"Big Bus SHD\",\"user\":46,\"wnaCost\":143500,\"mealCostPerPerson\":54782.61,\"Cottage\":1261515.13,\"Homestay\":1173471.65,\"ThreeStar\":1451689.04,\"Guesthouse\":1289689.04,\"WithoutAccomodation\":1127689.04},{\"vehicle\":\"Big Bus SHD\",\"user\":47,\"wnaCost\":143500,\"mealCostPerPerson\":53617.02,\"Cottage\":1242372.26,\"Homestay\":1156202.04,\"ThreeStar\":1458372.26,\"Guesthouse\":1290627.57,\"WithoutAccomodation\":1122882.89},{\"vehicle\":\"Big Bus SHD\",\"user\":48,\"wnaCost\":143500,\"mealCostPerPerson\":52500,\"Cottage\":1183527,\"Homestay\":1139652,\"ThreeStar\":1426527,\"Guesthouse\":1264527,\"WithoutAccomodation\":1102527},{\"vehicle\":\"Big Bus SHD\",\"user\":49,\"wnaCost\":143500,\"mealCostPerPerson\":51428.57,\"Cottage\":1252716.24,\"Homestay\":1123777.47,\"ThreeStar\":1433450.94,\"Guesthouse\":1265940.73,\"WithoutAccomodation\":1098430.53},{\"vehicle\":\"Big Bus SHD\",\"user\":50,\"wnaCost\":143500,\"mealCostPerPerson\":50400,\"Cottage\":1241377.92,\"Homestay\":1044817.92,\"ThreeStar\":1403377.92,\"Guesthouse\":1241377.92,\"WithoutAccomodation\":1079377.92},{\"vehicle\":\"Big Bus SHD\",\"user\":51,\"wnaCost\":143500,\"mealCostPerPerson\":49411.76,\"Cottage\":1211425.41,\"Homestay\":1162719.53,\"ThreeStar\":1410484.24,\"Guesthouse\":1243190.12,\"WithoutAccomodation\":1075896},{\"vehicle\":\"Big Bus SHD\",\"user\":52,\"wnaCost\":143500,\"mealCostPerPerson\":48461.54,\"Cottage\":1195086.46,\"Homestay\":1153548,\"ThreeStar\":1382009.54,\"Guesthouse\":1220009.54,\"WithoutAccomodation\":1058009.54},{\"vehicle\":\"Big Bus SHD\",\"user\":53,\"wnaCost\":143500,\"mealCostPerPerson\":47547.17,\"Cottage\":1179364.08,\"Homestay\":1126382.94,\"ThreeStar\":1389250.87,\"Guesthouse\":1222156.53,\"WithoutAccomodation\":1055062.19},{\"vehicle\":\"Big Bus SHD\",\"user\":54,\"wnaCost\":143500,\"mealCostPerPerson\":46666.67,\"Cottage\":1164224,\"Homestay\":1112224,\"ThreeStar\":1362224,\"Guesthouse\":1200224,\"WithoutAccomodation\":1038224},{\"vehicle\":\"Big Bus SHD\",\"user\":55,\"wnaCost\":143500,\"mealCostPerPerson\":45818.18,\"Cottage\":1149634.47,\"Homestay\":1098579.93,\"ThreeStar\":1369561.75,\"Guesthouse\":1202652.65,\"WithoutAccomodation\":1035743.56}]}]', '2025-01-31 01:51:06', '2025-01-31 01:51:06');

-- --------------------------------------------------------

--
-- Table structure for table `package_two_days`
--

CREATE TABLE `package_two_days` (
  `id` bigint(20) UNSIGNED NOT NULL,
  `name_package` varchar(255) DEFAULT NULL,
  `regency_id` int(11) DEFAULT NULL,
  `facility_id` int(11) DEFAULT NULL,
  `agen_id` int(11) DEFAULT NULL,
  `status` tinyint(1) NOT NULL DEFAULT 1,
  `information` varchar(255) DEFAULT NULL,
  `created_at` timestamp NULL DEFAULT NULL,
  `updated_at` timestamp NULL DEFAULT NULL
) ENGINE=InnoDB DEFAULT CHARSET=utf8mb4 COLLATE=utf8mb4_unicode_ci;

--
-- Dumping data for table `package_two_days`
--

INSERT INTO `package_two_days` (`id`, `name_package`, `regency_id`, `facility_id`, `agen_id`, `status`, `information`, `created_at`, `updated_at`) VALUES
(29, 'New Paket 2D1N #1', 3471, NULL, 2, 1, '<p><span style=\"background-color: rgb(47, 51, 73); color: rgb(172, 171, 193);\">Free Guide, Dokumetasi Foto dan Video untuk jumlah peserta lebih dari 20 orang</span></p>', '2025-01-30 09:30:45', '2025-02-01 21:52:29'),
(30, 'New Paket 2D1N #2', 3471, NULL, 2, 1, '<p>Test 2</p>', '2025-01-30 19:42:10', '2025-01-30 19:42:10'),
(31, 'New Paket 2D1N #3', 3471, NULL, 2, 1, '<p>test 3</p>', '2025-01-30 20:09:08', '2025-01-30 20:09:08'),
(32, 'New Paket 2D1N #4', 3471, NULL, 2, 1, '<p>test</p>', '2025-01-30 20:11:55', '2025-01-30 20:11:55'),
(37, 'Dieng 2D1N', 3307, NULL, 2, 1, NULL, '2025-02-02 04:03:44', '2025-02-02 04:03:44'),
(38, '2D1N A LIBRAH', 3471, NULL, 8, 1, '<p><span style=\"background-color: rgb(47, 51, 73); color: rgb(172, 171, 193);\">Free Guide, Dokumetasi Foto dan Video untuk jumlah peserta mulai dari 20 orang</span></p>', '2025-02-24 01:41:06', '2025-02-26 03:01:13'),
(39, '2D1N B LIBRAH', 3471, NULL, 8, 1, '<p>Free Guide, Dokumetasi Foto dan Video untuk jumlah peserta mulai dari 20 orang</p>', '2025-02-24 01:56:45', '2025-02-24 01:56:45'),
(40, '2D1N C LIBRAH', 3471, NULL, 8, 1, '<p class=\"ql-align-center\">Free Guide, Dokumetasi Foto dan Video untuk jumlah peserta mulai dari 20 orang</p><p><br></p>', '2025-02-24 01:58:56', '2025-02-24 01:58:56'),
(41, '2D1N D LIBRAH', 3471, NULL, 8, 1, '<p>Free Guide, Dokumetasi Foto dan Video untuk jumlah peserta mulai dari 20 orang</p><p><br></p>', '2025-02-24 02:01:26', '2025-02-24 02:01:26'),
(43, 'Batu City Tour 2D1N #1', 3579, NULL, 6, 1, '<p><span style=\"background-color: rgb(47, 51, 73); color: rgb(172, 171, 193);\">Free Guide, Dokumetasi Foto dan Video untuk jumlah peserta mulai dari 20 orang</span></p>', '2025-03-01 21:43:19', '2025-03-01 21:43:19'),
(44, 'Batu City Tour 2D1N #2', 3579, NULL, 6, 1, '<p><span style=\"background-color: rgb(47, 51, 73); color: rgb(172, 171, 193);\">Free Guide, Dokumetasi Foto dan Video untuk jumlah peserta mulai dari 20 orang</span></p>', '2025-03-01 21:54:07', '2025-03-01 21:54:07'),
(45, 'Batu City Tour 2D1N #3', 3579, NULL, 6, 1, '<p><span style=\"background-color: rgb(47, 51, 73); color: rgb(172, 171, 193);\">Free Guide, Dokumetasi Foto dan Video untuk jumlah peserta mulai dari 20 orang</span></p>', '2025-03-01 22:35:00', '2025-03-01 22:35:00');

-- --------------------------------------------------------

--
-- Table structure for table `package_two_destinations`
--

CREATE TABLE `package_two_destinations` (
  `id` bigint(20) UNSIGNED NOT NULL,
  `package_id` bigint(20) UNSIGNED DEFAULT NULL,
  `destination_id` bigint(20) UNSIGNED DEFAULT NULL,
  `created_at` timestamp NULL DEFAULT NULL,
  `updated_at` timestamp NULL DEFAULT NULL
) ENGINE=InnoDB DEFAULT CHARSET=utf8mb4 COLLATE=utf8mb4_unicode_ci;

--
-- Dumping data for table `package_two_destinations`
--

INSERT INTO `package_two_destinations` (`id`, `package_id`, `destination_id`, `created_at`, `updated_at`) VALUES
(179, 29, 16, NULL, NULL),
(180, 29, 43, NULL, NULL),
(181, 29, 54, NULL, NULL),
(182, 29, 112, NULL, NULL),
(183, 29, 127, NULL, NULL),
(184, 29, 136, NULL, NULL),
(185, 29, 198, NULL, NULL),
(186, 30, 43, NULL, NULL),
(187, 30, 56, NULL, NULL),
(188, 30, 85, NULL, NULL),
(189, 30, 108, NULL, NULL),
(190, 30, 136, NULL, NULL),
(191, 30, 137, NULL, NULL),
(192, 30, 204, NULL, NULL),
(193, 31, 21, NULL, NULL),
(194, 31, 25, NULL, NULL),
(195, 31, 43, NULL, NULL),
(196, 31, 65, NULL, NULL),
(197, 31, 83, NULL, NULL),
(198, 31, 135, NULL, NULL),
(199, 31, 136, NULL, NULL),
(200, 32, 17, NULL, NULL),
(201, 32, 26, NULL, NULL),
(202, 32, 43, NULL, NULL),
(203, 32, 109, NULL, NULL),
(204, 32, 110, NULL, NULL),
(205, 32, 136, NULL, NULL),
(237, 37, 144, NULL, NULL),
(238, 37, 149, NULL, NULL),
(239, 37, 156, NULL, NULL),
(240, 37, 157, NULL, NULL),
(241, 37, 162, NULL, NULL),
(242, 37, 163, NULL, NULL),
(243, 37, 182, NULL, NULL),
(244, 37, 187, NULL, NULL),
(245, 38, 16, NULL, NULL),
(246, 38, 26, NULL, NULL),
(247, 38, 43, NULL, NULL),
(248, 38, 56, NULL, NULL),
(249, 38, 134, NULL, NULL),
(250, 38, 136, NULL, NULL),
(251, 38, 196, NULL, NULL),
(252, 38, 198, NULL, NULL),
(253, 39, 11, NULL, NULL),
(254, 39, 12, NULL, NULL),
(255, 39, 30, NULL, NULL),
(256, 39, 36, NULL, NULL),
(257, 39, 43, NULL, NULL),
(258, 39, 64, NULL, NULL),
(259, 39, 136, NULL, NULL),
(260, 39, 198, NULL, NULL),
(261, 39, 202, NULL, NULL),
(262, 40, 30, NULL, NULL),
(263, 40, 43, NULL, NULL),
(264, 40, 45, NULL, NULL),
(265, 40, 134, NULL, NULL),
(266, 40, 135, NULL, NULL),
(267, 40, 136, NULL, NULL),
(268, 40, 139, NULL, NULL),
(269, 40, 202, NULL, NULL),
(270, 40, 203, NULL, NULL),
(271, 41, 13, NULL, NULL),
(272, 41, 17, NULL, NULL),
(273, 41, 20, NULL, NULL),
(274, 41, 33, NULL, NULL),
(275, 41, 43, NULL, NULL),
(276, 41, 65, NULL, NULL),
(277, 41, 96, NULL, NULL),
(278, 41, 135, NULL, NULL),
(279, 41, 136, NULL, NULL),
(280, 41, 198, NULL, NULL),
(289, 43, 206, NULL, NULL),
(290, 43, 210, NULL, NULL),
(291, 43, 213, NULL, NULL),
(292, 43, 216, NULL, NULL),
(293, 44, 208, NULL, NULL),
(294, 44, 209, NULL, NULL),
(295, 44, 211, NULL, NULL),
(296, 44, 213, NULL, NULL),
(297, 45, 209, NULL, NULL),
(298, 45, 211, NULL, NULL),
(299, 45, 212, NULL, NULL),
(300, 45, 214, NULL, NULL),
(301, 45, 215, NULL, NULL);

-- --------------------------------------------------------

--
-- Table structure for table `package_two_prices`
--

CREATE TABLE `package_two_prices` (
  `id` bigint(20) UNSIGNED NOT NULL,
  `package_two_day_id` int(11) NOT NULL,
  `price_data` longtext CHARACTER SET utf8mb4 COLLATE utf8mb4_bin DEFAULT NULL CHECK (json_valid(`price_data`)),
  `created_at` timestamp NULL DEFAULT NULL,
  `updated_at` timestamp NULL DEFAULT NULL
) ENGINE=InnoDB DEFAULT CHARSET=utf8mb4 COLLATE=utf8mb4_unicode_ci;

--
-- Dumping data for table `package_two_prices`
--

INSERT INTO `package_two_prices` (`id`, `package_two_day_id`, `price_data`, `created_at`, `updated_at`) VALUES
(26, 29, '[{\"Price Type\":\"Include Meal\",\"data\":[{\"Price Type\":\"Include Meal\"},{\"vehicle\":\"Avanza\",\"user\":1,\"wnaCost\":450000,\"mealCostPerPerson\":600000,\"WithoutAccomodation\":3291408,\"Guesthouse\":3561408,\"Homestay\":3291408,\"TwoStar\":3777408,\"ThreeStar\":4209408,\"FourStar\":4803408,\"FiveStar\":5343408},{\"vehicle\":\"Avanza\",\"user\":2,\"wnaCost\":425000,\"mealCostPerPerson\":450000,\"WithoutAccomodation\":1957284,\"Guesthouse\":2038284,\"Homestay\":2065284,\"TwoStar\":2146284,\"ThreeStar\":2308284,\"FourStar\":2551284,\"FiveStar\":2767284},{\"vehicle\":\"Avanza\",\"user\":3,\"wnaCost\":416666.67,\"mealCostPerPerson\":400000,\"WithoutAccomodation\":1584576,\"Guesthouse\":1728576,\"Homestay\":1854576,\"TwoStar\":1872576,\"ThreeStar\":2124576,\"FourStar\":2484576,\"FiveStar\":2808576},{\"vehicle\":\"Avanza\",\"user\":4,\"wnaCost\":412500,\"mealCostPerPerson\":375000,\"WithoutAccomodation\":1344222,\"Guesthouse\":1425222,\"Homestay\":1560222,\"TwoStar\":1533222,\"ThreeStar\":1695222,\"FourStar\":1938222,\"FiveStar\":2154222},{\"vehicle\":\"Avanza\",\"user\":5,\"wnaCost\":420000,\"mealCostPerPerson\":360000,\"WithoutAccomodation\":1351209.6,\"Guesthouse\":1470009.6,\"Homestay\":1524009.6,\"TwoStar\":1599609.6,\"ThreeStar\":1815609.6,\"FourStar\":2128809.6,\"FiveStar\":2409609.6},{\"vehicle\":\"Innova\",\"user\":6,\"wnaCost\":416666.67,\"mealCostPerPerson\":350000,\"WithoutAccomodation\":1301868,\"Guesthouse\":1382868,\"Homestay\":1481868,\"TwoStar\":1490868,\"ThreeStar\":1652868,\"FourStar\":1895868,\"FiveStar\":2111868},{\"vehicle\":\"Hiace Commuter\",\"user\":7,\"wnaCost\":414285.71,\"mealCostPerPerson\":385714.29,\"WithoutAccomodation\":1513481.14,\"Guesthouse\":1621481.14,\"Homestay\":1752624,\"TwoStar\":1744909.71,\"ThreeStar\":1945481.14,\"FourStar\":2238624,\"FiveStar\":2500909.71},{\"vehicle\":\"Hiace Commuter\",\"user\":8,\"wnaCost\":412500,\"mealCostPerPerson\":375000,\"WithoutAccomodation\":1402191,\"Guesthouse\":1483191,\"Homestay\":1618191,\"TwoStar\":1591191,\"ThreeStar\":1753191,\"FourStar\":1996191,\"FiveStar\":2212191},{\"vehicle\":\"Hiace Commuter\",\"user\":9,\"wnaCost\":416666.67,\"mealCostPerPerson\":366666.67,\"WithoutAccomodation\":1399632,\"Guesthouse\":1501632,\"Homestay\":1591632,\"TwoStar\":1621632,\"ThreeStar\":1813632,\"FourStar\":2095632,\"FiveStar\":2347632},{\"vehicle\":\"Hiace Commuter\",\"user\":10,\"wnaCost\":415000,\"mealCostPerPerson\":360000,\"WithoutAccomodation\":1321984.8,\"Guesthouse\":1402984.8,\"Homestay\":1516384.8,\"TwoStar\":1510984.8,\"ThreeStar\":1672984.8,\"FourStar\":1915984.8,\"FiveStar\":2131984.8},{\"vehicle\":\"Hiace Commuter\",\"user\":11,\"wnaCost\":413636.36,\"mealCostPerPerson\":354545.45,\"WithoutAccomodation\":1278091.64,\"Guesthouse\":1376273.45,\"Homestay\":1508818.91,\"TwoStar\":1494091.64,\"ThreeStar\":1680637.09,\"FourStar\":1955546.18,\"FiveStar\":2201000.73},{\"vehicle\":\"Hiace Commuter\",\"user\":12,\"wnaCost\":412500,\"mealCostPerPerson\":350000,\"WithoutAccomodation\":1223514,\"Guesthouse\":1304514,\"Homestay\":1439514,\"TwoStar\":1412514,\"ThreeStar\":1574514,\"FourStar\":1817514,\"FiveStar\":2033514},{\"vehicle\":\"Elf Giga\",\"user\":13,\"wnaCost\":415384.62,\"mealCostPerPerson\":369230.77,\"WithoutAccomodation\":1277025.23,\"Guesthouse\":1372563.69,\"Homestay\":1476409.85,\"TwoStar\":1488871.38,\"ThreeStar\":1671640.62,\"FourStar\":1941640.62,\"FiveStar\":2182563.69},{\"vehicle\":\"Elf Giga\",\"user\":14,\"wnaCost\":414285.71,\"mealCostPerPerson\":364285.71,\"WithoutAccomodation\":1230320.57,\"Guesthouse\":1311320.57,\"Homestay\":1430892,\"TwoStar\":1419320.57,\"ThreeStar\":1581320.57,\"FourStar\":1824320.57,\"FiveStar\":2040320.57},{\"vehicle\":\"Elf Giga\",\"user\":15,\"wnaCost\":413333.33,\"mealCostPerPerson\":360000,\"WithoutAccomodation\":1204243.2,\"Guesthouse\":1297843.2,\"Homestay\":1431043.2,\"TwoStar\":1413043.2,\"ThreeStar\":1593043.2,\"FourStar\":1859443.2,\"FiveStar\":2097043.2},{\"vehicle\":\"Elf Giga\",\"user\":16,\"wnaCost\":412500,\"mealCostPerPerson\":356250,\"WithoutAccomodation\":1167925.5,\"Guesthouse\":1248925.5,\"Homestay\":1383925.5,\"TwoStar\":1356925.5,\"ThreeStar\":1518925.5,\"FourStar\":1761925.5,\"FiveStar\":1977925.5},{\"vehicle\":\"Elf Giga\",\"user\":17,\"wnaCost\":414705.88,\"mealCostPerPerson\":352941.18,\"WithoutAccomodation\":1180351.06,\"Guesthouse\":1272468.71,\"Homestay\":1383645.18,\"TwoStar\":1386821.65,\"ThreeStar\":1564704,\"FourStar\":1828351.06,\"FiveStar\":2063409.88},{\"vehicle\":\"Medium Bus\",\"user\":18,\"wnaCost\":413888.89,\"mealCostPerPerson\":350000,\"WithoutAccomodation\":1260996,\"Guesthouse\":1341996,\"Homestay\":1464996,\"TwoStar\":1449996,\"ThreeStar\":1611996,\"FourStar\":1854996,\"FiveStar\":2070996},{\"vehicle\":\"Medium Bus\",\"user\":19,\"wnaCost\":413157.89,\"mealCostPerPerson\":363157.89,\"WithoutAccomodation\":1255846.74,\"Guesthouse\":1346794.11,\"Homestay\":1480373.05,\"TwoStar\":1460478.32,\"ThreeStar\":1636688.84,\"FourStar\":1898162.53,\"FiveStar\":2131215.16},{\"vehicle\":\"Medium Bus\",\"user\":20,\"wnaCost\":412500,\"mealCostPerPerson\":360000,\"WithoutAccomodation\":1467212.4,\"Guesthouse\":1548212.4,\"Homestay\":1683212.4,\"TwoStar\":1656212.4,\"ThreeStar\":1818212.4,\"FourStar\":2061212.4,\"FiveStar\":2277212.4},{\"vehicle\":\"Medium Bus\",\"user\":21,\"wnaCost\":414285.71,\"mealCostPerPerson\":357142.86,\"WithoutAccomodation\":1463019.43,\"Guesthouse\":1553019.43,\"Homestay\":1668733.71,\"TwoStar\":1666162.29,\"ThreeStar\":1841019.43,\"FourStar\":2100733.71,\"FiveStar\":2332162.29},{\"vehicle\":\"Medium Bus\",\"user\":22,\"wnaCost\":413636.36,\"mealCostPerPerson\":354545.45,\"WithoutAccomodation\":1424844,\"Guesthouse\":1505844,\"Homestay\":1631025.82,\"TwoStar\":1613844,\"ThreeStar\":1775844,\"FourStar\":2018844,\"FiveStar\":2234844},{\"vehicle\":\"Medium Bus\",\"user\":23,\"wnaCost\":413043.48,\"mealCostPerPerson\":352173.91,\"WithoutAccomodation\":1399379.48,\"Guesthouse\":1488596.87,\"Homestay\":1622422.96,\"TwoStar\":1601292.52,\"ThreeStar\":1775031.65,\"FourStar\":2033292.52,\"FiveStar\":2263379.48},{\"vehicle\":\"Medium Bus\",\"user\":24,\"wnaCost\":412500,\"mealCostPerPerson\":350000,\"WithoutAccomodation\":1367037,\"Guesthouse\":1448037,\"Homestay\":1583037,\"TwoStar\":1556037,\"ThreeStar\":1718037,\"FourStar\":1961037,\"FiveStar\":2177037},{\"vehicle\":\"Medium Bus\",\"user\":25,\"wnaCost\":414000,\"mealCostPerPerson\":348000,\"WithoutAccomodation\":1367521.92,\"Guesthouse\":1456081.92,\"Homestay\":1574881.92,\"TwoStar\":1568401.92,\"ThreeStar\":1741201.92,\"FourStar\":1998241.92,\"FiveStar\":2227201.92},{\"vehicle\":\"Medium Bus\",\"user\":26,\"wnaCost\":413461.54,\"mealCostPerPerson\":346153.85,\"WithoutAccomodation\":1338892.62,\"Guesthouse\":1419892.62,\"Homestay\":1546584.92,\"TwoStar\":1527892.62,\"ThreeStar\":1689892.62,\"FourStar\":1932892.62,\"FiveStar\":2148892.62},{\"vehicle\":\"Medium Bus\",\"user\":27,\"wnaCost\":412962.96,\"mealCostPerPerson\":344444.44,\"WithoutAccomodation\":1320384,\"Guesthouse\":1408384,\"Homestay\":1542384,\"TwoStar\":1520384,\"ThreeStar\":1692384,\"FourStar\":1948384,\"FiveStar\":2176384},{\"vehicle\":\"Medium Bus\",\"user\":28,\"wnaCost\":412500,\"mealCostPerPerson\":342857.14,\"WithoutAccomodation\":1295483.14,\"Guesthouse\":1376483.14,\"Homestay\":1511483.14,\"TwoStar\":1484483.14,\"ThreeStar\":1646483.14,\"FourStar\":1889483.14,\"FiveStar\":2105483.14},{\"vehicle\":\"Medium Bus\",\"user\":29,\"wnaCost\":413793.1,\"mealCostPerPerson\":341379.31,\"WithoutAccomodation\":1298368.55,\"Guesthouse\":1385885.79,\"Homestay\":1506920.28,\"TwoStar\":1497609.93,\"ThreeStar\":1668920.28,\"FourStar\":1924023.72,\"FiveStar\":2151196.14},{\"vehicle\":\"Medium Bus\",\"user\":30,\"wnaCost\":413333.33,\"mealCostPerPerson\":340000,\"WithoutAccomodation\":1275861.6,\"Guesthouse\":1356861.6,\"Homestay\":1484661.6,\"TwoStar\":1464861.6,\"ThreeStar\":1626861.6,\"FourStar\":1869861.6,\"FiveStar\":2085861.6},{\"vehicle\":\"Big Bus HD\",\"user\":31,\"wnaCost\":412903.23,\"mealCostPerPerson\":348387.1,\"WithoutAccomodation\":1376393.81,\"Guesthouse\":1463490.58,\"Homestay\":1597619.61,\"TwoStar\":1574974.45,\"ThreeStar\":1745684.13,\"FourStar\":2000006.71,\"FiveStar\":2226458.32},{\"vehicle\":\"Big Bus HD\",\"user\":32,\"wnaCost\":412500,\"mealCostPerPerson\":346875,\"WithoutAccomodation\":1352517.75,\"Guesthouse\":1433517.75,\"Homestay\":1568517.75,\"TwoStar\":1541517.75,\"ThreeStar\":1703517.75,\"FourStar\":1946517.75,\"FiveStar\":2162517.75},{\"vehicle\":\"Big Bus HD\",\"user\":33,\"wnaCost\":413636.36,\"mealCostPerPerson\":345454.55,\"WithoutAccomodation\":1352997.82,\"Guesthouse\":1439725.09,\"Homestay\":1562452.36,\"TwoStar\":1550997.82,\"ThreeStar\":1721179.64,\"FourStar\":1974816,\"FiveStar\":2200634.18},{\"vehicle\":\"Big Bus HD\",\"user\":34,\"wnaCost\":413235.29,\"mealCostPerPerson\":344117.65,\"WithoutAccomodation\":1331214.35,\"Guesthouse\":1412214.35,\"Homestay\":1540861.41,\"TwoStar\":1520214.35,\"ThreeStar\":1682214.35,\"FourStar\":1925214.35,\"FiveStar\":2141214.35},{\"vehicle\":\"Big Bus HD\",\"user\":35,\"wnaCost\":412857.14,\"mealCostPerPerson\":342857.14,\"WithoutAccomodation\":1316847.09,\"Guesthouse\":1403247.09,\"Homestay\":1537475.66,\"TwoStar\":1514332.8,\"ThreeStar\":1684047.09,\"FourStar\":1937075.66,\"FiveStar\":2162332.8},{\"vehicle\":\"Big Bus HD\",\"user\":36,\"wnaCost\":412500,\"mealCostPerPerson\":341666.67,\"WithoutAccomodation\":1297278,\"Guesthouse\":1378278,\"Homestay\":1513278,\"TwoStar\":1486278,\"ThreeStar\":1648278,\"FourStar\":1891278,\"FiveStar\":2107278},{\"vehicle\":\"Big Bus HD\",\"user\":37,\"wnaCost\":413513.51,\"mealCostPerPerson\":340540.54,\"WithoutAccomodation\":1299199.14,\"Guesthouse\":1385307.24,\"Homestay\":1509361.3,\"TwoStar\":1496226.16,\"ThreeStar\":1665523.46,\"FourStar\":1918009.95,\"FiveStar\":2142766.7},{\"vehicle\":\"Big Bus HD\",\"user\":38,\"wnaCost\":413157.89,\"mealCostPerPerson\":339473.68,\"WithoutAccomodation\":1281124.42,\"Guesthouse\":1362124.42,\"Homestay\":1491440.21,\"TwoStar\":1470124.42,\"ThreeStar\":1632124.42,\"FourStar\":1875124.42,\"FiveStar\":2091124.42},{\"vehicle\":\"Big Bus HD\",\"user\":39,\"wnaCost\":412820.51,\"mealCostPerPerson\":338461.54,\"WithoutAccomodation\":1269515.08,\"Guesthouse\":1355361.23,\"Homestay\":1489668.92,\"TwoStar\":1466130.46,\"ThreeStar\":1635053.54,\"FourStar\":1887053.54,\"FiveStar\":2111361.23},{\"vehicle\":\"Big Bus HD\",\"user\":40,\"wnaCost\":412500,\"mealCostPerPerson\":337500,\"WithoutAccomodation\":1253086.2,\"Guesthouse\":1334086.2,\"Homestay\":1469086.2,\"TwoStar\":1442086.2,\"ThreeStar\":1604086.2,\"FourStar\":1847086.2,\"FiveStar\":2063086.2},{\"vehicle\":\"Big Bus HD\",\"user\":41,\"wnaCost\":413414.63,\"mealCostPerPerson\":343902.44,\"WithoutAccomodation\":1263800.2,\"Guesthouse\":1349409.95,\"Homestay\":1474531.9,\"TwoStar\":1460044.1,\"ThreeStar\":1628629.46,\"FourStar\":1880190.44,\"FiveStar\":2104092.88},{\"vehicle\":\"Big Bus HD\",\"user\":42,\"wnaCost\":413095.24,\"mealCostPerPerson\":342857.14,\"WithoutAccomodation\":1248289.71,\"Guesthouse\":1329289.71,\"Homestay\":1459146.86,\"TwoStar\":1437289.71,\"ThreeStar\":1599289.71,\"FourStar\":1842289.71,\"FiveStar\":2058289.71},{\"vehicle\":\"Big Bus HD\",\"user\":43,\"wnaCost\":412790.7,\"mealCostPerPerson\":341860.47,\"WithoutAccomodation\":1238523.91,\"Guesthouse\":1323919.26,\"Homestay\":1458291.35,\"TwoStar\":1434430.88,\"ThreeStar\":1602709.95,\"FourStar\":1853872.74,\"FiveStar\":2077407.63},{\"vehicle\":\"Big Bus HD\",\"user\":44,\"wnaCost\":412500,\"mealCostPerPerson\":340909.09,\"WithoutAccomodation\":1224292.91,\"Guesthouse\":1305292.91,\"Homestay\":1440292.91,\"TwoStar\":1413292.91,\"ThreeStar\":1575292.91,\"FourStar\":1818292.91,\"FiveStar\":2034292.91},{\"vehicle\":\"Big Bus HD\",\"user\":45,\"wnaCost\":413333.33,\"mealCostPerPerson\":340000,\"WithoutAccomodation\":1227494.4,\"Guesthouse\":1312694.4,\"Homestay\":1438694.4,\"TwoStar\":1423094.4,\"ThreeStar\":1591094.4,\"FourStar\":1841894.4,\"FiveStar\":2065094.4},{\"vehicle\":\"Big Bus SHD\",\"user\":46,\"wnaCost\":413043.48,\"mealCostPerPerson\":339130.43,\"WithoutAccomodation\":1246991.48,\"Guesthouse\":1327991.48,\"Homestay\":1458295.83,\"TwoStar\":1435991.48,\"ThreeStar\":1597991.48,\"FourStar\":1840991.48,\"FiveStar\":2056991.48},{\"vehicle\":\"Big Bus SHD\",\"user\":47,\"wnaCost\":412765.96,\"mealCostPerPerson\":338297.87,\"WithoutAccomodation\":1238084.43,\"Guesthouse\":1323105.7,\"Homestay\":1457531.23,\"TwoStar\":1433403.57,\"ThreeStar\":1601148.26,\"FourStar\":1851616.34,\"FiveStar\":2074509.96},{\"vehicle\":\"Big Bus SHD\",\"user\":48,\"wnaCost\":412500,\"mealCostPerPerson\":337500,\"WithoutAccomodation\":1225048.5,\"Guesthouse\":1306048.5,\"Homestay\":1441048.5,\"TwoStar\":1414048.5,\"ThreeStar\":1576048.5,\"FourStar\":1819048.5,\"FiveStar\":2035048.5},{\"vehicle\":\"Big Bus SHD\",\"user\":49,\"wnaCost\":413265.31,\"mealCostPerPerson\":336734.69,\"WithoutAccomodation\":1227973.22,\"Guesthouse\":1312830.37,\"Homestay\":1439565.06,\"TwoStar\":1423034.45,\"ThreeStar\":1590544.65,\"FourStar\":1840707.92,\"FiveStar\":2063320.16},{\"vehicle\":\"Big Bus SHD\",\"user\":50,\"wnaCost\":413000,\"mealCostPerPerson\":336000,\"WithoutAccomodation\":1215660.96,\"Guesthouse\":1296660.96,\"Homestay\":1427340.96,\"TwoStar\":1404660.96,\"ThreeStar\":1566660.96,\"FourStar\":1809660.96,\"FiveStar\":2025660.96},{\"vehicle\":\"Big Bus SHD\",\"user\":51,\"wnaCost\":412745.1,\"mealCostPerPerson\":335294.12,\"WithoutAccomodation\":1208066.82,\"Guesthouse\":1292772.71,\"Homestay\":1427243.29,\"TwoStar\":1402890.35,\"ThreeStar\":1570184.47,\"FourStar\":1820066.82,\"FiveStar\":2042419.76},{\"vehicle\":\"Big Bus SHD\",\"user\":52,\"wnaCost\":412500,\"mealCostPerPerson\":334615.38,\"WithoutAccomodation\":1196610.92,\"Guesthouse\":1277610.92,\"Homestay\":1412610.92,\"TwoStar\":1385610.92,\"ThreeStar\":1547610.92,\"FourStar\":1790610.92,\"FiveStar\":2006610.92},{\"vehicle\":\"Big Bus SHD\",\"user\":53,\"wnaCost\":413207.55,\"mealCostPerPerson\":333962.26,\"WithoutAccomodation\":1199851.47,\"Guesthouse\":1284417.51,\"Homestay\":1411776,\"TwoStar\":1394455.25,\"ThreeStar\":1561549.58,\"FourStar\":1811172.23,\"FiveStar\":2033285.43},{\"vehicle\":\"Big Bus SHD\",\"user\":54,\"wnaCost\":412962.96,\"mealCostPerPerson\":333333.33,\"WithoutAccomodation\":1188972,\"Guesthouse\":1269972,\"Homestay\":1400972,\"TwoStar\":1377972,\"ThreeStar\":1539972,\"FourStar\":1782972,\"FiveStar\":1998972},{\"vehicle\":\"Big Bus SHD\",\"user\":55,\"wnaCost\":412727.27,\"mealCostPerPerson\":332727.27,\"WithoutAccomodation\":1182415.42,\"Guesthouse\":1266851.78,\"Homestay\":1401360.87,\"TwoStar\":1376815.42,\"ThreeStar\":1543724.51,\"FourStar\":1793106.33,\"FiveStar\":2014997.24}]},{\"Price Type\":\"Exclude Meal\",\"data\":[{\"Price Type\":\"Exclude Meal\"},{\"vehicle\":\"Avanza\",\"user\":1,\"wnaCost\":450000,\"mealCostPerPerson\":300000,\"WithoutAccomodation\":2967408,\"Guesthouse\":3237408,\"Homestay\":2967408,\"TwoStar\":3453408,\"ThreeStar\":3885408,\"FourStar\":4479408,\"FiveStar\":5019408},{\"vehicle\":\"Avanza\",\"user\":2,\"wnaCost\":425000,\"mealCostPerPerson\":150000,\"WithoutAccomodation\":1633284,\"Guesthouse\":1714284,\"Homestay\":1741284,\"TwoStar\":1822284,\"ThreeStar\":1984284,\"FourStar\":2227284,\"FiveStar\":2443284},{\"vehicle\":\"Avanza\",\"user\":3,\"wnaCost\":416666.67,\"mealCostPerPerson\":100000,\"WithoutAccomodation\":1260576,\"Guesthouse\":1404576,\"Homestay\":1530576,\"TwoStar\":1548576,\"ThreeStar\":1800576,\"FourStar\":2160576,\"FiveStar\":2484576},{\"vehicle\":\"Avanza\",\"user\":4,\"wnaCost\":412500,\"mealCostPerPerson\":75000,\"WithoutAccomodation\":1020222,\"Guesthouse\":1101222,\"Homestay\":1236222,\"TwoStar\":1209222,\"ThreeStar\":1371222,\"FourStar\":1614222,\"FiveStar\":1830222},{\"vehicle\":\"Avanza\",\"user\":5,\"wnaCost\":420000,\"mealCostPerPerson\":60000,\"WithoutAccomodation\":1027209.6,\"Guesthouse\":1146009.6,\"Homestay\":1200009.6,\"TwoStar\":1275609.6,\"ThreeStar\":1491609.6,\"FourStar\":1804809.6,\"FiveStar\":2085609.6},{\"vehicle\":\"Innova\",\"user\":6,\"wnaCost\":416666.67,\"mealCostPerPerson\":50000,\"WithoutAccomodation\":977868,\"Guesthouse\":1058868,\"Homestay\":1157868,\"TwoStar\":1166868,\"ThreeStar\":1328868,\"FourStar\":1571868,\"FiveStar\":1787868},{\"vehicle\":\"Hiace Commuter\",\"user\":7,\"wnaCost\":414285.71,\"mealCostPerPerson\":85714.29,\"WithoutAccomodation\":1189481.14,\"Guesthouse\":1297481.14,\"Homestay\":1428624,\"TwoStar\":1420909.71,\"ThreeStar\":1621481.14,\"FourStar\":1914624,\"FiveStar\":2176909.71},{\"vehicle\":\"Hiace Commuter\",\"user\":8,\"wnaCost\":412500,\"mealCostPerPerson\":75000,\"WithoutAccomodation\":1078191,\"Guesthouse\":1159191,\"Homestay\":1294191,\"TwoStar\":1267191,\"ThreeStar\":1429191,\"FourStar\":1672191,\"FiveStar\":1888191},{\"vehicle\":\"Hiace Commuter\",\"user\":9,\"wnaCost\":416666.67,\"mealCostPerPerson\":66666.67,\"WithoutAccomodation\":1075632,\"Guesthouse\":1177632,\"Homestay\":1267632,\"TwoStar\":1297632,\"ThreeStar\":1489632,\"FourStar\":1771632,\"FiveStar\":2023632},{\"vehicle\":\"Hiace Commuter\",\"user\":10,\"wnaCost\":415000,\"mealCostPerPerson\":60000,\"WithoutAccomodation\":997984.8,\"Guesthouse\":1078984.8,\"Homestay\":1192384.8,\"TwoStar\":1186984.8,\"ThreeStar\":1348984.8,\"FourStar\":1591984.8,\"FiveStar\":1807984.8},{\"vehicle\":\"Hiace Commuter\",\"user\":11,\"wnaCost\":413636.36,\"mealCostPerPerson\":54545.45,\"WithoutAccomodation\":954091.64,\"Guesthouse\":1052273.45,\"Homestay\":1184818.91,\"TwoStar\":1170091.64,\"ThreeStar\":1356637.09,\"FourStar\":1631546.18,\"FiveStar\":1877000.73},{\"vehicle\":\"Hiace Commuter\",\"user\":12,\"wnaCost\":412500,\"mealCostPerPerson\":50000,\"WithoutAccomodation\":899514,\"Guesthouse\":980514,\"Homestay\":1115514,\"TwoStar\":1088514,\"ThreeStar\":1250514,\"FourStar\":1493514,\"FiveStar\":1709514},{\"vehicle\":\"Elf Giga\",\"user\":13,\"wnaCost\":415384.62,\"mealCostPerPerson\":69230.77,\"WithoutAccomodation\":953025.23,\"Guesthouse\":1048563.69,\"Homestay\":1152409.85,\"TwoStar\":1164871.38,\"ThreeStar\":1347640.62,\"FourStar\":1617640.62,\"FiveStar\":1858563.69},{\"vehicle\":\"Elf Giga\",\"user\":14,\"wnaCost\":414285.71,\"mealCostPerPerson\":64285.71,\"WithoutAccomodation\":906320.57,\"Guesthouse\":987320.57,\"Homestay\":1106892,\"TwoStar\":1095320.57,\"ThreeStar\":1257320.57,\"FourStar\":1500320.57,\"FiveStar\":1716320.57},{\"vehicle\":\"Elf Giga\",\"user\":15,\"wnaCost\":413333.33,\"mealCostPerPerson\":60000,\"WithoutAccomodation\":880243.2,\"Guesthouse\":973843.2,\"Homestay\":1107043.2,\"TwoStar\":1089043.2,\"ThreeStar\":1269043.2,\"FourStar\":1535443.2,\"FiveStar\":1773043.2},{\"vehicle\":\"Elf Giga\",\"user\":16,\"wnaCost\":412500,\"mealCostPerPerson\":56250,\"WithoutAccomodation\":843925.5,\"Guesthouse\":924925.5,\"Homestay\":1059925.5,\"TwoStar\":1032925.5,\"ThreeStar\":1194925.5,\"FourStar\":1437925.5,\"FiveStar\":1653925.5},{\"vehicle\":\"Elf Giga\",\"user\":17,\"wnaCost\":414705.88,\"mealCostPerPerson\":52941.18,\"WithoutAccomodation\":856351.06,\"Guesthouse\":948468.71,\"Homestay\":1059645.18,\"TwoStar\":1062821.65,\"ThreeStar\":1240704,\"FourStar\":1504351.06,\"FiveStar\":1739409.88},{\"vehicle\":\"Medium Bus\",\"user\":18,\"wnaCost\":413888.89,\"mealCostPerPerson\":50000,\"WithoutAccomodation\":936996,\"Guesthouse\":1017996,\"Homestay\":1140996,\"TwoStar\":1125996,\"ThreeStar\":1287996,\"FourStar\":1530996,\"FiveStar\":1746996},{\"vehicle\":\"Medium Bus\",\"user\":19,\"wnaCost\":413157.89,\"mealCostPerPerson\":63157.89,\"WithoutAccomodation\":931846.74,\"Guesthouse\":1022794.11,\"Homestay\":1156373.05,\"TwoStar\":1136478.32,\"ThreeStar\":1312688.84,\"FourStar\":1574162.53,\"FiveStar\":1807215.16},{\"vehicle\":\"Medium Bus\",\"user\":20,\"wnaCost\":412500,\"mealCostPerPerson\":60000,\"WithoutAccomodation\":1143212.4,\"Guesthouse\":1224212.4,\"Homestay\":1359212.4,\"TwoStar\":1332212.4,\"ThreeStar\":1494212.4,\"FourStar\":1737212.4,\"FiveStar\":1953212.4},{\"vehicle\":\"Medium Bus\",\"user\":21,\"wnaCost\":414285.71,\"mealCostPerPerson\":57142.86,\"WithoutAccomodation\":1139019.43,\"Guesthouse\":1229019.43,\"Homestay\":1344733.71,\"TwoStar\":1342162.29,\"ThreeStar\":1517019.43,\"FourStar\":1776733.71,\"FiveStar\":2008162.29},{\"vehicle\":\"Medium Bus\",\"user\":22,\"wnaCost\":413636.36,\"mealCostPerPerson\":54545.45,\"WithoutAccomodation\":1100844,\"Guesthouse\":1181844,\"Homestay\":1307025.82,\"TwoStar\":1289844,\"ThreeStar\":1451844,\"FourStar\":1694844,\"FiveStar\":1910844},{\"vehicle\":\"Medium Bus\",\"user\":23,\"wnaCost\":413043.48,\"mealCostPerPerson\":52173.91,\"WithoutAccomodation\":1075379.48,\"Guesthouse\":1164596.87,\"Homestay\":1298422.96,\"TwoStar\":1277292.52,\"ThreeStar\":1451031.65,\"FourStar\":1709292.52,\"FiveStar\":1939379.48},{\"vehicle\":\"Medium Bus\",\"user\":24,\"wnaCost\":412500,\"mealCostPerPerson\":50000,\"WithoutAccomodation\":1043037,\"Guesthouse\":1124037,\"Homestay\":1259037,\"TwoStar\":1232037,\"ThreeStar\":1394037,\"FourStar\":1637037,\"FiveStar\":1853037},{\"vehicle\":\"Medium Bus\",\"user\":25,\"wnaCost\":414000,\"mealCostPerPerson\":48000,\"WithoutAccomodation\":1043521.92,\"Guesthouse\":1132081.92,\"Homestay\":1250881.92,\"TwoStar\":1244401.92,\"ThreeStar\":1417201.92,\"FourStar\":1674241.92,\"FiveStar\":1903201.92},{\"vehicle\":\"Medium Bus\",\"user\":26,\"wnaCost\":413461.54,\"mealCostPerPerson\":46153.85,\"WithoutAccomodation\":1014892.62,\"Guesthouse\":1095892.62,\"Homestay\":1222584.92,\"TwoStar\":1203892.62,\"ThreeStar\":1365892.62,\"FourStar\":1608892.62,\"FiveStar\":1824892.62},{\"vehicle\":\"Medium Bus\",\"user\":27,\"wnaCost\":412962.96,\"mealCostPerPerson\":44444.44,\"WithoutAccomodation\":996384,\"Guesthouse\":1084384,\"Homestay\":1218384,\"TwoStar\":1196384,\"ThreeStar\":1368384,\"FourStar\":1624384,\"FiveStar\":1852384},{\"vehicle\":\"Medium Bus\",\"user\":28,\"wnaCost\":412500,\"mealCostPerPerson\":42857.14,\"WithoutAccomodation\":971483.14,\"Guesthouse\":1052483.14,\"Homestay\":1187483.14,\"TwoStar\":1160483.14,\"ThreeStar\":1322483.14,\"FourStar\":1565483.14,\"FiveStar\":1781483.14},{\"vehicle\":\"Medium Bus\",\"user\":29,\"wnaCost\":413793.1,\"mealCostPerPerson\":41379.31,\"WithoutAccomodation\":974368.55,\"Guesthouse\":1061885.79,\"Homestay\":1182920.28,\"TwoStar\":1173609.93,\"ThreeStar\":1344920.28,\"FourStar\":1600023.72,\"FiveStar\":1827196.14},{\"vehicle\":\"Medium Bus\",\"user\":30,\"wnaCost\":413333.33,\"mealCostPerPerson\":40000,\"WithoutAccomodation\":951861.6,\"Guesthouse\":1032861.6,\"Homestay\":1160661.6,\"TwoStar\":1140861.6,\"ThreeStar\":1302861.6,\"FourStar\":1545861.6,\"FiveStar\":1761861.6},{\"vehicle\":\"Big Bus HD\",\"user\":31,\"wnaCost\":412903.23,\"mealCostPerPerson\":48387.1,\"WithoutAccomodation\":1052393.81,\"Guesthouse\":1139490.58,\"Homestay\":1273619.61,\"TwoStar\":1250974.45,\"ThreeStar\":1421684.13,\"FourStar\":1676006.71,\"FiveStar\":1902458.32},{\"vehicle\":\"Big Bus HD\",\"user\":32,\"wnaCost\":412500,\"mealCostPerPerson\":46875,\"WithoutAccomodation\":1028517.75,\"Guesthouse\":1109517.75,\"Homestay\":1244517.75,\"TwoStar\":1217517.75,\"ThreeStar\":1379517.75,\"FourStar\":1622517.75,\"FiveStar\":1838517.75},{\"vehicle\":\"Big Bus HD\",\"user\":33,\"wnaCost\":413636.36,\"mealCostPerPerson\":45454.55,\"WithoutAccomodation\":1028997.82,\"Guesthouse\":1115725.09,\"Homestay\":1238452.36,\"TwoStar\":1226997.82,\"ThreeStar\":1397179.64,\"FourStar\":1650816,\"FiveStar\":1876634.18},{\"vehicle\":\"Big Bus HD\",\"user\":34,\"wnaCost\":413235.29,\"mealCostPerPerson\":44117.65,\"WithoutAccomodation\":1007214.35,\"Guesthouse\":1088214.35,\"Homestay\":1216861.41,\"TwoStar\":1196214.35,\"ThreeStar\":1358214.35,\"FourStar\":1601214.35,\"FiveStar\":1817214.35},{\"vehicle\":\"Big Bus HD\",\"user\":35,\"wnaCost\":412857.14,\"mealCostPerPerson\":42857.14,\"WithoutAccomodation\":992847.09,\"Guesthouse\":1079247.09,\"Homestay\":1213475.66,\"TwoStar\":1190332.8,\"ThreeStar\":1360047.09,\"FourStar\":1613075.66,\"FiveStar\":1838332.8},{\"vehicle\":\"Big Bus HD\",\"user\":36,\"wnaCost\":412500,\"mealCostPerPerson\":41666.67,\"WithoutAccomodation\":973278,\"Guesthouse\":1054278,\"Homestay\":1189278,\"TwoStar\":1162278,\"ThreeStar\":1324278,\"FourStar\":1567278,\"FiveStar\":1783278},{\"vehicle\":\"Big Bus HD\",\"user\":37,\"wnaCost\":413513.51,\"mealCostPerPerson\":40540.54,\"WithoutAccomodation\":975199.14,\"Guesthouse\":1061307.24,\"Homestay\":1185361.3,\"TwoStar\":1172226.16,\"ThreeStar\":1341523.46,\"FourStar\":1594009.95,\"FiveStar\":1818766.7},{\"vehicle\":\"Big Bus HD\",\"user\":38,\"wnaCost\":413157.89,\"mealCostPerPerson\":39473.68,\"WithoutAccomodation\":957124.42,\"Guesthouse\":1038124.42,\"Homestay\":1167440.21,\"TwoStar\":1146124.42,\"ThreeStar\":1308124.42,\"FourStar\":1551124.42,\"FiveStar\":1767124.42},{\"vehicle\":\"Big Bus HD\",\"user\":39,\"wnaCost\":412820.51,\"mealCostPerPerson\":38461.54,\"WithoutAccomodation\":945515.08,\"Guesthouse\":1031361.23,\"Homestay\":1165668.92,\"TwoStar\":1142130.46,\"ThreeStar\":1311053.54,\"FourStar\":1563053.54,\"FiveStar\":1787361.23},{\"vehicle\":\"Big Bus HD\",\"user\":40,\"wnaCost\":412500,\"mealCostPerPerson\":37500,\"WithoutAccomodation\":929086.2,\"Guesthouse\":1010086.2,\"Homestay\":1145086.2,\"TwoStar\":1118086.2,\"ThreeStar\":1280086.2,\"FourStar\":1523086.2,\"FiveStar\":1739086.2},{\"vehicle\":\"Big Bus HD\",\"user\":41,\"wnaCost\":413414.63,\"mealCostPerPerson\":43902.44,\"WithoutAccomodation\":939800.2,\"Guesthouse\":1025409.95,\"Homestay\":1150531.9,\"TwoStar\":1136044.1,\"ThreeStar\":1304629.46,\"FourStar\":1556190.44,\"FiveStar\":1780092.88},{\"vehicle\":\"Big Bus HD\",\"user\":42,\"wnaCost\":413095.24,\"mealCostPerPerson\":42857.14,\"WithoutAccomodation\":924289.71,\"Guesthouse\":1005289.71,\"Homestay\":1135146.86,\"TwoStar\":1113289.71,\"ThreeStar\":1275289.71,\"FourStar\":1518289.71,\"FiveStar\":1734289.71},{\"vehicle\":\"Big Bus HD\",\"user\":43,\"wnaCost\":412790.7,\"mealCostPerPerson\":41860.47,\"WithoutAccomodation\":914523.91,\"Guesthouse\":999919.26,\"Homestay\":1134291.35,\"TwoStar\":1110430.88,\"ThreeStar\":1278709.95,\"FourStar\":1529872.74,\"FiveStar\":1753407.63},{\"vehicle\":\"Big Bus HD\",\"user\":44,\"wnaCost\":412500,\"mealCostPerPerson\":40909.09,\"WithoutAccomodation\":900292.91,\"Guesthouse\":981292.91,\"Homestay\":1116292.91,\"TwoStar\":1089292.91,\"ThreeStar\":1251292.91,\"FourStar\":1494292.91,\"FiveStar\":1710292.91},{\"vehicle\":\"Big Bus HD\",\"user\":45,\"wnaCost\":413333.33,\"mealCostPerPerson\":40000,\"WithoutAccomodation\":903494.4,\"Guesthouse\":988694.4,\"Homestay\":1114694.4,\"TwoStar\":1099094.4,\"ThreeStar\":1267094.4,\"FourStar\":1517894.4,\"FiveStar\":1741094.4},{\"vehicle\":\"Big Bus SHD\",\"user\":46,\"wnaCost\":413043.48,\"mealCostPerPerson\":39130.43,\"WithoutAccomodation\":922991.48,\"Guesthouse\":1003991.48,\"Homestay\":1134295.83,\"TwoStar\":1111991.48,\"ThreeStar\":1273991.48,\"FourStar\":1516991.48,\"FiveStar\":1732991.48},{\"vehicle\":\"Big Bus SHD\",\"user\":47,\"wnaCost\":412765.96,\"mealCostPerPerson\":38297.87,\"WithoutAccomodation\":914084.43,\"Guesthouse\":999105.7,\"Homestay\":1133531.23,\"TwoStar\":1109403.57,\"ThreeStar\":1277148.26,\"FourStar\":1527616.34,\"FiveStar\":1750509.96},{\"vehicle\":\"Big Bus SHD\",\"user\":48,\"wnaCost\":412500,\"mealCostPerPerson\":37500,\"WithoutAccomodation\":901048.5,\"Guesthouse\":982048.5,\"Homestay\":1117048.5,\"TwoStar\":1090048.5,\"ThreeStar\":1252048.5,\"FourStar\":1495048.5,\"FiveStar\":1711048.5},{\"vehicle\":\"Big Bus SHD\",\"user\":49,\"wnaCost\":413265.31,\"mealCostPerPerson\":36734.69,\"WithoutAccomodation\":903973.22,\"Guesthouse\":988830.37,\"Homestay\":1115565.06,\"TwoStar\":1099034.45,\"ThreeStar\":1266544.65,\"FourStar\":1516707.92,\"FiveStar\":1739320.16},{\"vehicle\":\"Big Bus SHD\",\"user\":50,\"wnaCost\":413000,\"mealCostPerPerson\":36000,\"WithoutAccomodation\":891660.96,\"Guesthouse\":972660.96,\"Homestay\":1103340.96,\"TwoStar\":1080660.96,\"ThreeStar\":1242660.96,\"FourStar\":1485660.96,\"FiveStar\":1701660.96},{\"vehicle\":\"Big Bus SHD\",\"user\":51,\"wnaCost\":412745.1,\"mealCostPerPerson\":35294.12,\"WithoutAccomodation\":884066.82,\"Guesthouse\":968772.71,\"Homestay\":1103243.29,\"TwoStar\":1078890.35,\"ThreeStar\":1246184.47,\"FourStar\":1496066.82,\"FiveStar\":1718419.76},{\"vehicle\":\"Big Bus SHD\",\"user\":52,\"wnaCost\":412500,\"mealCostPerPerson\":34615.38,\"WithoutAccomodation\":872610.92,\"Guesthouse\":953610.92,\"Homestay\":1088610.92,\"TwoStar\":1061610.92,\"ThreeStar\":1223610.92,\"FourStar\":1466610.92,\"FiveStar\":1682610.92},{\"vehicle\":\"Big Bus SHD\",\"user\":53,\"wnaCost\":413207.55,\"mealCostPerPerson\":33962.26,\"WithoutAccomodation\":875851.47,\"Guesthouse\":960417.51,\"Homestay\":1087776,\"TwoStar\":1070455.25,\"ThreeStar\":1237549.58,\"FourStar\":1487172.23,\"FiveStar\":1709285.43},{\"vehicle\":\"Big Bus SHD\",\"user\":54,\"wnaCost\":412962.96,\"mealCostPerPerson\":33333.33,\"WithoutAccomodation\":864972,\"Guesthouse\":945972,\"Homestay\":1076972,\"TwoStar\":1053972,\"ThreeStar\":1215972,\"FourStar\":1458972,\"FiveStar\":1674972},{\"vehicle\":\"Big Bus SHD\",\"user\":55,\"wnaCost\":412727.27,\"mealCostPerPerson\":32727.27,\"WithoutAccomodation\":858415.42,\"Guesthouse\":942851.78,\"Homestay\":1077360.87,\"TwoStar\":1052815.42,\"ThreeStar\":1219724.51,\"FourStar\":1469106.33,\"FiveStar\":1690997.24}]}]', '2025-01-30 09:30:46', '2025-02-01 21:52:29');
INSERT INTO `package_two_prices` (`id`, `package_two_day_id`, `price_data`, `created_at`, `updated_at`) VALUES
(27, 30, '[{\"Price Type\":\"Include Meal\",\"data\":[{\"Price Type\":\"Include Meal\"},{\"vehicle\":\"Avanza\",\"user\":1,\"wnaCost\":405000,\"mealCostPerPerson\":600000,\"WithoutAccomodation\":3431808,\"Guesthouse\":3701808,\"Homestay\":4511808,\"TwoStar\":3917808,\"ThreeStar\":4349808,\"FourStar\":4943808,\"FiveStar\":5483808},{\"vehicle\":\"Avanza\",\"user\":2,\"wnaCost\":380000,\"mealCostPerPerson\":450000,\"WithoutAccomodation\":2070684,\"Guesthouse\":2151684,\"Homestay\":2718684,\"TwoStar\":2259684,\"ThreeStar\":2421684,\"FourStar\":2664684,\"FiveStar\":2880684},{\"vehicle\":\"Avanza\",\"user\":3,\"wnaCost\":371666.67,\"mealCostPerPerson\":400000,\"WithoutAccomodation\":1688976,\"Guesthouse\":1832976,\"Homestay\":1958976,\"TwoStar\":1976976,\"ThreeStar\":2228976,\"FourStar\":2588976,\"FiveStar\":2912976},{\"vehicle\":\"Avanza\",\"user\":4,\"wnaCost\":367500,\"mealCostPerPerson\":375000,\"WithoutAccomodation\":1444122,\"Guesthouse\":1525122,\"Homestay\":1660122,\"TwoStar\":1633122,\"ThreeStar\":1795122,\"FourStar\":2038122,\"FiveStar\":2254122},{\"vehicle\":\"Avanza\",\"user\":5,\"wnaCost\":375000,\"mealCostPerPerson\":360000,\"WithoutAccomodation\":1459209.6,\"Guesthouse\":1578009.6,\"Homestay\":1848009.6,\"TwoStar\":1707609.6,\"ThreeStar\":1923609.6,\"FourStar\":2236809.6,\"FiveStar\":2517609.6},{\"vehicle\":\"Innova\",\"user\":6,\"wnaCost\":371666.67,\"mealCostPerPerson\":350000,\"WithoutAccomodation\":1406268,\"Guesthouse\":1487268,\"Homestay\":1766268,\"TwoStar\":1595268,\"ThreeStar\":1757268,\"FourStar\":2000268,\"FiveStar\":2216268},{\"vehicle\":\"Hiace Commuter\",\"user\":7,\"wnaCost\":369285.71,\"mealCostPerPerson\":385714.29,\"WithoutAccomodation\":1612995.43,\"Guesthouse\":1720995.43,\"Homestay\":1852138.29,\"TwoStar\":1844424,\"ThreeStar\":2044995.43,\"FourStar\":2338138.29,\"FiveStar\":2600424},{\"vehicle\":\"Hiace Commuter\",\"user\":8,\"wnaCost\":367500,\"mealCostPerPerson\":375000,\"WithoutAccomodation\":1500066,\"Guesthouse\":1581066,\"Homestay\":1716066,\"TwoStar\":1689066,\"ThreeStar\":1851066,\"FourStar\":2094066,\"FiveStar\":2310066},{\"vehicle\":\"Hiace Commuter\",\"user\":9,\"wnaCost\":371666.67,\"mealCostPerPerson\":366666.67,\"WithoutAccomodation\":1502232,\"Guesthouse\":1604232,\"Homestay\":1814232,\"TwoStar\":1724232,\"ThreeStar\":1916232,\"FourStar\":2198232,\"FiveStar\":2450232},{\"vehicle\":\"Hiace Commuter\",\"user\":10,\"wnaCost\":370000,\"mealCostPerPerson\":360000,\"WithoutAccomodation\":1422964.8,\"Guesthouse\":1503964.8,\"Homestay\":1725364.8,\"TwoStar\":1611964.8,\"ThreeStar\":1773964.8,\"FourStar\":2016964.8,\"FiveStar\":2232964.8},{\"vehicle\":\"Hiace Commuter\",\"user\":11,\"wnaCost\":368636.36,\"mealCostPerPerson\":354545.45,\"WithoutAccomodation\":1377746.18,\"Guesthouse\":1475928,\"Homestay\":1608473.45,\"TwoStar\":1593746.18,\"ThreeStar\":1780291.64,\"FourStar\":2055200.73,\"FiveStar\":2300655.27},{\"vehicle\":\"Hiace Commuter\",\"user\":12,\"wnaCost\":367500,\"mealCostPerPerson\":350000,\"WithoutAccomodation\":1322064,\"Guesthouse\":1403064,\"Homestay\":1538064,\"TwoStar\":1511064,\"ThreeStar\":1673064,\"FourStar\":1916064,\"FiveStar\":2132064},{\"vehicle\":\"Elf Giga\",\"user\":13,\"wnaCost\":370384.62,\"mealCostPerPerson\":369230.77,\"WithoutAccomodation\":1378794.46,\"Guesthouse\":1474332.92,\"Homestay\":1661256,\"TwoStar\":1590640.62,\"ThreeStar\":1773409.85,\"FourStar\":2043409.85,\"FiveStar\":2284332.92},{\"vehicle\":\"Elf Giga\",\"user\":14,\"wnaCost\":369285.71,\"mealCostPerPerson\":364285.71,\"WithoutAccomodation\":1330992,\"Guesthouse\":1411992,\"Homestay\":1608706.29,\"TwoStar\":1519992,\"ThreeStar\":1681992,\"FourStar\":1924992,\"FiveStar\":2140992},{\"vehicle\":\"Elf Giga\",\"user\":15,\"wnaCost\":368333.33,\"mealCostPerPerson\":360000,\"WithoutAccomodation\":1303963.2,\"Guesthouse\":1397563.2,\"Homestay\":1530763.2,\"TwoStar\":1512763.2,\"ThreeStar\":1692763.2,\"FourStar\":1959163.2,\"FiveStar\":2196763.2},{\"vehicle\":\"Elf Giga\",\"user\":16,\"wnaCost\":367500,\"mealCostPerPerson\":356250,\"WithoutAccomodation\":1266813,\"Guesthouse\":1347813,\"Homestay\":1482813,\"TwoStar\":1455813,\"ThreeStar\":1617813,\"FourStar\":1860813,\"FiveStar\":2076813},{\"vehicle\":\"Elf Giga\",\"user\":17,\"wnaCost\":369705.88,\"mealCostPerPerson\":352941.18,\"WithoutAccomodation\":1281680.47,\"Guesthouse\":1373798.12,\"Homestay\":1548504,\"TwoStar\":1488151.06,\"ThreeStar\":1666033.41,\"FourStar\":1929680.47,\"FiveStar\":2164739.29},{\"vehicle\":\"Medium Bus\",\"user\":18,\"wnaCost\":368888.89,\"mealCostPerPerson\":350000,\"WithoutAccomodation\":1365096,\"Guesthouse\":1446096,\"Homestay\":1629096,\"TwoStar\":1554096,\"ThreeStar\":1716096,\"FourStar\":1959096,\"FiveStar\":2175096},{\"vehicle\":\"Medium Bus\",\"user\":19,\"wnaCost\":368157.89,\"mealCostPerPerson\":363157.89,\"WithoutAccomodation\":1359015.16,\"Guesthouse\":1449962.53,\"Homestay\":1583541.47,\"TwoStar\":1563646.74,\"ThreeStar\":1739857.26,\"FourStar\":2001330.95,\"FiveStar\":2234383.58},{\"vehicle\":\"Medium Bus\",\"user\":20,\"wnaCost\":367500,\"mealCostPerPerson\":360000,\"WithoutAccomodation\":1569542.4,\"Guesthouse\":1650542.4,\"Homestay\":1785542.4,\"TwoStar\":1758542.4,\"ThreeStar\":1920542.4,\"FourStar\":2163542.4,\"FiveStar\":2379542.4},{\"vehicle\":\"Medium Bus\",\"user\":21,\"wnaCost\":369285.71,\"mealCostPerPerson\":357142.86,\"WithoutAccomodation\":1567162.29,\"Guesthouse\":1657162.29,\"Homestay\":1824305.14,\"TwoStar\":1770305.14,\"ThreeStar\":1945162.29,\"FourStar\":2204876.57,\"FiveStar\":2436305.14},{\"vehicle\":\"Medium Bus\",\"user\":22,\"wnaCost\":368636.36,\"mealCostPerPerson\":354545.45,\"WithoutAccomodation\":1528180.36,\"Guesthouse\":1609180.36,\"Homestay\":1783453.09,\"TwoStar\":1717180.36,\"ThreeStar\":1879180.36,\"FourStar\":2122180.36,\"FiveStar\":2338180.36},{\"vehicle\":\"Medium Bus\",\"user\":23,\"wnaCost\":368043.48,\"mealCostPerPerson\":352173.91,\"WithoutAccomodation\":1501979.48,\"Guesthouse\":1591196.87,\"Homestay\":1725022.96,\"TwoStar\":1703892.52,\"ThreeStar\":1877631.65,\"FourStar\":2135892.52,\"FiveStar\":2365979.48},{\"vehicle\":\"Medium Bus\",\"user\":24,\"wnaCost\":367500,\"mealCostPerPerson\":350000,\"WithoutAccomodation\":1468962,\"Guesthouse\":1549962,\"Homestay\":1684962,\"TwoStar\":1657962,\"ThreeStar\":1819962,\"FourStar\":2062962,\"FiveStar\":2278962},{\"vehicle\":\"Medium Bus\",\"user\":25,\"wnaCost\":369000,\"mealCostPerPerson\":348000,\"WithoutAccomodation\":1470985.92,\"Guesthouse\":1559545.92,\"Homestay\":1721545.92,\"TwoStar\":1671865.92,\"ThreeStar\":1844665.92,\"FourStar\":2101705.92,\"FiveStar\":2330665.92},{\"vehicle\":\"Medium Bus\",\"user\":26,\"wnaCost\":368461.54,\"mealCostPerPerson\":346153.85,\"WithoutAccomodation\":1441700.31,\"Guesthouse\":1522700.31,\"Homestay\":1690931.08,\"TwoStar\":1630700.31,\"ThreeStar\":1792700.31,\"FourStar\":2035700.31,\"FiveStar\":2251700.31},{\"vehicle\":\"Medium Bus\",\"user\":27,\"wnaCost\":367962.96,\"mealCostPerPerson\":344444.44,\"WithoutAccomodation\":1422584,\"Guesthouse\":1510584,\"Homestay\":1644584,\"TwoStar\":1622584,\"ThreeStar\":1794584,\"FourStar\":2050584,\"FiveStar\":2278584},{\"vehicle\":\"Medium Bus\",\"user\":28,\"wnaCost\":367500,\"mealCostPerPerson\":342857.14,\"WithoutAccomodation\":1397118.86,\"Guesthouse\":1478118.86,\"Homestay\":1613118.86,\"TwoStar\":1586118.86,\"ThreeStar\":1748118.86,\"FourStar\":1991118.86,\"FiveStar\":2207118.86},{\"vehicle\":\"Medium Bus\",\"user\":29,\"wnaCost\":368793.1,\"mealCostPerPerson\":341379.31,\"WithoutAccomodation\":1401340.97,\"Guesthouse\":1488858.21,\"Homestay\":1647134.07,\"TwoStar\":1600582.34,\"ThreeStar\":1771892.69,\"FourStar\":2026996.14,\"FiveStar\":2254168.55},{\"vehicle\":\"Medium Bus\",\"user\":30,\"wnaCost\":368333.33,\"mealCostPerPerson\":340000,\"WithoutAccomodation\":1378281.6,\"Guesthouse\":1459281.6,\"Homestay\":1623081.6,\"TwoStar\":1567281.6,\"ThreeStar\":1729281.6,\"FourStar\":1972281.6,\"FiveStar\":2188281.6},{\"vehicle\":\"Big Bus HD\",\"user\":31,\"wnaCost\":367903.23,\"mealCostPerPerson\":348387.1,\"WithoutAccomodation\":1478297.03,\"Guesthouse\":1565393.81,\"Homestay\":1699522.84,\"TwoStar\":1676877.68,\"ThreeStar\":1847587.35,\"FourStar\":2101909.94,\"FiveStar\":2328361.55},{\"vehicle\":\"Big Bus HD\",\"user\":32,\"wnaCost\":367500,\"mealCostPerPerson\":346875,\"WithoutAccomodation\":1453936.5,\"Guesthouse\":1534936.5,\"Homestay\":1669936.5,\"TwoStar\":1642936.5,\"ThreeStar\":1804936.5,\"FourStar\":2047936.5,\"FiveStar\":2263936.5},{\"vehicle\":\"Big Bus HD\",\"user\":33,\"wnaCost\":368636.36,\"mealCostPerPerson\":345454.55,\"WithoutAccomodation\":1455597.82,\"Guesthouse\":1542325.09,\"Homestay\":1697779.64,\"TwoStar\":1653597.82,\"ThreeStar\":1823779.64,\"FourStar\":2077416,\"FiveStar\":2303234.18},{\"vehicle\":\"Big Bus HD\",\"user\":34,\"wnaCost\":368235.29,\"mealCostPerPerson\":344117.65,\"WithoutAccomodation\":1433337.88,\"Guesthouse\":1514337.88,\"Homestay\":1674749.65,\"TwoStar\":1622337.88,\"ThreeStar\":1784337.88,\"FourStar\":2027337.88,\"FiveStar\":2243337.88},{\"vehicle\":\"Big Bus HD\",\"user\":35,\"wnaCost\":367857.14,\"mealCostPerPerson\":342857.14,\"WithoutAccomodation\":1418521.37,\"Guesthouse\":1504921.37,\"Homestay\":1639149.94,\"TwoStar\":1616007.09,\"ThreeStar\":1785721.37,\"FourStar\":2038749.94,\"FiveStar\":2264007.09},{\"vehicle\":\"Big Bus HD\",\"user\":36,\"wnaCost\":367500,\"mealCostPerPerson\":341666.67,\"WithoutAccomodation\":1398528,\"Guesthouse\":1479528,\"Homestay\":1614528,\"TwoStar\":1587528,\"ThreeStar\":1749528,\"FourStar\":1992528,\"FiveStar\":2208528},{\"vehicle\":\"Big Bus HD\",\"user\":37,\"wnaCost\":368513.51,\"mealCostPerPerson\":340540.54,\"WithoutAccomodation\":1401507.24,\"Guesthouse\":1487615.35,\"Homestay\":1640858.59,\"TwoStar\":1598534.27,\"ThreeStar\":1767831.57,\"FourStar\":2020318.05,\"FiveStar\":2245074.81},{\"vehicle\":\"Big Bus HD\",\"user\":38,\"wnaCost\":368157.89,\"mealCostPerPerson\":339473.68,\"WithoutAccomodation\":1383013.89,\"Guesthouse\":1464013.89,\"Homestay\":1621750.74,\"TwoStar\":1572013.89,\"ThreeStar\":1734013.89,\"FourStar\":1977013.89,\"FiveStar\":2193013.89},{\"vehicle\":\"Big Bus HD\",\"user\":39,\"wnaCost\":367820.51,\"mealCostPerPerson\":338461.54,\"WithoutAccomodation\":1371007.38,\"Guesthouse\":1456853.54,\"Homestay\":1591161.23,\"TwoStar\":1567622.77,\"ThreeStar\":1736545.85,\"FourStar\":1988545.85,\"FiveStar\":2212853.54},{\"vehicle\":\"Big Bus HD\",\"user\":40,\"wnaCost\":367500,\"mealCostPerPerson\":337500,\"WithoutAccomodation\":1354201.2,\"Guesthouse\":1435201.2,\"Homestay\":1570201.2,\"TwoStar\":1543201.2,\"ThreeStar\":1705201.2,\"FourStar\":1948201.2,\"FiveStar\":2164201.2},{\"vehicle\":\"Big Bus HD\",\"user\":41,\"wnaCost\":368414.63,\"mealCostPerPerson\":343902.44,\"WithoutAccomodation\":1365873.37,\"Guesthouse\":1451483.12,\"Homestay\":1602946.54,\"TwoStar\":1562117.27,\"ThreeStar\":1730702.63,\"FourStar\":1982263.61,\"FiveStar\":2206166.05},{\"vehicle\":\"Big Bus HD\",\"user\":42,\"wnaCost\":368095.24,\"mealCostPerPerson\":342857.14,\"WithoutAccomodation\":1349989.71,\"Guesthouse\":1430989.71,\"Homestay\":1586561.14,\"TwoStar\":1538989.71,\"ThreeStar\":1700989.71,\"FourStar\":1943989.71,\"FiveStar\":2159989.71},{\"vehicle\":\"Big Bus HD\",\"user\":43,\"wnaCost\":367790.7,\"mealCostPerPerson\":341860.47,\"WithoutAccomodation\":1339868.09,\"Guesthouse\":1425263.44,\"Homestay\":1559635.53,\"TwoStar\":1535775.07,\"ThreeStar\":1704054.14,\"FourStar\":1955216.93,\"FiveStar\":2178751.81},{\"vehicle\":\"Big Bus HD\",\"user\":44,\"wnaCost\":367500,\"mealCostPerPerson\":340909.09,\"WithoutAccomodation\":1325297.45,\"Guesthouse\":1406297.45,\"Homestay\":1541297.45,\"TwoStar\":1514297.45,\"ThreeStar\":1676297.45,\"FourStar\":1919297.45,\"FiveStar\":2135297.45},{\"vehicle\":\"Big Bus HD\",\"user\":45,\"wnaCost\":368333.33,\"mealCostPerPerson\":340000,\"WithoutAccomodation\":1329374.4,\"Guesthouse\":1414574.4,\"Homestay\":1564574.4,\"TwoStar\":1524974.4,\"ThreeStar\":1692974.4,\"FourStar\":1943774.4,\"FiveStar\":2166974.4},{\"vehicle\":\"Big Bus SHD\",\"user\":46,\"wnaCost\":368043.48,\"mealCostPerPerson\":339130.43,\"WithoutAccomodation\":1348534.96,\"Guesthouse\":1429534.96,\"Homestay\":1583317.57,\"TwoStar\":1537534.96,\"ThreeStar\":1699534.96,\"FourStar\":1942534.96,\"FiveStar\":2158534.96},{\"vehicle\":\"Big Bus SHD\",\"user\":47,\"wnaCost\":367765.96,\"mealCostPerPerson\":338297.87,\"WithoutAccomodation\":1339305.7,\"Guesthouse\":1424326.98,\"Homestay\":1558752.51,\"TwoStar\":1534624.85,\"ThreeStar\":1702369.53,\"FourStar\":1952837.62,\"FiveStar\":2175731.23},{\"vehicle\":\"Big Bus SHD\",\"user\":48,\"wnaCost\":367500,\"mealCostPerPerson\":337500,\"WithoutAccomodation\":1325961,\"Guesthouse\":1406961,\"Homestay\":1541961,\"TwoStar\":1514961,\"ThreeStar\":1676961,\"FourStar\":1919961,\"FiveStar\":2135961},{\"vehicle\":\"Big Bus SHD\",\"user\":49,\"wnaCost\":368265.31,\"mealCostPerPerson\":336734.69,\"WithoutAccomodation\":1329691.59,\"Guesthouse\":1414548.73,\"Homestay\":1563324.24,\"TwoStar\":1524752.82,\"ThreeStar\":1692263.02,\"FourStar\":1942426.29,\"FiveStar\":2165038.53},{\"vehicle\":\"Big Bus SHD\",\"user\":50,\"wnaCost\":368000,\"mealCostPerPerson\":336000,\"WithoutAccomodation\":1317072.96,\"Guesthouse\":1398072.96,\"Homestay\":1550352.96,\"TwoStar\":1506072.96,\"ThreeStar\":1668072.96,\"FourStar\":1911072.96,\"FiveStar\":2127072.96},{\"vehicle\":\"Big Bus SHD\",\"user\":51,\"wnaCost\":367745.1,\"mealCostPerPerson\":335294.12,\"WithoutAccomodation\":1309184.47,\"Guesthouse\":1393890.35,\"Homestay\":1528360.94,\"TwoStar\":1504008,\"ThreeStar\":1671302.12,\"FourStar\":1921184.47,\"FiveStar\":2143537.41},{\"vehicle\":\"Big Bus SHD\",\"user\":52,\"wnaCost\":367500,\"mealCostPerPerson\":334615.38,\"WithoutAccomodation\":1297445.54,\"Guesthouse\":1378445.54,\"Homestay\":1513445.54,\"TwoStar\":1486445.54,\"ThreeStar\":1648445.54,\"FourStar\":1891445.54,\"FiveStar\":2107445.54},{\"vehicle\":\"Big Bus SHD\",\"user\":53,\"wnaCost\":368207.55,\"mealCostPerPerson\":333962.26,\"WithoutAccomodation\":1301432.6,\"Guesthouse\":1385998.64,\"Homestay\":1533734.49,\"TwoStar\":1496036.38,\"ThreeStar\":1663130.72,\"FourStar\":1912753.36,\"FiveStar\":2134866.57},{\"vehicle\":\"Big Bus SHD\",\"user\":54,\"wnaCost\":367962.96,\"mealCostPerPerson\":333333.33,\"WithoutAccomodation\":1290272,\"Guesthouse\":1371272,\"Homestay\":1522272,\"TwoStar\":1479272,\"ThreeStar\":1641272,\"FourStar\":1884272,\"FiveStar\":2100272},{\"vehicle\":\"Big Bus SHD\",\"user\":55,\"wnaCost\":367727.27,\"mealCostPerPerson\":332727.27,\"WithoutAccomodation\":1283444.51,\"Guesthouse\":1367880.87,\"Homestay\":1502389.96,\"TwoStar\":1477844.51,\"ThreeStar\":1644753.6,\"FourStar\":1894135.42,\"FiveStar\":2116026.33}]},{\"Price Type\":\"Exclude Meal\",\"data\":[{\"Price Type\":\"Exclude Meal\"},{\"vehicle\":\"Avanza\",\"user\":1,\"wnaCost\":405000,\"mealCostPerPerson\":300000,\"WithoutAccomodation\":3107808,\"Guesthouse\":3377808,\"Homestay\":4187808,\"TwoStar\":3593808,\"ThreeStar\":4025808,\"FourStar\":4619808,\"FiveStar\":5159808},{\"vehicle\":\"Avanza\",\"user\":2,\"wnaCost\":380000,\"mealCostPerPerson\":150000,\"WithoutAccomodation\":1746684,\"Guesthouse\":1827684,\"Homestay\":2394684,\"TwoStar\":1935684,\"ThreeStar\":2097684,\"FourStar\":2340684,\"FiveStar\":2556684},{\"vehicle\":\"Avanza\",\"user\":3,\"wnaCost\":371666.67,\"mealCostPerPerson\":100000,\"WithoutAccomodation\":1364976,\"Guesthouse\":1508976,\"Homestay\":1634976,\"TwoStar\":1652976,\"ThreeStar\":1904976,\"FourStar\":2264976,\"FiveStar\":2588976},{\"vehicle\":\"Avanza\",\"user\":4,\"wnaCost\":367500,\"mealCostPerPerson\":75000,\"WithoutAccomodation\":1120122,\"Guesthouse\":1201122,\"Homestay\":1336122,\"TwoStar\":1309122,\"ThreeStar\":1471122,\"FourStar\":1714122,\"FiveStar\":1930122},{\"vehicle\":\"Avanza\",\"user\":5,\"wnaCost\":375000,\"mealCostPerPerson\":60000,\"WithoutAccomodation\":1135209.6,\"Guesthouse\":1254009.6,\"Homestay\":1524009.6,\"TwoStar\":1383609.6,\"ThreeStar\":1599609.6,\"FourStar\":1912809.6,\"FiveStar\":2193609.6},{\"vehicle\":\"Innova\",\"user\":6,\"wnaCost\":371666.67,\"mealCostPerPerson\":50000,\"WithoutAccomodation\":1082268,\"Guesthouse\":1163268,\"Homestay\":1442268,\"TwoStar\":1271268,\"ThreeStar\":1433268,\"FourStar\":1676268,\"FiveStar\":1892268},{\"vehicle\":\"Hiace Commuter\",\"user\":7,\"wnaCost\":369285.71,\"mealCostPerPerson\":85714.29,\"WithoutAccomodation\":1288995.43,\"Guesthouse\":1396995.43,\"Homestay\":1528138.29,\"TwoStar\":1520424,\"ThreeStar\":1720995.43,\"FourStar\":2014138.29,\"FiveStar\":2276424},{\"vehicle\":\"Hiace Commuter\",\"user\":8,\"wnaCost\":367500,\"mealCostPerPerson\":75000,\"WithoutAccomodation\":1176066,\"Guesthouse\":1257066,\"Homestay\":1392066,\"TwoStar\":1365066,\"ThreeStar\":1527066,\"FourStar\":1770066,\"FiveStar\":1986066},{\"vehicle\":\"Hiace Commuter\",\"user\":9,\"wnaCost\":371666.67,\"mealCostPerPerson\":66666.67,\"WithoutAccomodation\":1178232,\"Guesthouse\":1280232,\"Homestay\":1490232,\"TwoStar\":1400232,\"ThreeStar\":1592232,\"FourStar\":1874232,\"FiveStar\":2126232},{\"vehicle\":\"Hiace Commuter\",\"user\":10,\"wnaCost\":370000,\"mealCostPerPerson\":60000,\"WithoutAccomodation\":1098964.8,\"Guesthouse\":1179964.8,\"Homestay\":1401364.8,\"TwoStar\":1287964.8,\"ThreeStar\":1449964.8,\"FourStar\":1692964.8,\"FiveStar\":1908964.8},{\"vehicle\":\"Hiace Commuter\",\"user\":11,\"wnaCost\":368636.36,\"mealCostPerPerson\":54545.45,\"WithoutAccomodation\":1053746.18,\"Guesthouse\":1151928,\"Homestay\":1284473.45,\"TwoStar\":1269746.18,\"ThreeStar\":1456291.64,\"FourStar\":1731200.73,\"FiveStar\":1976655.27},{\"vehicle\":\"Hiace Commuter\",\"user\":12,\"wnaCost\":367500,\"mealCostPerPerson\":50000,\"WithoutAccomodation\":998064,\"Guesthouse\":1079064,\"Homestay\":1214064,\"TwoStar\":1187064,\"ThreeStar\":1349064,\"FourStar\":1592064,\"FiveStar\":1808064},{\"vehicle\":\"Elf Giga\",\"user\":13,\"wnaCost\":370384.62,\"mealCostPerPerson\":69230.77,\"WithoutAccomodation\":1054794.46,\"Guesthouse\":1150332.92,\"Homestay\":1337256,\"TwoStar\":1266640.62,\"ThreeStar\":1449409.85,\"FourStar\":1719409.85,\"FiveStar\":1960332.92},{\"vehicle\":\"Elf Giga\",\"user\":14,\"wnaCost\":369285.71,\"mealCostPerPerson\":64285.71,\"WithoutAccomodation\":1006992,\"Guesthouse\":1087992,\"Homestay\":1284706.29,\"TwoStar\":1195992,\"ThreeStar\":1357992,\"FourStar\":1600992,\"FiveStar\":1816992},{\"vehicle\":\"Elf Giga\",\"user\":15,\"wnaCost\":368333.33,\"mealCostPerPerson\":60000,\"WithoutAccomodation\":979963.2,\"Guesthouse\":1073563.2,\"Homestay\":1206763.2,\"TwoStar\":1188763.2,\"ThreeStar\":1368763.2,\"FourStar\":1635163.2,\"FiveStar\":1872763.2},{\"vehicle\":\"Elf Giga\",\"user\":16,\"wnaCost\":367500,\"mealCostPerPerson\":56250,\"WithoutAccomodation\":942813,\"Guesthouse\":1023813,\"Homestay\":1158813,\"TwoStar\":1131813,\"ThreeStar\":1293813,\"FourStar\":1536813,\"FiveStar\":1752813},{\"vehicle\":\"Elf Giga\",\"user\":17,\"wnaCost\":369705.88,\"mealCostPerPerson\":52941.18,\"WithoutAccomodation\":957680.47,\"Guesthouse\":1049798.12,\"Homestay\":1224504,\"TwoStar\":1164151.06,\"ThreeStar\":1342033.41,\"FourStar\":1605680.47,\"FiveStar\":1840739.29},{\"vehicle\":\"Medium Bus\",\"user\":18,\"wnaCost\":368888.89,\"mealCostPerPerson\":50000,\"WithoutAccomodation\":1041096,\"Guesthouse\":1122096,\"Homestay\":1305096,\"TwoStar\":1230096,\"ThreeStar\":1392096,\"FourStar\":1635096,\"FiveStar\":1851096},{\"vehicle\":\"Medium Bus\",\"user\":19,\"wnaCost\":368157.89,\"mealCostPerPerson\":63157.89,\"WithoutAccomodation\":1035015.16,\"Guesthouse\":1125962.53,\"Homestay\":1259541.47,\"TwoStar\":1239646.74,\"ThreeStar\":1415857.26,\"FourStar\":1677330.95,\"FiveStar\":1910383.58},{\"vehicle\":\"Medium Bus\",\"user\":20,\"wnaCost\":367500,\"mealCostPerPerson\":60000,\"WithoutAccomodation\":1245542.4,\"Guesthouse\":1326542.4,\"Homestay\":1461542.4,\"TwoStar\":1434542.4,\"ThreeStar\":1596542.4,\"FourStar\":1839542.4,\"FiveStar\":2055542.4},{\"vehicle\":\"Medium Bus\",\"user\":21,\"wnaCost\":369285.71,\"mealCostPerPerson\":57142.86,\"WithoutAccomodation\":1243162.29,\"Guesthouse\":1333162.29,\"Homestay\":1500305.14,\"TwoStar\":1446305.14,\"ThreeStar\":1621162.29,\"FourStar\":1880876.57,\"FiveStar\":2112305.14},{\"vehicle\":\"Medium Bus\",\"user\":22,\"wnaCost\":368636.36,\"mealCostPerPerson\":54545.45,\"WithoutAccomodation\":1204180.36,\"Guesthouse\":1285180.36,\"Homestay\":1459453.09,\"TwoStar\":1393180.36,\"ThreeStar\":1555180.36,\"FourStar\":1798180.36,\"FiveStar\":2014180.36},{\"vehicle\":\"Medium Bus\",\"user\":23,\"wnaCost\":368043.48,\"mealCostPerPerson\":52173.91,\"WithoutAccomodation\":1177979.48,\"Guesthouse\":1267196.87,\"Homestay\":1401022.96,\"TwoStar\":1379892.52,\"ThreeStar\":1553631.65,\"FourStar\":1811892.52,\"FiveStar\":2041979.48},{\"vehicle\":\"Medium Bus\",\"user\":24,\"wnaCost\":367500,\"mealCostPerPerson\":50000,\"WithoutAccomodation\":1144962,\"Guesthouse\":1225962,\"Homestay\":1360962,\"TwoStar\":1333962,\"ThreeStar\":1495962,\"FourStar\":1738962,\"FiveStar\":1954962},{\"vehicle\":\"Medium Bus\",\"user\":25,\"wnaCost\":369000,\"mealCostPerPerson\":48000,\"WithoutAccomodation\":1146985.92,\"Guesthouse\":1235545.92,\"Homestay\":1397545.92,\"TwoStar\":1347865.92,\"ThreeStar\":1520665.92,\"FourStar\":1777705.92,\"FiveStar\":2006665.92},{\"vehicle\":\"Medium Bus\",\"user\":26,\"wnaCost\":368461.54,\"mealCostPerPerson\":46153.85,\"WithoutAccomodation\":1117700.31,\"Guesthouse\":1198700.31,\"Homestay\":1366931.08,\"TwoStar\":1306700.31,\"ThreeStar\":1468700.31,\"FourStar\":1711700.31,\"FiveStar\":1927700.31},{\"vehicle\":\"Medium Bus\",\"user\":27,\"wnaCost\":367962.96,\"mealCostPerPerson\":44444.44,\"WithoutAccomodation\":1098584,\"Guesthouse\":1186584,\"Homestay\":1320584,\"TwoStar\":1298584,\"ThreeStar\":1470584,\"FourStar\":1726584,\"FiveStar\":1954584},{\"vehicle\":\"Medium Bus\",\"user\":28,\"wnaCost\":367500,\"mealCostPerPerson\":42857.14,\"WithoutAccomodation\":1073118.86,\"Guesthouse\":1154118.86,\"Homestay\":1289118.86,\"TwoStar\":1262118.86,\"ThreeStar\":1424118.86,\"FourStar\":1667118.86,\"FiveStar\":1883118.86},{\"vehicle\":\"Medium Bus\",\"user\":29,\"wnaCost\":368793.1,\"mealCostPerPerson\":41379.31,\"WithoutAccomodation\":1077340.97,\"Guesthouse\":1164858.21,\"Homestay\":1323134.07,\"TwoStar\":1276582.34,\"ThreeStar\":1447892.69,\"FourStar\":1702996.14,\"FiveStar\":1930168.55},{\"vehicle\":\"Medium Bus\",\"user\":30,\"wnaCost\":368333.33,\"mealCostPerPerson\":40000,\"WithoutAccomodation\":1054281.6,\"Guesthouse\":1135281.6,\"Homestay\":1299081.6,\"TwoStar\":1243281.6,\"ThreeStar\":1405281.6,\"FourStar\":1648281.6,\"FiveStar\":1864281.6},{\"vehicle\":\"Big Bus HD\",\"user\":31,\"wnaCost\":367903.23,\"mealCostPerPerson\":48387.1,\"WithoutAccomodation\":1154297.03,\"Guesthouse\":1241393.81,\"Homestay\":1375522.84,\"TwoStar\":1352877.68,\"ThreeStar\":1523587.35,\"FourStar\":1777909.94,\"FiveStar\":2004361.55},{\"vehicle\":\"Big Bus HD\",\"user\":32,\"wnaCost\":367500,\"mealCostPerPerson\":46875,\"WithoutAccomodation\":1129936.5,\"Guesthouse\":1210936.5,\"Homestay\":1345936.5,\"TwoStar\":1318936.5,\"ThreeStar\":1480936.5,\"FourStar\":1723936.5,\"FiveStar\":1939936.5},{\"vehicle\":\"Big Bus HD\",\"user\":33,\"wnaCost\":368636.36,\"mealCostPerPerson\":45454.55,\"WithoutAccomodation\":1131597.82,\"Guesthouse\":1218325.09,\"Homestay\":1373779.64,\"TwoStar\":1329597.82,\"ThreeStar\":1499779.64,\"FourStar\":1753416,\"FiveStar\":1979234.18},{\"vehicle\":\"Big Bus HD\",\"user\":34,\"wnaCost\":368235.29,\"mealCostPerPerson\":44117.65,\"WithoutAccomodation\":1109337.88,\"Guesthouse\":1190337.88,\"Homestay\":1350749.65,\"TwoStar\":1298337.88,\"ThreeStar\":1460337.88,\"FourStar\":1703337.88,\"FiveStar\":1919337.88},{\"vehicle\":\"Big Bus HD\",\"user\":35,\"wnaCost\":367857.14,\"mealCostPerPerson\":42857.14,\"WithoutAccomodation\":1094521.37,\"Guesthouse\":1180921.37,\"Homestay\":1315149.94,\"TwoStar\":1292007.09,\"ThreeStar\":1461721.37,\"FourStar\":1714749.94,\"FiveStar\":1940007.09},{\"vehicle\":\"Big Bus HD\",\"user\":36,\"wnaCost\":367500,\"mealCostPerPerson\":41666.67,\"WithoutAccomodation\":1074528,\"Guesthouse\":1155528,\"Homestay\":1290528,\"TwoStar\":1263528,\"ThreeStar\":1425528,\"FourStar\":1668528,\"FiveStar\":1884528},{\"vehicle\":\"Big Bus HD\",\"user\":37,\"wnaCost\":368513.51,\"mealCostPerPerson\":40540.54,\"WithoutAccomodation\":1077507.24,\"Guesthouse\":1163615.35,\"Homestay\":1316858.59,\"TwoStar\":1274534.27,\"ThreeStar\":1443831.57,\"FourStar\":1696318.05,\"FiveStar\":1921074.81},{\"vehicle\":\"Big Bus HD\",\"user\":38,\"wnaCost\":368157.89,\"mealCostPerPerson\":39473.68,\"WithoutAccomodation\":1059013.89,\"Guesthouse\":1140013.89,\"Homestay\":1297750.74,\"TwoStar\":1248013.89,\"ThreeStar\":1410013.89,\"FourStar\":1653013.89,\"FiveStar\":1869013.89},{\"vehicle\":\"Big Bus HD\",\"user\":39,\"wnaCost\":367820.51,\"mealCostPerPerson\":38461.54,\"WithoutAccomodation\":1047007.38,\"Guesthouse\":1132853.54,\"Homestay\":1267161.23,\"TwoStar\":1243622.77,\"ThreeStar\":1412545.85,\"FourStar\":1664545.85,\"FiveStar\":1888853.54},{\"vehicle\":\"Big Bus HD\",\"user\":40,\"wnaCost\":367500,\"mealCostPerPerson\":37500,\"WithoutAccomodation\":1030201.2,\"Guesthouse\":1111201.2,\"Homestay\":1246201.2,\"TwoStar\":1219201.2,\"ThreeStar\":1381201.2,\"FourStar\":1624201.2,\"FiveStar\":1840201.2},{\"vehicle\":\"Big Bus HD\",\"user\":41,\"wnaCost\":368414.63,\"mealCostPerPerson\":43902.44,\"WithoutAccomodation\":1041873.37,\"Guesthouse\":1127483.12,\"Homestay\":1278946.54,\"TwoStar\":1238117.27,\"ThreeStar\":1406702.63,\"FourStar\":1658263.61,\"FiveStar\":1882166.05},{\"vehicle\":\"Big Bus HD\",\"user\":42,\"wnaCost\":368095.24,\"mealCostPerPerson\":42857.14,\"WithoutAccomodation\":1025989.71,\"Guesthouse\":1106989.71,\"Homestay\":1262561.14,\"TwoStar\":1214989.71,\"ThreeStar\":1376989.71,\"FourStar\":1619989.71,\"FiveStar\":1835989.71},{\"vehicle\":\"Big Bus HD\",\"user\":43,\"wnaCost\":367790.7,\"mealCostPerPerson\":41860.47,\"WithoutAccomodation\":1015868.09,\"Guesthouse\":1101263.44,\"Homestay\":1235635.53,\"TwoStar\":1211775.07,\"ThreeStar\":1380054.14,\"FourStar\":1631216.93,\"FiveStar\":1854751.81},{\"vehicle\":\"Big Bus HD\",\"user\":44,\"wnaCost\":367500,\"mealCostPerPerson\":40909.09,\"WithoutAccomodation\":1001297.45,\"Guesthouse\":1082297.45,\"Homestay\":1217297.45,\"TwoStar\":1190297.45,\"ThreeStar\":1352297.45,\"FourStar\":1595297.45,\"FiveStar\":1811297.45},{\"vehicle\":\"Big Bus HD\",\"user\":45,\"wnaCost\":368333.33,\"mealCostPerPerson\":40000,\"WithoutAccomodation\":1005374.4,\"Guesthouse\":1090574.4,\"Homestay\":1240574.4,\"TwoStar\":1200974.4,\"ThreeStar\":1368974.4,\"FourStar\":1619774.4,\"FiveStar\":1842974.4},{\"vehicle\":\"Big Bus SHD\",\"user\":46,\"wnaCost\":368043.48,\"mealCostPerPerson\":39130.43,\"WithoutAccomodation\":1024534.96,\"Guesthouse\":1105534.96,\"Homestay\":1259317.57,\"TwoStar\":1213534.96,\"ThreeStar\":1375534.96,\"FourStar\":1618534.96,\"FiveStar\":1834534.96},{\"vehicle\":\"Big Bus SHD\",\"user\":47,\"wnaCost\":367765.96,\"mealCostPerPerson\":38297.87,\"WithoutAccomodation\":1015305.7,\"Guesthouse\":1100326.98,\"Homestay\":1234752.51,\"TwoStar\":1210624.85,\"ThreeStar\":1378369.53,\"FourStar\":1628837.62,\"FiveStar\":1851731.23},{\"vehicle\":\"Big Bus SHD\",\"user\":48,\"wnaCost\":367500,\"mealCostPerPerson\":37500,\"WithoutAccomodation\":1001961,\"Guesthouse\":1082961,\"Homestay\":1217961,\"TwoStar\":1190961,\"ThreeStar\":1352961,\"FourStar\":1595961,\"FiveStar\":1811961},{\"vehicle\":\"Big Bus SHD\",\"user\":49,\"wnaCost\":368265.31,\"mealCostPerPerson\":36734.69,\"WithoutAccomodation\":1005691.59,\"Guesthouse\":1090548.73,\"Homestay\":1239324.24,\"TwoStar\":1200752.82,\"ThreeStar\":1368263.02,\"FourStar\":1618426.29,\"FiveStar\":1841038.53},{\"vehicle\":\"Big Bus SHD\",\"user\":50,\"wnaCost\":368000,\"mealCostPerPerson\":36000,\"WithoutAccomodation\":993072.96,\"Guesthouse\":1074072.96,\"Homestay\":1226352.96,\"TwoStar\":1182072.96,\"ThreeStar\":1344072.96,\"FourStar\":1587072.96,\"FiveStar\":1803072.96},{\"vehicle\":\"Big Bus SHD\",\"user\":51,\"wnaCost\":367745.1,\"mealCostPerPerson\":35294.12,\"WithoutAccomodation\":985184.47,\"Guesthouse\":1069890.35,\"Homestay\":1204360.94,\"TwoStar\":1180008,\"ThreeStar\":1347302.12,\"FourStar\":1597184.47,\"FiveStar\":1819537.41},{\"vehicle\":\"Big Bus SHD\",\"user\":52,\"wnaCost\":367500,\"mealCostPerPerson\":34615.38,\"WithoutAccomodation\":973445.54,\"Guesthouse\":1054445.54,\"Homestay\":1189445.54,\"TwoStar\":1162445.54,\"ThreeStar\":1324445.54,\"FourStar\":1567445.54,\"FiveStar\":1783445.54},{\"vehicle\":\"Big Bus SHD\",\"user\":53,\"wnaCost\":368207.55,\"mealCostPerPerson\":33962.26,\"WithoutAccomodation\":977432.6,\"Guesthouse\":1061998.64,\"Homestay\":1209734.49,\"TwoStar\":1172036.38,\"ThreeStar\":1339130.72,\"FourStar\":1588753.36,\"FiveStar\":1810866.57},{\"vehicle\":\"Big Bus SHD\",\"user\":54,\"wnaCost\":367962.96,\"mealCostPerPerson\":33333.33,\"WithoutAccomodation\":966272,\"Guesthouse\":1047272,\"Homestay\":1198272,\"TwoStar\":1155272,\"ThreeStar\":1317272,\"FourStar\":1560272,\"FiveStar\":1776272},{\"vehicle\":\"Big Bus SHD\",\"user\":55,\"wnaCost\":367727.27,\"mealCostPerPerson\":32727.27,\"WithoutAccomodation\":959444.51,\"Guesthouse\":1043880.87,\"Homestay\":1178389.96,\"TwoStar\":1153844.51,\"ThreeStar\":1320753.6,\"FourStar\":1570135.42,\"FiveStar\":1792026.33}]}]', '2025-01-30 19:42:11', '2025-01-30 19:42:11');
INSERT INTO `package_two_prices` (`id`, `package_two_day_id`, `price_data`, `created_at`, `updated_at`) VALUES
(28, 31, '[{\"Price Type\":\"Include Meal\",\"data\":[{\"Price Type\":\"Include Meal\"},{\"vehicle\":\"Avanza\",\"user\":1,\"wnaCost\":170000,\"mealCostPerPerson\":600000,\"WithoutAccomodation\":2831544,\"Guesthouse\":3101544,\"Homestay\":3911544,\"TwoStar\":3317544,\"ThreeStar\":3749544,\"FourStar\":4343544,\"FiveStar\":4883544},{\"vehicle\":\"Avanza\",\"user\":2,\"wnaCost\":170000,\"mealCostPerPerson\":450000,\"WithoutAccomodation\":1765152,\"Guesthouse\":1846152,\"Homestay\":2413152,\"TwoStar\":1954152,\"ThreeStar\":2116152,\"FourStar\":2359152,\"FiveStar\":2575152},{\"vehicle\":\"Avanza\",\"user\":3,\"wnaCost\":170000,\"mealCostPerPerson\":400000,\"WithoutAccomodation\":1481688,\"Guesthouse\":1625688,\"Homestay\":1751688,\"TwoStar\":1769688,\"ThreeStar\":2021688,\"FourStar\":2381688,\"FiveStar\":2705688},{\"vehicle\":\"Avanza\",\"user\":4,\"wnaCost\":170000,\"mealCostPerPerson\":375000,\"WithoutAccomodation\":1285956,\"Guesthouse\":1366956,\"Homestay\":1501956,\"TwoStar\":1474956,\"ThreeStar\":1636956,\"FourStar\":1879956,\"FiveStar\":2095956},{\"vehicle\":\"Avanza\",\"user\":5,\"wnaCost\":170000,\"mealCostPerPerson\":360000,\"WithoutAccomodation\":1211716.8,\"Guesthouse\":1330516.8,\"Homestay\":1600516.8,\"TwoStar\":1460116.8,\"ThreeStar\":1676116.8,\"FourStar\":1989316.8,\"FiveStar\":2270116.8},{\"vehicle\":\"Innova\",\"user\":6,\"wnaCost\":170000,\"mealCostPerPerson\":350000,\"WithoutAccomodation\":1198224,\"Guesthouse\":1279224,\"Homestay\":1558224,\"TwoStar\":1387224,\"ThreeStar\":1549224,\"FourStar\":1792224,\"FiveStar\":2008224},{\"vehicle\":\"Hiace Commuter\",\"user\":7,\"wnaCost\":170000,\"mealCostPerPerson\":385714.29,\"WithoutAccomodation\":1436214.86,\"Guesthouse\":1544214.86,\"Homestay\":1675357.71,\"TwoStar\":1667643.43,\"ThreeStar\":1868214.86,\"FourStar\":2161357.71,\"FiveStar\":2423643.43},{\"vehicle\":\"Hiace Commuter\",\"user\":8,\"wnaCost\":170000,\"mealCostPerPerson\":375000,\"WithoutAccomodation\":1344033,\"Guesthouse\":1425033,\"Homestay\":1560033,\"TwoStar\":1533033,\"ThreeStar\":1695033,\"FourStar\":1938033,\"FiveStar\":2154033},{\"vehicle\":\"Hiace Commuter\",\"user\":9,\"wnaCost\":170000,\"mealCostPerPerson\":366666.67,\"WithoutAccomodation\":1296336,\"Guesthouse\":1398336,\"Homestay\":1608336,\"TwoStar\":1518336,\"ThreeStar\":1710336,\"FourStar\":1992336,\"FiveStar\":2244336},{\"vehicle\":\"Hiace Commuter\",\"user\":10,\"wnaCost\":170000,\"mealCostPerPerson\":360000,\"WithoutAccomodation\":1236578.4,\"Guesthouse\":1317578.4,\"Homestay\":1538978.4,\"TwoStar\":1425578.4,\"ThreeStar\":1587578.4,\"FourStar\":1830578.4,\"FiveStar\":2046578.4},{\"vehicle\":\"Hiace Commuter\",\"user\":11,\"wnaCost\":170000,\"mealCostPerPerson\":354545.45,\"WithoutAccomodation\":1207322.18,\"Guesthouse\":1305504,\"Homestay\":1438049.45,\"TwoStar\":1423322.18,\"ThreeStar\":1609867.64,\"FourStar\":1884776.73,\"FiveStar\":2130231.27},{\"vehicle\":\"Hiace Commuter\",\"user\":12,\"wnaCost\":170000,\"mealCostPerPerson\":350000,\"WithoutAccomodation\":1164942,\"Guesthouse\":1245942,\"Homestay\":1380942,\"TwoStar\":1353942,\"ThreeStar\":1515942,\"FourStar\":1758942,\"FiveStar\":1974942},{\"vehicle\":\"Elf Giga\",\"user\":13,\"wnaCost\":170000,\"mealCostPerPerson\":369230.77,\"WithoutAccomodation\":1187235.69,\"Guesthouse\":1282774.15,\"Homestay\":1469697.23,\"TwoStar\":1399081.85,\"ThreeStar\":1581851.08,\"FourStar\":1851851.08,\"FiveStar\":2092774.15},{\"vehicle\":\"Elf Giga\",\"user\":14,\"wnaCost\":170000,\"mealCostPerPerson\":364285.71,\"WithoutAccomodation\":1152344.57,\"Guesthouse\":1233344.57,\"Homestay\":1430058.86,\"TwoStar\":1341344.57,\"ThreeStar\":1503344.57,\"FourStar\":1746344.57,\"FiveStar\":1962344.57},{\"vehicle\":\"Elf Giga\",\"user\":15,\"wnaCost\":170000,\"mealCostPerPerson\":360000,\"WithoutAccomodation\":1136505.6,\"Guesthouse\":1230105.6,\"Homestay\":1363305.6,\"TwoStar\":1345305.6,\"ThreeStar\":1525305.6,\"FourStar\":1791705.6,\"FiveStar\":2029305.6},{\"vehicle\":\"Elf Giga\",\"user\":16,\"wnaCost\":170000,\"mealCostPerPerson\":356250,\"WithoutAccomodation\":1109146.5,\"Guesthouse\":1190146.5,\"Homestay\":1325146.5,\"TwoStar\":1298146.5,\"ThreeStar\":1460146.5,\"FourStar\":1703146.5,\"FiveStar\":1919146.5},{\"vehicle\":\"Elf Giga\",\"user\":17,\"wnaCost\":170000,\"mealCostPerPerson\":352941.18,\"WithoutAccomodation\":1097712,\"Guesthouse\":1189829.65,\"Homestay\":1364535.53,\"TwoStar\":1304182.59,\"ThreeStar\":1482064.94,\"FourStar\":1745712,\"FiveStar\":1980770.82},{\"vehicle\":\"Medium Bus\",\"user\":18,\"wnaCost\":170000,\"mealCostPerPerson\":350000,\"WithoutAccomodation\":1185348,\"Guesthouse\":1266348,\"Homestay\":1449348,\"TwoStar\":1374348,\"ThreeStar\":1536348,\"FourStar\":1779348,\"FiveStar\":1995348},{\"vehicle\":\"Medium Bus\",\"user\":19,\"wnaCost\":170000,\"mealCostPerPerson\":363157.89,\"WithoutAccomodation\":1188159.16,\"Guesthouse\":1279106.53,\"Homestay\":1412685.47,\"TwoStar\":1392790.74,\"ThreeStar\":1569001.26,\"FourStar\":1830474.95,\"FiveStar\":2063527.58},{\"vehicle\":\"Medium Bus\",\"user\":20,\"wnaCost\":170000,\"mealCostPerPerson\":360000,\"WithoutAccomodation\":1406689.2,\"Guesthouse\":1487689.2,\"Homestay\":1622689.2,\"TwoStar\":1595689.2,\"ThreeStar\":1757689.2,\"FourStar\":2000689.2,\"FiveStar\":2216689.2},{\"vehicle\":\"Medium Bus\",\"user\":21,\"wnaCost\":170000,\"mealCostPerPerson\":357142.86,\"WithoutAccomodation\":1383264,\"Guesthouse\":1473264,\"Homestay\":1640406.86,\"TwoStar\":1586406.86,\"ThreeStar\":1761264,\"FourStar\":2020978.29,\"FiveStar\":2252406.86},{\"vehicle\":\"Medium Bus\",\"user\":22,\"wnaCost\":170000,\"mealCostPerPerson\":354545.45,\"WithoutAccomodation\":1352150.18,\"Guesthouse\":1433150.18,\"Homestay\":1607422.91,\"TwoStar\":1541150.18,\"ThreeStar\":1703150.18,\"FourStar\":1946150.18,\"FiveStar\":2162150.18},{\"vehicle\":\"Medium Bus\",\"user\":23,\"wnaCost\":170000,\"mealCostPerPerson\":352173.91,\"WithoutAccomodation\":1333133.22,\"Guesthouse\":1422350.61,\"Homestay\":1556176.7,\"TwoStar\":1535046.26,\"ThreeStar\":1708785.39,\"FourStar\":1967046.26,\"FiveStar\":2197133.22},{\"vehicle\":\"Medium Bus\",\"user\":24,\"wnaCost\":170000,\"mealCostPerPerson\":350000,\"WithoutAccomodation\":1306701,\"Guesthouse\":1387701,\"Homestay\":1522701,\"TwoStar\":1495701,\"ThreeStar\":1657701,\"FourStar\":1900701,\"FiveStar\":2116701},{\"vehicle\":\"Medium Bus\",\"user\":25,\"wnaCost\":170000,\"mealCostPerPerson\":348000,\"WithoutAccomodation\":1291023.36,\"Guesthouse\":1379583.36,\"Homestay\":1541583.36,\"TwoStar\":1491903.36,\"ThreeStar\":1664703.36,\"FourStar\":1921743.36,\"FiveStar\":2150703.36},{\"vehicle\":\"Medium Bus\",\"user\":26,\"wnaCost\":170000,\"mealCostPerPerson\":346153.85,\"WithoutAccomodation\":1268244,\"Guesthouse\":1349244,\"Homestay\":1517474.77,\"TwoStar\":1457244,\"ThreeStar\":1619244,\"FourStar\":1862244,\"FiveStar\":2078244},{\"vehicle\":\"Medium Bus\",\"user\":27,\"wnaCost\":170000,\"mealCostPerPerson\":344444.44,\"WithoutAccomodation\":1255152,\"Guesthouse\":1343152,\"Homestay\":1477152,\"TwoStar\":1455152,\"ThreeStar\":1627152,\"FourStar\":1883152,\"FiveStar\":2111152},{\"vehicle\":\"Medium Bus\",\"user\":28,\"wnaCost\":170000,\"mealCostPerPerson\":342857.14,\"WithoutAccomodation\":1235280.86,\"Guesthouse\":1316280.86,\"Homestay\":1451280.86,\"TwoStar\":1424280.86,\"ThreeStar\":1586280.86,\"FourStar\":1829280.86,\"FiveStar\":2045280.86},{\"vehicle\":\"Medium Bus\",\"user\":29,\"wnaCost\":170000,\"mealCostPerPerson\":341379.31,\"WithoutAccomodation\":1224228.41,\"Guesthouse\":1311745.66,\"Homestay\":1470021.52,\"TwoStar\":1423469.79,\"ThreeStar\":1594780.14,\"FourStar\":1849883.59,\"FiveStar\":2077056},{\"vehicle\":\"Medium Bus\",\"user\":30,\"wnaCost\":170000,\"mealCostPerPerson\":340000,\"WithoutAccomodation\":1206712.8,\"Guesthouse\":1287712.8,\"Homestay\":1451512.8,\"TwoStar\":1395712.8,\"ThreeStar\":1557712.8,\"FourStar\":1800712.8,\"FiveStar\":2016712.8},{\"vehicle\":\"Big Bus HD\",\"user\":31,\"wnaCost\":170000,\"mealCostPerPerson\":348387.1,\"WithoutAccomodation\":1311914.32,\"Guesthouse\":1399011.1,\"Homestay\":1533140.13,\"TwoStar\":1510494.97,\"ThreeStar\":1681204.65,\"FourStar\":1935527.23,\"FiveStar\":2161978.84},{\"vehicle\":\"Big Bus HD\",\"user\":32,\"wnaCost\":170000,\"mealCostPerPerson\":346875,\"WithoutAccomodation\":1292415.75,\"Guesthouse\":1373415.75,\"Homestay\":1508415.75,\"TwoStar\":1481415.75,\"ThreeStar\":1643415.75,\"FourStar\":1886415.75,\"FiveStar\":2102415.75},{\"vehicle\":\"Big Bus HD\",\"user\":33,\"wnaCost\":170000,\"mealCostPerPerson\":345454.55,\"WithoutAccomodation\":1280644.36,\"Guesthouse\":1367371.64,\"Homestay\":1522826.18,\"TwoStar\":1478644.36,\"ThreeStar\":1648826.18,\"FourStar\":1902462.55,\"FiveStar\":2128280.73},{\"vehicle\":\"Big Bus HD\",\"user\":34,\"wnaCost\":170000,\"mealCostPerPerson\":344117.65,\"WithoutAccomodation\":1263212.47,\"Guesthouse\":1344212.47,\"Homestay\":1504624.24,\"TwoStar\":1452212.47,\"ThreeStar\":1614212.47,\"FourStar\":1857212.47,\"FiveStar\":2073212.47},{\"vehicle\":\"Big Bus HD\",\"user\":35,\"wnaCost\":170000,\"mealCostPerPerson\":342857.14,\"WithoutAccomodation\":1252948.11,\"Guesthouse\":1339348.11,\"Homestay\":1473576.69,\"TwoStar\":1450433.83,\"ThreeStar\":1620148.11,\"FourStar\":1873176.69,\"FiveStar\":2098433.83},{\"vehicle\":\"Big Bus HD\",\"user\":36,\"wnaCost\":170000,\"mealCostPerPerson\":341666.67,\"WithoutAccomodation\":1237254,\"Guesthouse\":1318254,\"Homestay\":1453254,\"TwoStar\":1426254,\"ThreeStar\":1588254,\"FourStar\":1831254,\"FiveStar\":2047254},{\"vehicle\":\"Big Bus HD\",\"user\":37,\"wnaCost\":170000,\"mealCostPerPerson\":340540.54,\"WithoutAccomodation\":1228246.05,\"Guesthouse\":1314354.16,\"Homestay\":1467597.41,\"TwoStar\":1425273.08,\"ThreeStar\":1594570.38,\"FourStar\":1847056.86,\"FiveStar\":2071813.62},{\"vehicle\":\"Big Bus HD\",\"user\":38,\"wnaCost\":170000,\"mealCostPerPerson\":339473.68,\"WithoutAccomodation\":1214028,\"Guesthouse\":1295028,\"Homestay\":1452764.84,\"TwoStar\":1403028,\"ThreeStar\":1565028,\"FourStar\":1808028,\"FiveStar\":2024028},{\"vehicle\":\"Big Bus HD\",\"user\":39,\"wnaCost\":170000,\"mealCostPerPerson\":338461.54,\"WithoutAccomodation\":1206077.54,\"Guesthouse\":1291923.69,\"Homestay\":1426231.38,\"TwoStar\":1402692.92,\"ThreeStar\":1571616,\"FourStar\":1823616,\"FiveStar\":2047923.69},{\"vehicle\":\"Big Bus HD\",\"user\":40,\"wnaCost\":170000,\"mealCostPerPerson\":337500,\"WithoutAccomodation\":1193124.6,\"Guesthouse\":1274124.6,\"Homestay\":1409124.6,\"TwoStar\":1382124.6,\"ThreeStar\":1544124.6,\"FourStar\":1787124.6,\"FiveStar\":2003124.6},{\"vehicle\":\"Big Bus HD\",\"user\":41,\"wnaCost\":170000,\"mealCostPerPerson\":343902.44,\"WithoutAccomodation\":1193974.24,\"Guesthouse\":1279584,\"Homestay\":1431047.41,\"TwoStar\":1390218.15,\"ThreeStar\":1558803.51,\"FourStar\":1810364.49,\"FiveStar\":2034266.93},{\"vehicle\":\"Big Bus HD\",\"user\":42,\"wnaCost\":170000,\"mealCostPerPerson\":342857.14,\"WithoutAccomodation\":1181926.29,\"Guesthouse\":1262926.29,\"Homestay\":1418497.71,\"TwoStar\":1370926.29,\"ThreeStar\":1532926.29,\"FourStar\":1775926.29,\"FiveStar\":1991926.29},{\"vehicle\":\"Big Bus HD\",\"user\":43,\"wnaCost\":170000,\"mealCostPerPerson\":341860.47,\"WithoutAccomodation\":1175461.95,\"Guesthouse\":1260857.3,\"Homestay\":1395229.4,\"TwoStar\":1371368.93,\"ThreeStar\":1539648,\"FourStar\":1790810.79,\"FiveStar\":2014345.67},{\"vehicle\":\"Big Bus HD\",\"user\":44,\"wnaCost\":170000,\"mealCostPerPerson\":340909.09,\"WithoutAccomodation\":1164382.36,\"Guesthouse\":1245382.36,\"Homestay\":1380382.36,\"TwoStar\":1353382.36,\"ThreeStar\":1515382.36,\"FourStar\":1758382.36,\"FiveStar\":1974382.36},{\"vehicle\":\"Big Bus HD\",\"user\":45,\"wnaCost\":170000,\"mealCostPerPerson\":340000,\"WithoutAccomodation\":1158595.2,\"Guesthouse\":1243795.2,\"Homestay\":1393795.2,\"TwoStar\":1354195.2,\"ThreeStar\":1522195.2,\"FourStar\":1772995.2,\"FiveStar\":1996195.2},{\"vehicle\":\"Big Bus SHD\",\"user\":46,\"wnaCost\":170000,\"mealCostPerPerson\":339130.43,\"WithoutAccomodation\":1181233.57,\"Guesthouse\":1262233.57,\"Homestay\":1416016.17,\"TwoStar\":1370233.57,\"ThreeStar\":1532233.57,\"FourStar\":1775233.57,\"FiveStar\":1991233.57},{\"vehicle\":\"Big Bus SHD\",\"user\":47,\"wnaCost\":170000,\"mealCostPerPerson\":338297.87,\"WithoutAccomodation\":1175334.13,\"Guesthouse\":1260355.4,\"Homestay\":1394780.94,\"TwoStar\":1370653.28,\"ThreeStar\":1538397.96,\"FourStar\":1788866.04,\"FiveStar\":2011759.66},{\"vehicle\":\"Big Bus SHD\",\"user\":48,\"wnaCost\":170000,\"mealCostPerPerson\":337500,\"WithoutAccomodation\":1165180.5,\"Guesthouse\":1246180.5,\"Homestay\":1381180.5,\"TwoStar\":1354180.5,\"ThreeStar\":1516180.5,\"FourStar\":1759180.5,\"FiveStar\":1975180.5},{\"vehicle\":\"Big Bus SHD\",\"user\":49,\"wnaCost\":170000,\"mealCostPerPerson\":336734.69,\"WithoutAccomodation\":1159849.47,\"Guesthouse\":1244706.61,\"Homestay\":1393482.12,\"TwoStar\":1354910.69,\"ThreeStar\":1522420.9,\"FourStar\":1772584.16,\"FiveStar\":1995196.41},{\"vehicle\":\"Big Bus SHD\",\"user\":50,\"wnaCost\":170000,\"mealCostPerPerson\":336000,\"WithoutAccomodation\":1150411.68,\"Guesthouse\":1231411.68,\"Homestay\":1383691.68,\"TwoStar\":1339411.68,\"ThreeStar\":1501411.68,\"FourStar\":1744411.68,\"FiveStar\":1960411.68},{\"vehicle\":\"Big Bus SHD\",\"user\":51,\"wnaCost\":170000,\"mealCostPerPerson\":335294.12,\"WithoutAccomodation\":1145579.29,\"Guesthouse\":1230285.18,\"Homestay\":1364755.76,\"TwoStar\":1340402.82,\"ThreeStar\":1507696.94,\"FourStar\":1757579.29,\"FiveStar\":1979932.24},{\"vehicle\":\"Big Bus SHD\",\"user\":52,\"wnaCost\":170000,\"mealCostPerPerson\":334615.38,\"WithoutAccomodation\":1136778.92,\"Guesthouse\":1217778.92,\"Homestay\":1352778.92,\"TwoStar\":1325778.92,\"ThreeStar\":1487778.92,\"FourStar\":1730778.92,\"FiveStar\":1946778.92},{\"vehicle\":\"Big Bus SHD\",\"user\":53,\"wnaCost\":170000,\"mealCostPerPerson\":333962.26,\"WithoutAccomodation\":1132386.11,\"Guesthouse\":1216952.15,\"Homestay\":1364688,\"TwoStar\":1326989.89,\"ThreeStar\":1494084.23,\"FourStar\":1743706.87,\"FiveStar\":1965820.08},{\"vehicle\":\"Big Bus SHD\",\"user\":54,\"wnaCost\":170000,\"mealCostPerPerson\":333333.33,\"WithoutAccomodation\":1124156,\"Guesthouse\":1205156,\"Homestay\":1356156,\"TwoStar\":1313156,\"ThreeStar\":1475156,\"FourStar\":1718156,\"FiveStar\":1934156},{\"vehicle\":\"Big Bus SHD\",\"user\":55,\"wnaCost\":170000,\"mealCostPerPerson\":332727.27,\"WithoutAccomodation\":1120152.44,\"Guesthouse\":1204588.8,\"Homestay\":1339097.89,\"TwoStar\":1314552.44,\"ThreeStar\":1481461.53,\"FourStar\":1730843.35,\"FiveStar\":1952734.25}]},{\"Price Type\":\"Exclude Meal\",\"data\":[{\"Price Type\":\"Exclude Meal\"},{\"vehicle\":\"Avanza\",\"user\":1,\"wnaCost\":170000,\"mealCostPerPerson\":300000,\"WithoutAccomodation\":2507544,\"Guesthouse\":2777544,\"Homestay\":3587544,\"TwoStar\":2993544,\"ThreeStar\":3425544,\"FourStar\":4019544,\"FiveStar\":4559544},{\"vehicle\":\"Avanza\",\"user\":2,\"wnaCost\":170000,\"mealCostPerPerson\":150000,\"WithoutAccomodation\":1441152,\"Guesthouse\":1522152,\"Homestay\":2089152,\"TwoStar\":1630152,\"ThreeStar\":1792152,\"FourStar\":2035152,\"FiveStar\":2251152},{\"vehicle\":\"Avanza\",\"user\":3,\"wnaCost\":170000,\"mealCostPerPerson\":100000,\"WithoutAccomodation\":1157688,\"Guesthouse\":1301688,\"Homestay\":1427688,\"TwoStar\":1445688,\"ThreeStar\":1697688,\"FourStar\":2057688,\"FiveStar\":2381688},{\"vehicle\":\"Avanza\",\"user\":4,\"wnaCost\":170000,\"mealCostPerPerson\":75000,\"WithoutAccomodation\":961956,\"Guesthouse\":1042956,\"Homestay\":1177956,\"TwoStar\":1150956,\"ThreeStar\":1312956,\"FourStar\":1555956,\"FiveStar\":1771956},{\"vehicle\":\"Avanza\",\"user\":5,\"wnaCost\":170000,\"mealCostPerPerson\":60000,\"WithoutAccomodation\":887716.8,\"Guesthouse\":1006516.8,\"Homestay\":1276516.8,\"TwoStar\":1136116.8,\"ThreeStar\":1352116.8,\"FourStar\":1665316.8,\"FiveStar\":1946116.8},{\"vehicle\":\"Innova\",\"user\":6,\"wnaCost\":170000,\"mealCostPerPerson\":50000,\"WithoutAccomodation\":874224,\"Guesthouse\":955224,\"Homestay\":1234224,\"TwoStar\":1063224,\"ThreeStar\":1225224,\"FourStar\":1468224,\"FiveStar\":1684224},{\"vehicle\":\"Hiace Commuter\",\"user\":7,\"wnaCost\":170000,\"mealCostPerPerson\":85714.29,\"WithoutAccomodation\":1112214.86,\"Guesthouse\":1220214.86,\"Homestay\":1351357.71,\"TwoStar\":1343643.43,\"ThreeStar\":1544214.86,\"FourStar\":1837357.71,\"FiveStar\":2099643.43},{\"vehicle\":\"Hiace Commuter\",\"user\":8,\"wnaCost\":170000,\"mealCostPerPerson\":75000,\"WithoutAccomodation\":1020033,\"Guesthouse\":1101033,\"Homestay\":1236033,\"TwoStar\":1209033,\"ThreeStar\":1371033,\"FourStar\":1614033,\"FiveStar\":1830033},{\"vehicle\":\"Hiace Commuter\",\"user\":9,\"wnaCost\":170000,\"mealCostPerPerson\":66666.67,\"WithoutAccomodation\":972336,\"Guesthouse\":1074336,\"Homestay\":1284336,\"TwoStar\":1194336,\"ThreeStar\":1386336,\"FourStar\":1668336,\"FiveStar\":1920336},{\"vehicle\":\"Hiace Commuter\",\"user\":10,\"wnaCost\":170000,\"mealCostPerPerson\":60000,\"WithoutAccomodation\":912578.4,\"Guesthouse\":993578.4,\"Homestay\":1214978.4,\"TwoStar\":1101578.4,\"ThreeStar\":1263578.4,\"FourStar\":1506578.4,\"FiveStar\":1722578.4},{\"vehicle\":\"Hiace Commuter\",\"user\":11,\"wnaCost\":170000,\"mealCostPerPerson\":54545.45,\"WithoutAccomodation\":883322.18,\"Guesthouse\":981504,\"Homestay\":1114049.45,\"TwoStar\":1099322.18,\"ThreeStar\":1285867.64,\"FourStar\":1560776.73,\"FiveStar\":1806231.27},{\"vehicle\":\"Hiace Commuter\",\"user\":12,\"wnaCost\":170000,\"mealCostPerPerson\":50000,\"WithoutAccomodation\":840942,\"Guesthouse\":921942,\"Homestay\":1056942,\"TwoStar\":1029942,\"ThreeStar\":1191942,\"FourStar\":1434942,\"FiveStar\":1650942},{\"vehicle\":\"Elf Giga\",\"user\":13,\"wnaCost\":170000,\"mealCostPerPerson\":69230.77,\"WithoutAccomodation\":863235.69,\"Guesthouse\":958774.15,\"Homestay\":1145697.23,\"TwoStar\":1075081.85,\"ThreeStar\":1257851.08,\"FourStar\":1527851.08,\"FiveStar\":1768774.15},{\"vehicle\":\"Elf Giga\",\"user\":14,\"wnaCost\":170000,\"mealCostPerPerson\":64285.71,\"WithoutAccomodation\":828344.57,\"Guesthouse\":909344.57,\"Homestay\":1106058.86,\"TwoStar\":1017344.57,\"ThreeStar\":1179344.57,\"FourStar\":1422344.57,\"FiveStar\":1638344.57},{\"vehicle\":\"Elf Giga\",\"user\":15,\"wnaCost\":170000,\"mealCostPerPerson\":60000,\"WithoutAccomodation\":812505.6,\"Guesthouse\":906105.6,\"Homestay\":1039305.6,\"TwoStar\":1021305.6,\"ThreeStar\":1201305.6,\"FourStar\":1467705.6,\"FiveStar\":1705305.6},{\"vehicle\":\"Elf Giga\",\"user\":16,\"wnaCost\":170000,\"mealCostPerPerson\":56250,\"WithoutAccomodation\":785146.5,\"Guesthouse\":866146.5,\"Homestay\":1001146.5,\"TwoStar\":974146.5,\"ThreeStar\":1136146.5,\"FourStar\":1379146.5,\"FiveStar\":1595146.5},{\"vehicle\":\"Elf Giga\",\"user\":17,\"wnaCost\":170000,\"mealCostPerPerson\":52941.18,\"WithoutAccomodation\":773712,\"Guesthouse\":865829.65,\"Homestay\":1040535.53,\"TwoStar\":980182.59,\"ThreeStar\":1158064.94,\"FourStar\":1421712,\"FiveStar\":1656770.82},{\"vehicle\":\"Medium Bus\",\"user\":18,\"wnaCost\":170000,\"mealCostPerPerson\":50000,\"WithoutAccomodation\":861348,\"Guesthouse\":942348,\"Homestay\":1125348,\"TwoStar\":1050348,\"ThreeStar\":1212348,\"FourStar\":1455348,\"FiveStar\":1671348},{\"vehicle\":\"Medium Bus\",\"user\":19,\"wnaCost\":170000,\"mealCostPerPerson\":63157.89,\"WithoutAccomodation\":864159.16,\"Guesthouse\":955106.53,\"Homestay\":1088685.47,\"TwoStar\":1068790.74,\"ThreeStar\":1245001.26,\"FourStar\":1506474.95,\"FiveStar\":1739527.58},{\"vehicle\":\"Medium Bus\",\"user\":20,\"wnaCost\":170000,\"mealCostPerPerson\":60000,\"WithoutAccomodation\":1082689.2,\"Guesthouse\":1163689.2,\"Homestay\":1298689.2,\"TwoStar\":1271689.2,\"ThreeStar\":1433689.2,\"FourStar\":1676689.2,\"FiveStar\":1892689.2},{\"vehicle\":\"Medium Bus\",\"user\":21,\"wnaCost\":170000,\"mealCostPerPerson\":57142.86,\"WithoutAccomodation\":1059264,\"Guesthouse\":1149264,\"Homestay\":1316406.86,\"TwoStar\":1262406.86,\"ThreeStar\":1437264,\"FourStar\":1696978.29,\"FiveStar\":1928406.86},{\"vehicle\":\"Medium Bus\",\"user\":22,\"wnaCost\":170000,\"mealCostPerPerson\":54545.45,\"WithoutAccomodation\":1028150.18,\"Guesthouse\":1109150.18,\"Homestay\":1283422.91,\"TwoStar\":1217150.18,\"ThreeStar\":1379150.18,\"FourStar\":1622150.18,\"FiveStar\":1838150.18},{\"vehicle\":\"Medium Bus\",\"user\":23,\"wnaCost\":170000,\"mealCostPerPerson\":52173.91,\"WithoutAccomodation\":1009133.22,\"Guesthouse\":1098350.61,\"Homestay\":1232176.7,\"TwoStar\":1211046.26,\"ThreeStar\":1384785.39,\"FourStar\":1643046.26,\"FiveStar\":1873133.22},{\"vehicle\":\"Medium Bus\",\"user\":24,\"wnaCost\":170000,\"mealCostPerPerson\":50000,\"WithoutAccomodation\":982701,\"Guesthouse\":1063701,\"Homestay\":1198701,\"TwoStar\":1171701,\"ThreeStar\":1333701,\"FourStar\":1576701,\"FiveStar\":1792701},{\"vehicle\":\"Medium Bus\",\"user\":25,\"wnaCost\":170000,\"mealCostPerPerson\":48000,\"WithoutAccomodation\":967023.36,\"Guesthouse\":1055583.36,\"Homestay\":1217583.36,\"TwoStar\":1167903.36,\"ThreeStar\":1340703.36,\"FourStar\":1597743.36,\"FiveStar\":1826703.36},{\"vehicle\":\"Medium Bus\",\"user\":26,\"wnaCost\":170000,\"mealCostPerPerson\":46153.85,\"WithoutAccomodation\":944244,\"Guesthouse\":1025244,\"Homestay\":1193474.77,\"TwoStar\":1133244,\"ThreeStar\":1295244,\"FourStar\":1538244,\"FiveStar\":1754244},{\"vehicle\":\"Medium Bus\",\"user\":27,\"wnaCost\":170000,\"mealCostPerPerson\":44444.44,\"WithoutAccomodation\":931152,\"Guesthouse\":1019152,\"Homestay\":1153152,\"TwoStar\":1131152,\"ThreeStar\":1303152,\"FourStar\":1559152,\"FiveStar\":1787152},{\"vehicle\":\"Medium Bus\",\"user\":28,\"wnaCost\":170000,\"mealCostPerPerson\":42857.14,\"WithoutAccomodation\":911280.86,\"Guesthouse\":992280.86,\"Homestay\":1127280.86,\"TwoStar\":1100280.86,\"ThreeStar\":1262280.86,\"FourStar\":1505280.86,\"FiveStar\":1721280.86},{\"vehicle\":\"Medium Bus\",\"user\":29,\"wnaCost\":170000,\"mealCostPerPerson\":41379.31,\"WithoutAccomodation\":900228.41,\"Guesthouse\":987745.66,\"Homestay\":1146021.52,\"TwoStar\":1099469.79,\"ThreeStar\":1270780.14,\"FourStar\":1525883.59,\"FiveStar\":1753056},{\"vehicle\":\"Medium Bus\",\"user\":30,\"wnaCost\":170000,\"mealCostPerPerson\":40000,\"WithoutAccomodation\":882712.8,\"Guesthouse\":963712.8,\"Homestay\":1127512.8,\"TwoStar\":1071712.8,\"ThreeStar\":1233712.8,\"FourStar\":1476712.8,\"FiveStar\":1692712.8},{\"vehicle\":\"Big Bus HD\",\"user\":31,\"wnaCost\":170000,\"mealCostPerPerson\":48387.1,\"WithoutAccomodation\":987914.32,\"Guesthouse\":1075011.1,\"Homestay\":1209140.13,\"TwoStar\":1186494.97,\"ThreeStar\":1357204.65,\"FourStar\":1611527.23,\"FiveStar\":1837978.84},{\"vehicle\":\"Big Bus HD\",\"user\":32,\"wnaCost\":170000,\"mealCostPerPerson\":46875,\"WithoutAccomodation\":968415.75,\"Guesthouse\":1049415.75,\"Homestay\":1184415.75,\"TwoStar\":1157415.75,\"ThreeStar\":1319415.75,\"FourStar\":1562415.75,\"FiveStar\":1778415.75},{\"vehicle\":\"Big Bus HD\",\"user\":33,\"wnaCost\":170000,\"mealCostPerPerson\":45454.55,\"WithoutAccomodation\":956644.36,\"Guesthouse\":1043371.64,\"Homestay\":1198826.18,\"TwoStar\":1154644.36,\"ThreeStar\":1324826.18,\"FourStar\":1578462.55,\"FiveStar\":1804280.73},{\"vehicle\":\"Big Bus HD\",\"user\":34,\"wnaCost\":170000,\"mealCostPerPerson\":44117.65,\"WithoutAccomodation\":939212.47,\"Guesthouse\":1020212.47,\"Homestay\":1180624.24,\"TwoStar\":1128212.47,\"ThreeStar\":1290212.47,\"FourStar\":1533212.47,\"FiveStar\":1749212.47},{\"vehicle\":\"Big Bus HD\",\"user\":35,\"wnaCost\":170000,\"mealCostPerPerson\":42857.14,\"WithoutAccomodation\":928948.11,\"Guesthouse\":1015348.11,\"Homestay\":1149576.69,\"TwoStar\":1126433.83,\"ThreeStar\":1296148.11,\"FourStar\":1549176.69,\"FiveStar\":1774433.83},{\"vehicle\":\"Big Bus HD\",\"user\":36,\"wnaCost\":170000,\"mealCostPerPerson\":41666.67,\"WithoutAccomodation\":913254,\"Guesthouse\":994254,\"Homestay\":1129254,\"TwoStar\":1102254,\"ThreeStar\":1264254,\"FourStar\":1507254,\"FiveStar\":1723254},{\"vehicle\":\"Big Bus HD\",\"user\":37,\"wnaCost\":170000,\"mealCostPerPerson\":40540.54,\"WithoutAccomodation\":904246.05,\"Guesthouse\":990354.16,\"Homestay\":1143597.41,\"TwoStar\":1101273.08,\"ThreeStar\":1270570.38,\"FourStar\":1523056.86,\"FiveStar\":1747813.62},{\"vehicle\":\"Big Bus HD\",\"user\":38,\"wnaCost\":170000,\"mealCostPerPerson\":39473.68,\"WithoutAccomodation\":890028,\"Guesthouse\":971028,\"Homestay\":1128764.84,\"TwoStar\":1079028,\"ThreeStar\":1241028,\"FourStar\":1484028,\"FiveStar\":1700028},{\"vehicle\":\"Big Bus HD\",\"user\":39,\"wnaCost\":170000,\"mealCostPerPerson\":38461.54,\"WithoutAccomodation\":882077.54,\"Guesthouse\":967923.69,\"Homestay\":1102231.38,\"TwoStar\":1078692.92,\"ThreeStar\":1247616,\"FourStar\":1499616,\"FiveStar\":1723923.69},{\"vehicle\":\"Big Bus HD\",\"user\":40,\"wnaCost\":170000,\"mealCostPerPerson\":37500,\"WithoutAccomodation\":869124.6,\"Guesthouse\":950124.6,\"Homestay\":1085124.6,\"TwoStar\":1058124.6,\"ThreeStar\":1220124.6,\"FourStar\":1463124.6,\"FiveStar\":1679124.6},{\"vehicle\":\"Big Bus HD\",\"user\":41,\"wnaCost\":170000,\"mealCostPerPerson\":43902.44,\"WithoutAccomodation\":869974.24,\"Guesthouse\":955584,\"Homestay\":1107047.41,\"TwoStar\":1066218.15,\"ThreeStar\":1234803.51,\"FourStar\":1486364.49,\"FiveStar\":1710266.93},{\"vehicle\":\"Big Bus HD\",\"user\":42,\"wnaCost\":170000,\"mealCostPerPerson\":42857.14,\"WithoutAccomodation\":857926.29,\"Guesthouse\":938926.29,\"Homestay\":1094497.71,\"TwoStar\":1046926.29,\"ThreeStar\":1208926.29,\"FourStar\":1451926.29,\"FiveStar\":1667926.29},{\"vehicle\":\"Big Bus HD\",\"user\":43,\"wnaCost\":170000,\"mealCostPerPerson\":41860.47,\"WithoutAccomodation\":851461.95,\"Guesthouse\":936857.3,\"Homestay\":1071229.4,\"TwoStar\":1047368.93,\"ThreeStar\":1215648,\"FourStar\":1466810.79,\"FiveStar\":1690345.67},{\"vehicle\":\"Big Bus HD\",\"user\":44,\"wnaCost\":170000,\"mealCostPerPerson\":40909.09,\"WithoutAccomodation\":840382.36,\"Guesthouse\":921382.36,\"Homestay\":1056382.36,\"TwoStar\":1029382.36,\"ThreeStar\":1191382.36,\"FourStar\":1434382.36,\"FiveStar\":1650382.36},{\"vehicle\":\"Big Bus HD\",\"user\":45,\"wnaCost\":170000,\"mealCostPerPerson\":40000,\"WithoutAccomodation\":834595.2,\"Guesthouse\":919795.2,\"Homestay\":1069795.2,\"TwoStar\":1030195.2,\"ThreeStar\":1198195.2,\"FourStar\":1448995.2,\"FiveStar\":1672195.2},{\"vehicle\":\"Big Bus SHD\",\"user\":46,\"wnaCost\":170000,\"mealCostPerPerson\":39130.43,\"WithoutAccomodation\":857233.57,\"Guesthouse\":938233.57,\"Homestay\":1092016.17,\"TwoStar\":1046233.57,\"ThreeStar\":1208233.57,\"FourStar\":1451233.57,\"FiveStar\":1667233.57},{\"vehicle\":\"Big Bus SHD\",\"user\":47,\"wnaCost\":170000,\"mealCostPerPerson\":38297.87,\"WithoutAccomodation\":851334.13,\"Guesthouse\":936355.4,\"Homestay\":1070780.94,\"TwoStar\":1046653.28,\"ThreeStar\":1214397.96,\"FourStar\":1464866.04,\"FiveStar\":1687759.66},{\"vehicle\":\"Big Bus SHD\",\"user\":48,\"wnaCost\":170000,\"mealCostPerPerson\":37500,\"WithoutAccomodation\":841180.5,\"Guesthouse\":922180.5,\"Homestay\":1057180.5,\"TwoStar\":1030180.5,\"ThreeStar\":1192180.5,\"FourStar\":1435180.5,\"FiveStar\":1651180.5},{\"vehicle\":\"Big Bus SHD\",\"user\":49,\"wnaCost\":170000,\"mealCostPerPerson\":36734.69,\"WithoutAccomodation\":835849.47,\"Guesthouse\":920706.61,\"Homestay\":1069482.12,\"TwoStar\":1030910.69,\"ThreeStar\":1198420.9,\"FourStar\":1448584.16,\"FiveStar\":1671196.41},{\"vehicle\":\"Big Bus SHD\",\"user\":50,\"wnaCost\":170000,\"mealCostPerPerson\":36000,\"WithoutAccomodation\":826411.68,\"Guesthouse\":907411.68,\"Homestay\":1059691.68,\"TwoStar\":1015411.68,\"ThreeStar\":1177411.68,\"FourStar\":1420411.68,\"FiveStar\":1636411.68},{\"vehicle\":\"Big Bus SHD\",\"user\":51,\"wnaCost\":170000,\"mealCostPerPerson\":35294.12,\"WithoutAccomodation\":821579.29,\"Guesthouse\":906285.18,\"Homestay\":1040755.76,\"TwoStar\":1016402.82,\"ThreeStar\":1183696.94,\"FourStar\":1433579.29,\"FiveStar\":1655932.24},{\"vehicle\":\"Big Bus SHD\",\"user\":52,\"wnaCost\":170000,\"mealCostPerPerson\":34615.38,\"WithoutAccomodation\":812778.92,\"Guesthouse\":893778.92,\"Homestay\":1028778.92,\"TwoStar\":1001778.92,\"ThreeStar\":1163778.92,\"FourStar\":1406778.92,\"FiveStar\":1622778.92},{\"vehicle\":\"Big Bus SHD\",\"user\":53,\"wnaCost\":170000,\"mealCostPerPerson\":33962.26,\"WithoutAccomodation\":808386.11,\"Guesthouse\":892952.15,\"Homestay\":1040688,\"TwoStar\":1002989.89,\"ThreeStar\":1170084.23,\"FourStar\":1419706.87,\"FiveStar\":1641820.08},{\"vehicle\":\"Big Bus SHD\",\"user\":54,\"wnaCost\":170000,\"mealCostPerPerson\":33333.33,\"WithoutAccomodation\":800156,\"Guesthouse\":881156,\"Homestay\":1032156,\"TwoStar\":989156,\"ThreeStar\":1151156,\"FourStar\":1394156,\"FiveStar\":1610156},{\"vehicle\":\"Big Bus SHD\",\"user\":55,\"wnaCost\":170000,\"mealCostPerPerson\":32727.27,\"WithoutAccomodation\":796152.44,\"Guesthouse\":880588.8,\"Homestay\":1015097.89,\"TwoStar\":990552.44,\"ThreeStar\":1157461.53,\"FourStar\":1406843.35,\"FiveStar\":1628734.25}]}]', '2025-01-30 20:09:09', '2025-01-30 20:09:09');
INSERT INTO `package_two_prices` (`id`, `package_two_day_id`, `price_data`, `created_at`, `updated_at`) VALUES
(29, 32, '[{\"Price Type\":\"Include Meal\",\"data\":[{\"Price Type\":\"Include Meal\"},{\"vehicle\":\"Avanza\",\"user\":1,\"wnaCost\":100000,\"mealCostPerPerson\":600000,\"WithoutAccomodation\":2799144,\"Guesthouse\":3069144,\"Homestay\":3879144,\"TwoStar\":3285144,\"ThreeStar\":3717144,\"FourStar\":4311144,\"FiveStar\":4851144},{\"vehicle\":\"Avanza\",\"user\":2,\"wnaCost\":100000,\"mealCostPerPerson\":450000,\"WithoutAccomodation\":1738152,\"Guesthouse\":1819152,\"Homestay\":2386152,\"TwoStar\":1927152,\"ThreeStar\":2089152,\"FourStar\":2332152,\"FiveStar\":2548152},{\"vehicle\":\"Avanza\",\"user\":3,\"wnaCost\":100000,\"mealCostPerPerson\":400000,\"WithoutAccomodation\":1456488,\"Guesthouse\":1600488,\"Homestay\":1726488,\"TwoStar\":1744488,\"ThreeStar\":1996488,\"FourStar\":2356488,\"FiveStar\":2680488},{\"vehicle\":\"Avanza\",\"user\":4,\"wnaCost\":100000,\"mealCostPerPerson\":375000,\"WithoutAccomodation\":1261656,\"Guesthouse\":1342656,\"Homestay\":1477656,\"TwoStar\":1450656,\"ThreeStar\":1612656,\"FourStar\":1855656,\"FiveStar\":2071656},{\"vehicle\":\"Avanza\",\"user\":5,\"wnaCost\":100000,\"mealCostPerPerson\":360000,\"WithoutAccomodation\":1187956.8,\"Guesthouse\":1306756.8,\"Homestay\":1576756.8,\"TwoStar\":1436356.8,\"ThreeStar\":1652356.8,\"FourStar\":1965556.8,\"FiveStar\":2246356.8},{\"vehicle\":\"Innova\",\"user\":6,\"wnaCost\":100000,\"mealCostPerPerson\":350000,\"WithoutAccomodation\":1174824,\"Guesthouse\":1255824,\"Homestay\":1534824,\"TwoStar\":1363824,\"ThreeStar\":1525824,\"FourStar\":1768824,\"FiveStar\":1984824},{\"vehicle\":\"Hiace Commuter\",\"user\":7,\"wnaCost\":100000,\"mealCostPerPerson\":385714.29,\"WithoutAccomodation\":1410757.71,\"Guesthouse\":1518757.71,\"Homestay\":1649900.57,\"TwoStar\":1642186.29,\"ThreeStar\":1842757.71,\"FourStar\":2135900.57,\"FiveStar\":2398186.29},{\"vehicle\":\"Hiace Commuter\",\"user\":8,\"wnaCost\":100000,\"mealCostPerPerson\":375000,\"WithoutAccomodation\":1319058,\"Guesthouse\":1400058,\"Homestay\":1535058,\"TwoStar\":1508058,\"ThreeStar\":1670058,\"FourStar\":1913058,\"FiveStar\":2129058},{\"vehicle\":\"Hiace Commuter\",\"user\":9,\"wnaCost\":100000,\"mealCostPerPerson\":366666.67,\"WithoutAccomodation\":1271736,\"Guesthouse\":1373736,\"Homestay\":1583736,\"TwoStar\":1493736,\"ThreeStar\":1685736,\"FourStar\":1967736,\"FiveStar\":2219736},{\"vehicle\":\"Hiace Commuter\",\"user\":10,\"wnaCost\":100000,\"mealCostPerPerson\":360000,\"WithoutAccomodation\":1212278.4,\"Guesthouse\":1293278.4,\"Homestay\":1514678.4,\"TwoStar\":1401278.4,\"ThreeStar\":1563278.4,\"FourStar\":1806278.4,\"FiveStar\":2022278.4},{\"vehicle\":\"Hiace Commuter\",\"user\":11,\"wnaCost\":100000,\"mealCostPerPerson\":354545.45,\"WithoutAccomodation\":1183267.64,\"Guesthouse\":1281449.45,\"Homestay\":1413994.91,\"TwoStar\":1399267.64,\"ThreeStar\":1585813.09,\"FourStar\":1860722.18,\"FiveStar\":2106176.73},{\"vehicle\":\"Hiace Commuter\",\"user\":12,\"wnaCost\":100000,\"mealCostPerPerson\":350000,\"WithoutAccomodation\":1141092,\"Guesthouse\":1222092,\"Homestay\":1357092,\"TwoStar\":1330092,\"ThreeStar\":1492092,\"FourStar\":1735092,\"FiveStar\":1951092},{\"vehicle\":\"Elf Giga\",\"user\":13,\"wnaCost\":100000,\"mealCostPerPerson\":369230.77,\"WithoutAccomodation\":1163558.77,\"Guesthouse\":1259097.23,\"Homestay\":1446020.31,\"TwoStar\":1375404.92,\"ThreeStar\":1558174.15,\"FourStar\":1828174.15,\"FiveStar\":2069097.23},{\"vehicle\":\"Elf Giga\",\"user\":14,\"wnaCost\":100000,\"mealCostPerPerson\":364285.71,\"WithoutAccomodation\":1128816,\"Guesthouse\":1209816,\"Homestay\":1406530.29,\"TwoStar\":1317816,\"ThreeStar\":1479816,\"FourStar\":1722816,\"FiveStar\":1938816},{\"vehicle\":\"Elf Giga\",\"user\":15,\"wnaCost\":100000,\"mealCostPerPerson\":360000,\"WithoutAccomodation\":1113105.6,\"Guesthouse\":1206705.6,\"Homestay\":1339905.6,\"TwoStar\":1321905.6,\"ThreeStar\":1501905.6,\"FourStar\":1768305.6,\"FiveStar\":2005905.6},{\"vehicle\":\"Elf Giga\",\"user\":16,\"wnaCost\":100000,\"mealCostPerPerson\":356250,\"WithoutAccomodation\":1085859,\"Guesthouse\":1166859,\"Homestay\":1301859,\"TwoStar\":1274859,\"ThreeStar\":1436859,\"FourStar\":1679859,\"FiveStar\":1895859},{\"vehicle\":\"Elf Giga\",\"user\":17,\"wnaCost\":100000,\"mealCostPerPerson\":352941.18,\"WithoutAccomodation\":1074523.76,\"Guesthouse\":1166641.41,\"Homestay\":1341347.29,\"TwoStar\":1280994.35,\"ThreeStar\":1458876.71,\"FourStar\":1722523.76,\"FiveStar\":1957582.59},{\"vehicle\":\"Medium Bus\",\"user\":18,\"wnaCost\":100000,\"mealCostPerPerson\":350000,\"WithoutAccomodation\":1164648,\"Guesthouse\":1245648,\"Homestay\":1428648,\"TwoStar\":1353648,\"ThreeStar\":1515648,\"FourStar\":1758648,\"FiveStar\":1974648},{\"vehicle\":\"Medium Bus\",\"user\":19,\"wnaCost\":100000,\"mealCostPerPerson\":363157.89,\"WithoutAccomodation\":1167411.79,\"Guesthouse\":1258359.16,\"Homestay\":1391938.11,\"TwoStar\":1372043.37,\"ThreeStar\":1548253.89,\"FourStar\":1809727.58,\"FiveStar\":2042780.21},{\"vehicle\":\"Medium Bus\",\"user\":20,\"wnaCost\":100000,\"mealCostPerPerson\":360000,\"WithoutAccomodation\":1385899.2,\"Guesthouse\":1466899.2,\"Homestay\":1601899.2,\"TwoStar\":1574899.2,\"ThreeStar\":1736899.2,\"FourStar\":1979899.2,\"FiveStar\":2195899.2},{\"vehicle\":\"Medium Bus\",\"user\":21,\"wnaCost\":100000,\"mealCostPerPerson\":357142.86,\"WithoutAccomodation\":1362435.43,\"Guesthouse\":1452435.43,\"Homestay\":1619578.29,\"TwoStar\":1565578.29,\"ThreeStar\":1740435.43,\"FourStar\":2000149.71,\"FiveStar\":2231578.29},{\"vehicle\":\"Medium Bus\",\"user\":22,\"wnaCost\":100000,\"mealCostPerPerson\":354545.45,\"WithoutAccomodation\":1331286.55,\"Guesthouse\":1412286.55,\"Homestay\":1586559.27,\"TwoStar\":1520286.55,\"ThreeStar\":1682286.55,\"FourStar\":1925286.55,\"FiveStar\":2141286.55},{\"vehicle\":\"Medium Bus\",\"user\":23,\"wnaCost\":100000,\"mealCostPerPerson\":352173.91,\"WithoutAccomodation\":1312237.57,\"Guesthouse\":1401454.96,\"Homestay\":1535281.04,\"TwoStar\":1514150.61,\"ThreeStar\":1687889.74,\"FourStar\":1946150.61,\"FiveStar\":2176237.57},{\"vehicle\":\"Medium Bus\",\"user\":24,\"wnaCost\":100000,\"mealCostPerPerson\":350000,\"WithoutAccomodation\":1285776,\"Guesthouse\":1366776,\"Homestay\":1501776,\"TwoStar\":1474776,\"ThreeStar\":1636776,\"FourStar\":1879776,\"FiveStar\":2095776},{\"vehicle\":\"Medium Bus\",\"user\":25,\"wnaCost\":100000,\"mealCostPerPerson\":348000,\"WithoutAccomodation\":1270071.36,\"Guesthouse\":1358631.36,\"Homestay\":1520631.36,\"TwoStar\":1470951.36,\"ThreeStar\":1643751.36,\"FourStar\":1900791.36,\"FiveStar\":2129751.36},{\"vehicle\":\"Medium Bus\",\"user\":26,\"wnaCost\":100000,\"mealCostPerPerson\":346153.85,\"WithoutAccomodation\":1247267.08,\"Guesthouse\":1328267.08,\"Homestay\":1496497.85,\"TwoStar\":1436267.08,\"ThreeStar\":1598267.08,\"FourStar\":1841267.08,\"FiveStar\":2057267.08},{\"vehicle\":\"Medium Bus\",\"user\":27,\"wnaCost\":100000,\"mealCostPerPerson\":344444.44,\"WithoutAccomodation\":1234152,\"Guesthouse\":1322152,\"Homestay\":1456152,\"TwoStar\":1434152,\"ThreeStar\":1606152,\"FourStar\":1862152,\"FiveStar\":2090152},{\"vehicle\":\"Medium Bus\",\"user\":28,\"wnaCost\":100000,\"mealCostPerPerson\":342857.14,\"WithoutAccomodation\":1214259.43,\"Guesthouse\":1295259.43,\"Homestay\":1430259.43,\"TwoStar\":1403259.43,\"ThreeStar\":1565259.43,\"FourStar\":1808259.43,\"FiveStar\":2024259.43},{\"vehicle\":\"Medium Bus\",\"user\":29,\"wnaCost\":100000,\"mealCostPerPerson\":341379.31,\"WithoutAccomodation\":1203187.03,\"Guesthouse\":1290704.28,\"Homestay\":1448980.14,\"TwoStar\":1402428.41,\"ThreeStar\":1573738.76,\"FourStar\":1828842.21,\"FiveStar\":2056014.62},{\"vehicle\":\"Medium Bus\",\"user\":30,\"wnaCost\":100000,\"mealCostPerPerson\":340000,\"WithoutAccomodation\":1185652.8,\"Guesthouse\":1266652.8,\"Homestay\":1430452.8,\"TwoStar\":1374652.8,\"ThreeStar\":1536652.8,\"FourStar\":1779652.8,\"FiveStar\":1995652.8},{\"vehicle\":\"Big Bus HD\",\"user\":31,\"wnaCost\":100000,\"mealCostPerPerson\":348387.1,\"WithoutAccomodation\":1290836.9,\"Guesthouse\":1377933.68,\"Homestay\":1512062.71,\"TwoStar\":1489417.55,\"ThreeStar\":1660127.23,\"FourStar\":1914449.81,\"FiveStar\":2140901.42},{\"vehicle\":\"Big Bus HD\",\"user\":32,\"wnaCost\":100000,\"mealCostPerPerson\":346875,\"WithoutAccomodation\":1271322,\"Guesthouse\":1352322,\"Homestay\":1487322,\"TwoStar\":1460322,\"ThreeStar\":1622322,\"FourStar\":1865322,\"FiveStar\":2081322},{\"vehicle\":\"Big Bus HD\",\"user\":33,\"wnaCost\":100000,\"mealCostPerPerson\":345454.55,\"WithoutAccomodation\":1259535.27,\"Guesthouse\":1346262.55,\"Homestay\":1501717.09,\"TwoStar\":1457535.27,\"ThreeStar\":1627717.09,\"FourStar\":1881353.45,\"FiveStar\":2107171.64},{\"vehicle\":\"Big Bus HD\",\"user\":34,\"wnaCost\":100000,\"mealCostPerPerson\":344117.65,\"WithoutAccomodation\":1242088.94,\"Guesthouse\":1323088.94,\"Homestay\":1483500.71,\"TwoStar\":1431088.94,\"ThreeStar\":1593088.94,\"FourStar\":1836088.94,\"FiveStar\":2052088.94},{\"vehicle\":\"Big Bus HD\",\"user\":35,\"wnaCost\":100000,\"mealCostPerPerson\":342857.14,\"WithoutAccomodation\":1231810.97,\"Guesthouse\":1318210.97,\"Homestay\":1452439.54,\"TwoStar\":1429296.69,\"ThreeStar\":1599010.97,\"FourStar\":1852039.54,\"FiveStar\":2077296.69},{\"vehicle\":\"Big Bus HD\",\"user\":36,\"wnaCost\":100000,\"mealCostPerPerson\":341666.67,\"WithoutAccomodation\":1216104,\"Guesthouse\":1297104,\"Homestay\":1432104,\"TwoStar\":1405104,\"ThreeStar\":1567104,\"FourStar\":1810104,\"FiveStar\":2026104},{\"vehicle\":\"Big Bus HD\",\"user\":37,\"wnaCost\":100000,\"mealCostPerPerson\":340540.54,\"WithoutAccomodation\":1207083.89,\"Guesthouse\":1293192,\"Homestay\":1446435.24,\"TwoStar\":1404110.92,\"ThreeStar\":1573408.22,\"FourStar\":1825894.7,\"FiveStar\":2050651.46},{\"vehicle\":\"Big Bus HD\",\"user\":38,\"wnaCost\":100000,\"mealCostPerPerson\":339473.68,\"WithoutAccomodation\":1192854.32,\"Guesthouse\":1273854.32,\"Homestay\":1431591.16,\"TwoStar\":1381854.32,\"ThreeStar\":1543854.32,\"FourStar\":1786854.32,\"FiveStar\":2002854.32},{\"vehicle\":\"Big Bus HD\",\"user\":39,\"wnaCost\":100000,\"mealCostPerPerson\":338461.54,\"WithoutAccomodation\":1184892.92,\"Guesthouse\":1270739.08,\"Homestay\":1405046.77,\"TwoStar\":1381508.31,\"ThreeStar\":1550431.38,\"FourStar\":1802431.38,\"FiveStar\":2026739.08},{\"vehicle\":\"Big Bus HD\",\"user\":40,\"wnaCost\":100000,\"mealCostPerPerson\":337500,\"WithoutAccomodation\":1171929.6,\"Guesthouse\":1252929.6,\"Homestay\":1387929.6,\"TwoStar\":1360929.6,\"ThreeStar\":1522929.6,\"FourStar\":1765929.6,\"FiveStar\":1981929.6},{\"vehicle\":\"Big Bus HD\",\"user\":41,\"wnaCost\":100000,\"mealCostPerPerson\":343902.44,\"WithoutAccomodation\":1172769.37,\"Guesthouse\":1258379.12,\"Homestay\":1409842.54,\"TwoStar\":1369013.27,\"ThreeStar\":1537598.63,\"FourStar\":1789159.61,\"FiveStar\":2013062.05},{\"vehicle\":\"Big Bus HD\",\"user\":42,\"wnaCost\":100000,\"mealCostPerPerson\":342857.14,\"WithoutAccomodation\":1160712,\"Guesthouse\":1241712,\"Homestay\":1397283.43,\"TwoStar\":1349712,\"ThreeStar\":1511712,\"FourStar\":1754712,\"FiveStar\":1970712},{\"vehicle\":\"Big Bus HD\",\"user\":43,\"wnaCost\":100000,\"mealCostPerPerson\":341860.47,\"WithoutAccomodation\":1154238.7,\"Guesthouse\":1239634.05,\"Homestay\":1374006.14,\"TwoStar\":1350145.67,\"ThreeStar\":1518424.74,\"FourStar\":1769587.53,\"FiveStar\":1993122.42},{\"vehicle\":\"Big Bus HD\",\"user\":44,\"wnaCost\":100000,\"mealCostPerPerson\":340909.09,\"WithoutAccomodation\":1143150.55,\"Guesthouse\":1224150.55,\"Homestay\":1359150.55,\"TwoStar\":1332150.55,\"ThreeStar\":1494150.55,\"FourStar\":1737150.55,\"FiveStar\":1953150.55},{\"vehicle\":\"Big Bus HD\",\"user\":45,\"wnaCost\":100000,\"mealCostPerPerson\":340000,\"WithoutAccomodation\":1137355.2,\"Guesthouse\":1222555.2,\"Homestay\":1372555.2,\"TwoStar\":1332955.2,\"ThreeStar\":1500955.2,\"FourStar\":1751755.2,\"FiveStar\":1974955.2},{\"vehicle\":\"Big Bus SHD\",\"user\":46,\"wnaCost\":100000,\"mealCostPerPerson\":339130.43,\"WithoutAccomodation\":1159985.74,\"Guesthouse\":1240985.74,\"Homestay\":1394768.35,\"TwoStar\":1348985.74,\"ThreeStar\":1510985.74,\"FourStar\":1753985.74,\"FiveStar\":1969985.74},{\"vehicle\":\"Big Bus SHD\",\"user\":47,\"wnaCost\":100000,\"mealCostPerPerson\":338297.87,\"WithoutAccomodation\":1154078.81,\"Guesthouse\":1239100.09,\"Homestay\":1373525.62,\"TwoStar\":1349397.96,\"ThreeStar\":1517142.64,\"FourStar\":1767610.72,\"FiveStar\":1990504.34},{\"vehicle\":\"Big Bus SHD\",\"user\":48,\"wnaCost\":100000,\"mealCostPerPerson\":337500,\"WithoutAccomodation\":1143918,\"Guesthouse\":1224918,\"Homestay\":1359918,\"TwoStar\":1332918,\"ThreeStar\":1494918,\"FourStar\":1737918,\"FiveStar\":1953918},{\"vehicle\":\"Big Bus SHD\",\"user\":49,\"wnaCost\":100000,\"mealCostPerPerson\":336734.69,\"WithoutAccomodation\":1138580.08,\"Guesthouse\":1223437.22,\"Homestay\":1372212.73,\"TwoStar\":1333641.31,\"ThreeStar\":1501151.51,\"FourStar\":1751314.78,\"FiveStar\":1973927.02},{\"vehicle\":\"Big Bus SHD\",\"user\":50,\"wnaCost\":100000,\"mealCostPerPerson\":336000,\"WithoutAccomodation\":1129135.68,\"Guesthouse\":1210135.68,\"Homestay\":1362415.68,\"TwoStar\":1318135.68,\"ThreeStar\":1480135.68,\"FourStar\":1723135.68,\"FiveStar\":1939135.68},{\"vehicle\":\"Big Bus SHD\",\"user\":51,\"wnaCost\":100000,\"mealCostPerPerson\":335294.12,\"WithoutAccomodation\":1124296.94,\"Guesthouse\":1209002.82,\"Homestay\":1343473.41,\"TwoStar\":1319120.47,\"ThreeStar\":1486414.59,\"FourStar\":1736296.94,\"FiveStar\":1958649.88},{\"vehicle\":\"Big Bus SHD\",\"user\":52,\"wnaCost\":100000,\"mealCostPerPerson\":334615.38,\"WithoutAccomodation\":1115490.46,\"Guesthouse\":1196490.46,\"Homestay\":1331490.46,\"TwoStar\":1304490.46,\"ThreeStar\":1466490.46,\"FourStar\":1709490.46,\"FiveStar\":1925490.46},{\"vehicle\":\"Big Bus SHD\",\"user\":53,\"wnaCost\":100000,\"mealCostPerPerson\":333962.26,\"WithoutAccomodation\":1111091.77,\"Guesthouse\":1195657.81,\"Homestay\":1343393.66,\"TwoStar\":1305695.55,\"ThreeStar\":1472789.89,\"FourStar\":1722412.53,\"FiveStar\":1944525.74},{\"vehicle\":\"Big Bus SHD\",\"user\":54,\"wnaCost\":100000,\"mealCostPerPerson\":333333.33,\"WithoutAccomodation\":1102856,\"Guesthouse\":1183856,\"Homestay\":1334856,\"TwoStar\":1291856,\"ThreeStar\":1453856,\"FourStar\":1696856,\"FiveStar\":1912856},{\"vehicle\":\"Big Bus SHD\",\"user\":55,\"wnaCost\":100000,\"mealCostPerPerson\":332727.27,\"WithoutAccomodation\":1098846.98,\"Guesthouse\":1183283.35,\"Homestay\":1317792.44,\"TwoStar\":1293246.98,\"ThreeStar\":1460156.07,\"FourStar\":1709537.89,\"FiveStar\":1931428.8}]},{\"Price Type\":\"Exclude Meal\",\"data\":[{\"Price Type\":\"Exclude Meal\"},{\"vehicle\":\"Avanza\",\"user\":1,\"wnaCost\":100000,\"mealCostPerPerson\":300000,\"WithoutAccomodation\":2475144,\"Guesthouse\":2745144,\"Homestay\":3555144,\"TwoStar\":2961144,\"ThreeStar\":3393144,\"FourStar\":3987144,\"FiveStar\":4527144},{\"vehicle\":\"Avanza\",\"user\":2,\"wnaCost\":100000,\"mealCostPerPerson\":150000,\"WithoutAccomodation\":1414152,\"Guesthouse\":1495152,\"Homestay\":2062152,\"TwoStar\":1603152,\"ThreeStar\":1765152,\"FourStar\":2008152,\"FiveStar\":2224152},{\"vehicle\":\"Avanza\",\"user\":3,\"wnaCost\":100000,\"mealCostPerPerson\":100000,\"WithoutAccomodation\":1132488,\"Guesthouse\":1276488,\"Homestay\":1402488,\"TwoStar\":1420488,\"ThreeStar\":1672488,\"FourStar\":2032488,\"FiveStar\":2356488},{\"vehicle\":\"Avanza\",\"user\":4,\"wnaCost\":100000,\"mealCostPerPerson\":75000,\"WithoutAccomodation\":937656,\"Guesthouse\":1018656,\"Homestay\":1153656,\"TwoStar\":1126656,\"ThreeStar\":1288656,\"FourStar\":1531656,\"FiveStar\":1747656},{\"vehicle\":\"Avanza\",\"user\":5,\"wnaCost\":100000,\"mealCostPerPerson\":60000,\"WithoutAccomodation\":863956.8,\"Guesthouse\":982756.8,\"Homestay\":1252756.8,\"TwoStar\":1112356.8,\"ThreeStar\":1328356.8,\"FourStar\":1641556.8,\"FiveStar\":1922356.8},{\"vehicle\":\"Innova\",\"user\":6,\"wnaCost\":100000,\"mealCostPerPerson\":50000,\"WithoutAccomodation\":850824,\"Guesthouse\":931824,\"Homestay\":1210824,\"TwoStar\":1039824,\"ThreeStar\":1201824,\"FourStar\":1444824,\"FiveStar\":1660824},{\"vehicle\":\"Hiace Commuter\",\"user\":7,\"wnaCost\":100000,\"mealCostPerPerson\":85714.29,\"WithoutAccomodation\":1086757.71,\"Guesthouse\":1194757.71,\"Homestay\":1325900.57,\"TwoStar\":1318186.29,\"ThreeStar\":1518757.71,\"FourStar\":1811900.57,\"FiveStar\":2074186.29},{\"vehicle\":\"Hiace Commuter\",\"user\":8,\"wnaCost\":100000,\"mealCostPerPerson\":75000,\"WithoutAccomodation\":995058,\"Guesthouse\":1076058,\"Homestay\":1211058,\"TwoStar\":1184058,\"ThreeStar\":1346058,\"FourStar\":1589058,\"FiveStar\":1805058},{\"vehicle\":\"Hiace Commuter\",\"user\":9,\"wnaCost\":100000,\"mealCostPerPerson\":66666.67,\"WithoutAccomodation\":947736,\"Guesthouse\":1049736,\"Homestay\":1259736,\"TwoStar\":1169736,\"ThreeStar\":1361736,\"FourStar\":1643736,\"FiveStar\":1895736},{\"vehicle\":\"Hiace Commuter\",\"user\":10,\"wnaCost\":100000,\"mealCostPerPerson\":60000,\"WithoutAccomodation\":888278.4,\"Guesthouse\":969278.4,\"Homestay\":1190678.4,\"TwoStar\":1077278.4,\"ThreeStar\":1239278.4,\"FourStar\":1482278.4,\"FiveStar\":1698278.4},{\"vehicle\":\"Hiace Commuter\",\"user\":11,\"wnaCost\":100000,\"mealCostPerPerson\":54545.45,\"WithoutAccomodation\":859267.64,\"Guesthouse\":957449.45,\"Homestay\":1089994.91,\"TwoStar\":1075267.64,\"ThreeStar\":1261813.09,\"FourStar\":1536722.18,\"FiveStar\":1782176.73},{\"vehicle\":\"Hiace Commuter\",\"user\":12,\"wnaCost\":100000,\"mealCostPerPerson\":50000,\"WithoutAccomodation\":817092,\"Guesthouse\":898092,\"Homestay\":1033092,\"TwoStar\":1006092,\"ThreeStar\":1168092,\"FourStar\":1411092,\"FiveStar\":1627092},{\"vehicle\":\"Elf Giga\",\"user\":13,\"wnaCost\":100000,\"mealCostPerPerson\":69230.77,\"WithoutAccomodation\":839558.77,\"Guesthouse\":935097.23,\"Homestay\":1122020.31,\"TwoStar\":1051404.92,\"ThreeStar\":1234174.15,\"FourStar\":1504174.15,\"FiveStar\":1745097.23},{\"vehicle\":\"Elf Giga\",\"user\":14,\"wnaCost\":100000,\"mealCostPerPerson\":64285.71,\"WithoutAccomodation\":804816,\"Guesthouse\":885816,\"Homestay\":1082530.29,\"TwoStar\":993816,\"ThreeStar\":1155816,\"FourStar\":1398816,\"FiveStar\":1614816},{\"vehicle\":\"Elf Giga\",\"user\":15,\"wnaCost\":100000,\"mealCostPerPerson\":60000,\"WithoutAccomodation\":789105.6,\"Guesthouse\":882705.6,\"Homestay\":1015905.6,\"TwoStar\":997905.6,\"ThreeStar\":1177905.6,\"FourStar\":1444305.6,\"FiveStar\":1681905.6},{\"vehicle\":\"Elf Giga\",\"user\":16,\"wnaCost\":100000,\"mealCostPerPerson\":56250,\"WithoutAccomodation\":761859,\"Guesthouse\":842859,\"Homestay\":977859,\"TwoStar\":950859,\"ThreeStar\":1112859,\"FourStar\":1355859,\"FiveStar\":1571859},{\"vehicle\":\"Elf Giga\",\"user\":17,\"wnaCost\":100000,\"mealCostPerPerson\":52941.18,\"WithoutAccomodation\":750523.76,\"Guesthouse\":842641.41,\"Homestay\":1017347.29,\"TwoStar\":956994.35,\"ThreeStar\":1134876.71,\"FourStar\":1398523.76,\"FiveStar\":1633582.59},{\"vehicle\":\"Medium Bus\",\"user\":18,\"wnaCost\":100000,\"mealCostPerPerson\":50000,\"WithoutAccomodation\":840648,\"Guesthouse\":921648,\"Homestay\":1104648,\"TwoStar\":1029648,\"ThreeStar\":1191648,\"FourStar\":1434648,\"FiveStar\":1650648},{\"vehicle\":\"Medium Bus\",\"user\":19,\"wnaCost\":100000,\"mealCostPerPerson\":63157.89,\"WithoutAccomodation\":843411.79,\"Guesthouse\":934359.16,\"Homestay\":1067938.11,\"TwoStar\":1048043.37,\"ThreeStar\":1224253.89,\"FourStar\":1485727.58,\"FiveStar\":1718780.21},{\"vehicle\":\"Medium Bus\",\"user\":20,\"wnaCost\":100000,\"mealCostPerPerson\":60000,\"WithoutAccomodation\":1061899.2,\"Guesthouse\":1142899.2,\"Homestay\":1277899.2,\"TwoStar\":1250899.2,\"ThreeStar\":1412899.2,\"FourStar\":1655899.2,\"FiveStar\":1871899.2},{\"vehicle\":\"Medium Bus\",\"user\":21,\"wnaCost\":100000,\"mealCostPerPerson\":57142.86,\"WithoutAccomodation\":1038435.43,\"Guesthouse\":1128435.43,\"Homestay\":1295578.29,\"TwoStar\":1241578.29,\"ThreeStar\":1416435.43,\"FourStar\":1676149.71,\"FiveStar\":1907578.29},{\"vehicle\":\"Medium Bus\",\"user\":22,\"wnaCost\":100000,\"mealCostPerPerson\":54545.45,\"WithoutAccomodation\":1007286.55,\"Guesthouse\":1088286.55,\"Homestay\":1262559.27,\"TwoStar\":1196286.55,\"ThreeStar\":1358286.55,\"FourStar\":1601286.55,\"FiveStar\":1817286.55},{\"vehicle\":\"Medium Bus\",\"user\":23,\"wnaCost\":100000,\"mealCostPerPerson\":52173.91,\"WithoutAccomodation\":988237.57,\"Guesthouse\":1077454.96,\"Homestay\":1211281.04,\"TwoStar\":1190150.61,\"ThreeStar\":1363889.74,\"FourStar\":1622150.61,\"FiveStar\":1852237.57},{\"vehicle\":\"Medium Bus\",\"user\":24,\"wnaCost\":100000,\"mealCostPerPerson\":50000,\"WithoutAccomodation\":961776,\"Guesthouse\":1042776,\"Homestay\":1177776,\"TwoStar\":1150776,\"ThreeStar\":1312776,\"FourStar\":1555776,\"FiveStar\":1771776},{\"vehicle\":\"Medium Bus\",\"user\":25,\"wnaCost\":100000,\"mealCostPerPerson\":48000,\"WithoutAccomodation\":946071.36,\"Guesthouse\":1034631.36,\"Homestay\":1196631.36,\"TwoStar\":1146951.36,\"ThreeStar\":1319751.36,\"FourStar\":1576791.36,\"FiveStar\":1805751.36},{\"vehicle\":\"Medium Bus\",\"user\":26,\"wnaCost\":100000,\"mealCostPerPerson\":46153.85,\"WithoutAccomodation\":923267.08,\"Guesthouse\":1004267.08,\"Homestay\":1172497.85,\"TwoStar\":1112267.08,\"ThreeStar\":1274267.08,\"FourStar\":1517267.08,\"FiveStar\":1733267.08},{\"vehicle\":\"Medium Bus\",\"user\":27,\"wnaCost\":100000,\"mealCostPerPerson\":44444.44,\"WithoutAccomodation\":910152,\"Guesthouse\":998152,\"Homestay\":1132152,\"TwoStar\":1110152,\"ThreeStar\":1282152,\"FourStar\":1538152,\"FiveStar\":1766152},{\"vehicle\":\"Medium Bus\",\"user\":28,\"wnaCost\":100000,\"mealCostPerPerson\":42857.14,\"WithoutAccomodation\":890259.43,\"Guesthouse\":971259.43,\"Homestay\":1106259.43,\"TwoStar\":1079259.43,\"ThreeStar\":1241259.43,\"FourStar\":1484259.43,\"FiveStar\":1700259.43},{\"vehicle\":\"Medium Bus\",\"user\":29,\"wnaCost\":100000,\"mealCostPerPerson\":41379.31,\"WithoutAccomodation\":879187.03,\"Guesthouse\":966704.28,\"Homestay\":1124980.14,\"TwoStar\":1078428.41,\"ThreeStar\":1249738.76,\"FourStar\":1504842.21,\"FiveStar\":1732014.62},{\"vehicle\":\"Medium Bus\",\"user\":30,\"wnaCost\":100000,\"mealCostPerPerson\":40000,\"WithoutAccomodation\":861652.8,\"Guesthouse\":942652.8,\"Homestay\":1106452.8,\"TwoStar\":1050652.8,\"ThreeStar\":1212652.8,\"FourStar\":1455652.8,\"FiveStar\":1671652.8},{\"vehicle\":\"Big Bus HD\",\"user\":31,\"wnaCost\":100000,\"mealCostPerPerson\":48387.1,\"WithoutAccomodation\":966836.9,\"Guesthouse\":1053933.68,\"Homestay\":1188062.71,\"TwoStar\":1165417.55,\"ThreeStar\":1336127.23,\"FourStar\":1590449.81,\"FiveStar\":1816901.42},{\"vehicle\":\"Big Bus HD\",\"user\":32,\"wnaCost\":100000,\"mealCostPerPerson\":46875,\"WithoutAccomodation\":947322,\"Guesthouse\":1028322,\"Homestay\":1163322,\"TwoStar\":1136322,\"ThreeStar\":1298322,\"FourStar\":1541322,\"FiveStar\":1757322},{\"vehicle\":\"Big Bus HD\",\"user\":33,\"wnaCost\":100000,\"mealCostPerPerson\":45454.55,\"WithoutAccomodation\":935535.27,\"Guesthouse\":1022262.55,\"Homestay\":1177717.09,\"TwoStar\":1133535.27,\"ThreeStar\":1303717.09,\"FourStar\":1557353.45,\"FiveStar\":1783171.64},{\"vehicle\":\"Big Bus HD\",\"user\":34,\"wnaCost\":100000,\"mealCostPerPerson\":44117.65,\"WithoutAccomodation\":918088.94,\"Guesthouse\":999088.94,\"Homestay\":1159500.71,\"TwoStar\":1107088.94,\"ThreeStar\":1269088.94,\"FourStar\":1512088.94,\"FiveStar\":1728088.94},{\"vehicle\":\"Big Bus HD\",\"user\":35,\"wnaCost\":100000,\"mealCostPerPerson\":42857.14,\"WithoutAccomodation\":907810.97,\"Guesthouse\":994210.97,\"Homestay\":1128439.54,\"TwoStar\":1105296.69,\"ThreeStar\":1275010.97,\"FourStar\":1528039.54,\"FiveStar\":1753296.69},{\"vehicle\":\"Big Bus HD\",\"user\":36,\"wnaCost\":100000,\"mealCostPerPerson\":41666.67,\"WithoutAccomodation\":892104,\"Guesthouse\":973104,\"Homestay\":1108104,\"TwoStar\":1081104,\"ThreeStar\":1243104,\"FourStar\":1486104,\"FiveStar\":1702104},{\"vehicle\":\"Big Bus HD\",\"user\":37,\"wnaCost\":100000,\"mealCostPerPerson\":40540.54,\"WithoutAccomodation\":883083.89,\"Guesthouse\":969192,\"Homestay\":1122435.24,\"TwoStar\":1080110.92,\"ThreeStar\":1249408.22,\"FourStar\":1501894.7,\"FiveStar\":1726651.46},{\"vehicle\":\"Big Bus HD\",\"user\":38,\"wnaCost\":100000,\"mealCostPerPerson\":39473.68,\"WithoutAccomodation\":868854.32,\"Guesthouse\":949854.32,\"Homestay\":1107591.16,\"TwoStar\":1057854.32,\"ThreeStar\":1219854.32,\"FourStar\":1462854.32,\"FiveStar\":1678854.32},{\"vehicle\":\"Big Bus HD\",\"user\":39,\"wnaCost\":100000,\"mealCostPerPerson\":38461.54,\"WithoutAccomodation\":860892.92,\"Guesthouse\":946739.08,\"Homestay\":1081046.77,\"TwoStar\":1057508.31,\"ThreeStar\":1226431.38,\"FourStar\":1478431.38,\"FiveStar\":1702739.08},{\"vehicle\":\"Big Bus HD\",\"user\":40,\"wnaCost\":100000,\"mealCostPerPerson\":37500,\"WithoutAccomodation\":847929.6,\"Guesthouse\":928929.6,\"Homestay\":1063929.6,\"TwoStar\":1036929.6,\"ThreeStar\":1198929.6,\"FourStar\":1441929.6,\"FiveStar\":1657929.6},{\"vehicle\":\"Big Bus HD\",\"user\":41,\"wnaCost\":100000,\"mealCostPerPerson\":43902.44,\"WithoutAccomodation\":848769.37,\"Guesthouse\":934379.12,\"Homestay\":1085842.54,\"TwoStar\":1045013.27,\"ThreeStar\":1213598.63,\"FourStar\":1465159.61,\"FiveStar\":1689062.05},{\"vehicle\":\"Big Bus HD\",\"user\":42,\"wnaCost\":100000,\"mealCostPerPerson\":42857.14,\"WithoutAccomodation\":836712,\"Guesthouse\":917712,\"Homestay\":1073283.43,\"TwoStar\":1025712,\"ThreeStar\":1187712,\"FourStar\":1430712,\"FiveStar\":1646712},{\"vehicle\":\"Big Bus HD\",\"user\":43,\"wnaCost\":100000,\"mealCostPerPerson\":41860.47,\"WithoutAccomodation\":830238.7,\"Guesthouse\":915634.05,\"Homestay\":1050006.14,\"TwoStar\":1026145.67,\"ThreeStar\":1194424.74,\"FourStar\":1445587.53,\"FiveStar\":1669122.42},{\"vehicle\":\"Big Bus HD\",\"user\":44,\"wnaCost\":100000,\"mealCostPerPerson\":40909.09,\"WithoutAccomodation\":819150.55,\"Guesthouse\":900150.55,\"Homestay\":1035150.55,\"TwoStar\":1008150.55,\"ThreeStar\":1170150.55,\"FourStar\":1413150.55,\"FiveStar\":1629150.55},{\"vehicle\":\"Big Bus HD\",\"user\":45,\"wnaCost\":100000,\"mealCostPerPerson\":40000,\"WithoutAccomodation\":813355.2,\"Guesthouse\":898555.2,\"Homestay\":1048555.2,\"TwoStar\":1008955.2,\"ThreeStar\":1176955.2,\"FourStar\":1427755.2,\"FiveStar\":1650955.2},{\"vehicle\":\"Big Bus SHD\",\"user\":46,\"wnaCost\":100000,\"mealCostPerPerson\":39130.43,\"WithoutAccomodation\":835985.74,\"Guesthouse\":916985.74,\"Homestay\":1070768.35,\"TwoStar\":1024985.74,\"ThreeStar\":1186985.74,\"FourStar\":1429985.74,\"FiveStar\":1645985.74},{\"vehicle\":\"Big Bus SHD\",\"user\":47,\"wnaCost\":100000,\"mealCostPerPerson\":38297.87,\"WithoutAccomodation\":830078.81,\"Guesthouse\":915100.09,\"Homestay\":1049525.62,\"TwoStar\":1025397.96,\"ThreeStar\":1193142.64,\"FourStar\":1443610.72,\"FiveStar\":1666504.34},{\"vehicle\":\"Big Bus SHD\",\"user\":48,\"wnaCost\":100000,\"mealCostPerPerson\":37500,\"WithoutAccomodation\":819918,\"Guesthouse\":900918,\"Homestay\":1035918,\"TwoStar\":1008918,\"ThreeStar\":1170918,\"FourStar\":1413918,\"FiveStar\":1629918},{\"vehicle\":\"Big Bus SHD\",\"user\":49,\"wnaCost\":100000,\"mealCostPerPerson\":36734.69,\"WithoutAccomodation\":814580.08,\"Guesthouse\":899437.22,\"Homestay\":1048212.73,\"TwoStar\":1009641.31,\"ThreeStar\":1177151.51,\"FourStar\":1427314.78,\"FiveStar\":1649927.02},{\"vehicle\":\"Big Bus SHD\",\"user\":50,\"wnaCost\":100000,\"mealCostPerPerson\":36000,\"WithoutAccomodation\":805135.68,\"Guesthouse\":886135.68,\"Homestay\":1038415.68,\"TwoStar\":994135.68,\"ThreeStar\":1156135.68,\"FourStar\":1399135.68,\"FiveStar\":1615135.68},{\"vehicle\":\"Big Bus SHD\",\"user\":51,\"wnaCost\":100000,\"mealCostPerPerson\":35294.12,\"WithoutAccomodation\":800296.94,\"Guesthouse\":885002.82,\"Homestay\":1019473.41,\"TwoStar\":995120.47,\"ThreeStar\":1162414.59,\"FourStar\":1412296.94,\"FiveStar\":1634649.88},{\"vehicle\":\"Big Bus SHD\",\"user\":52,\"wnaCost\":100000,\"mealCostPerPerson\":34615.38,\"WithoutAccomodation\":791490.46,\"Guesthouse\":872490.46,\"Homestay\":1007490.46,\"TwoStar\":980490.46,\"ThreeStar\":1142490.46,\"FourStar\":1385490.46,\"FiveStar\":1601490.46},{\"vehicle\":\"Big Bus SHD\",\"user\":53,\"wnaCost\":100000,\"mealCostPerPerson\":33962.26,\"WithoutAccomodation\":787091.77,\"Guesthouse\":871657.81,\"Homestay\":1019393.66,\"TwoStar\":981695.55,\"ThreeStar\":1148789.89,\"FourStar\":1398412.53,\"FiveStar\":1620525.74},{\"vehicle\":\"Big Bus SHD\",\"user\":54,\"wnaCost\":100000,\"mealCostPerPerson\":33333.33,\"WithoutAccomodation\":778856,\"Guesthouse\":859856,\"Homestay\":1010856,\"TwoStar\":967856,\"ThreeStar\":1129856,\"FourStar\":1372856,\"FiveStar\":1588856},{\"vehicle\":\"Big Bus SHD\",\"user\":55,\"wnaCost\":100000,\"mealCostPerPerson\":32727.27,\"WithoutAccomodation\":774846.98,\"Guesthouse\":859283.35,\"Homestay\":993792.44,\"TwoStar\":969246.98,\"ThreeStar\":1136156.07,\"FourStar\":1385537.89,\"FiveStar\":1607428.8}]}]', '2025-01-30 20:11:56', '2025-01-30 20:11:56');
INSERT INTO `package_two_prices` (`id`, `package_two_day_id`, `price_data`, `created_at`, `updated_at`) VALUES
(34, 37, '[{\"Price Type\":\"Include Meal\",\"data\":[{\"Price Type\":\"Include Meal\"},{\"vehicle\":\"Avanza\",\"user\":1,\"wnaCost\":30000,\"mealCostPerPerson\":600000,\"Cottage\":4510944,\"Homestay\":5752944,\"ThreeStar\":3268944,\"Guesthouse\":3052944,\"WithoutAccomodation\":2836944},{\"vehicle\":\"Avanza\",\"user\":2,\"wnaCost\":30000,\"mealCostPerPerson\":450000,\"Cottage\":2577312,\"Homestay\":3198312,\"ThreeStar\":1848312,\"Guesthouse\":1767312,\"WithoutAccomodation\":1686312},{\"vehicle\":\"Avanza\",\"user\":3,\"wnaCost\":30000,\"mealCostPerPerson\":400000,\"Cottage\":1932768,\"Homestay\":2346768,\"ThreeStar\":1680768,\"Guesthouse\":1554768,\"WithoutAccomodation\":1428768},{\"vehicle\":\"Avanza\",\"user\":4,\"wnaCost\":30000,\"mealCostPerPerson\":375000,\"Cottage\":1610496,\"Homestay\":1920996,\"ThreeStar\":1367496,\"Guesthouse\":1286496,\"WithoutAccomodation\":1205496},{\"vehicle\":\"Avanza\",\"user\":5,\"wnaCost\":30000,\"mealCostPerPerson\":360000,\"Cottage\":1417132.8,\"Homestay\":1665532.8,\"ThreeStar\":1363132.8,\"Guesthouse\":1255132.8,\"WithoutAccomodation\":1147132.8},{\"vehicle\":\"Innova\",\"user\":6,\"wnaCost\":30000,\"mealCostPerPerson\":350000,\"Cottage\":1360224,\"Homestay\":1567224,\"ThreeStar\":1279224,\"Guesthouse\":1198224,\"WithoutAccomodation\":1117224},{\"vehicle\":\"Hiace Commuter\",\"user\":7,\"wnaCost\":30000,\"mealCostPerPerson\":385714.29,\"Cottage\":1523232,\"Homestay\":1700660.57,\"ThreeStar\":1554089.14,\"Guesthouse\":1453803.43,\"WithoutAccomodation\":1353517.71},{\"vehicle\":\"Hiace Commuter\",\"user\":8,\"wnaCost\":30000,\"mealCostPerPerson\":375000,\"Cottage\":1413288,\"Homestay\":1568538,\"ThreeStar\":1413288,\"Guesthouse\":1332288,\"WithoutAccomodation\":1251288},{\"vehicle\":\"Hiace Commuter\",\"user\":9,\"wnaCost\":30000,\"mealCostPerPerson\":366666.67,\"Cottage\":1345776,\"Homestay\":1465776,\"ThreeStar\":1405776,\"Guesthouse\":1309776,\"WithoutAccomodation\":1213776},{\"vehicle\":\"Hiace Commuter\",\"user\":10,\"wnaCost\":30000,\"mealCostPerPerson\":360000,\"Cottage\":1291766.4,\"Homestay\":1383566.4,\"ThreeStar\":1307966.4,\"Guesthouse\":1226966.4,\"WithoutAccomodation\":1145966.4},{\"vehicle\":\"Hiace Commuter\",\"user\":11,\"wnaCost\":30000,\"mealCostPerPerson\":354545.45,\"Cottage\":1380122.18,\"Homestay\":1316304,\"ThreeStar\":1311394.91,\"Guesthouse\":1218122.18,\"WithoutAccomodation\":1124849.45},{\"vehicle\":\"Hiace Commuter\",\"user\":12,\"wnaCost\":30000,\"mealCostPerPerson\":350000,\"Cottage\":1318752,\"Homestay\":1260252,\"ThreeStar\":1237752,\"Guesthouse\":1156752,\"WithoutAccomodation\":1075752},{\"vehicle\":\"Elf Giga\",\"user\":13,\"wnaCost\":30000,\"mealCostPerPerson\":369230.77,\"Cottage\":1308361.85,\"Homestay\":1254361.85,\"ThreeStar\":1287592.62,\"Guesthouse\":1196208,\"WithoutAccomodation\":1104823.38},{\"vehicle\":\"Elf Giga\",\"user\":14,\"wnaCost\":30000,\"mealCostPerPerson\":364285.71,\"Cottage\":1260884.57,\"Homestay\":1210741.71,\"ThreeStar\":1226170.29,\"Guesthouse\":1145170.29,\"WithoutAccomodation\":1064170.29},{\"vehicle\":\"Elf Giga\",\"user\":15,\"wnaCost\":30000,\"mealCostPerPerson\":360000,\"Cottage\":1219737.6,\"Homestay\":1172937.6,\"ThreeStar\":1234137.6,\"Guesthouse\":1144137.6,\"WithoutAccomodation\":1054137.6},{\"vehicle\":\"Elf Giga\",\"user\":16,\"wnaCost\":30000,\"mealCostPerPerson\":356250,\"Cottage\":1183734,\"Homestay\":1139859,\"ThreeStar\":1183734,\"Guesthouse\":1102734,\"WithoutAccomodation\":1021734},{\"vehicle\":\"Elf Giga\",\"user\":17,\"wnaCost\":30000,\"mealCostPerPerson\":352941.18,\"Cottage\":1161495.53,\"Homestay\":1110672,\"ThreeStar\":1193260.24,\"Guesthouse\":1104319.06,\"WithoutAccomodation\":1015377.88},{\"vehicle\":\"Medium Bus\",\"user\":18,\"wnaCost\":30000,\"mealCostPerPerson\":350000,\"Cottage\":1253328,\"Homestay\":1196328,\"ThreeStar\":1262328,\"Guesthouse\":1181328,\"WithoutAccomodation\":1100328},{\"vehicle\":\"Medium Bus\",\"user\":19,\"wnaCost\":30000,\"mealCostPerPerson\":363157.89,\"Cottage\":1323557.05,\"Homestay\":1184293.89,\"ThreeStar\":1283767.58,\"Guesthouse\":1195662.32,\"WithoutAccomodation\":1107557.05},{\"vehicle\":\"Medium Bus\",\"user\":20,\"wnaCost\":30000,\"mealCostPerPerson\":360000,\"Cottage\":1289563.2,\"Homestay\":1157263.2,\"ThreeStar\":1240963.2,\"Guesthouse\":1159963.2,\"WithoutAccomodation\":1078963.2},{\"vehicle\":\"Medium Bus\",\"user\":21,\"wnaCost\":30000,\"mealCostPerPerson\":357142.86,\"Cottage\":1258806.86,\"Homestay\":1132806.86,\"ThreeStar\":1245949.71,\"Guesthouse\":1158521.14,\"WithoutAccomodation\":1071092.57},{\"vehicle\":\"Medium Bus\",\"user\":22,\"wnaCost\":30000,\"mealCostPerPerson\":354545.45,\"Cottage\":1230846.55,\"Homestay\":1110573.82,\"ThreeStar\":1208755.64,\"Guesthouse\":1127755.64,\"WithoutAccomodation\":1046755.64},{\"vehicle\":\"Medium Bus\",\"user\":23,\"wnaCost\":30000,\"mealCostPerPerson\":352173.91,\"Cottage\":1205317.57,\"Homestay\":1090274.09,\"ThreeStar\":1214708.87,\"Guesthouse\":1127839.3,\"WithoutAccomodation\":1040969.74},{\"vehicle\":\"Medium Bus\",\"user\":24,\"wnaCost\":30000,\"mealCostPerPerson\":350000,\"Cottage\":1181916,\"Homestay\":1071666,\"ThreeStar\":1181916,\"Guesthouse\":1100916,\"WithoutAccomodation\":1019916},{\"vehicle\":\"Medium Bus\",\"user\":25,\"wnaCost\":30000,\"mealCostPerPerson\":348000,\"Cottage\":1166866.56,\"Homestay\":1054546.56,\"ThreeStar\":1188466.56,\"Guesthouse\":1102066.56,\"WithoutAccomodation\":1015666.56},{\"vehicle\":\"Medium Bus\",\"user\":26,\"wnaCost\":30000,\"mealCostPerPerson\":346153.85,\"Cottage\":1152974.77,\"Homestay\":1044974.77,\"ThreeStar\":1159205.54,\"Guesthouse\":1078205.54,\"WithoutAccomodation\":997205.54},{\"vehicle\":\"Medium Bus\",\"user\":27,\"wnaCost\":30000,\"mealCostPerPerson\":344444.44,\"Cottage\":1194112,\"Homestay\":1036112,\"ThreeStar\":1166112,\"Guesthouse\":1080112,\"WithoutAccomodation\":994112},{\"vehicle\":\"Medium Bus\",\"user\":28,\"wnaCost\":30000,\"mealCostPerPerson\":342857.14,\"Cottage\":1174453.71,\"Homestay\":1124310.86,\"ThreeStar\":1139739.43,\"Guesthouse\":1058739.43,\"WithoutAccomodation\":977739.43},{\"vehicle\":\"Medium Bus\",\"user\":29,\"wnaCost\":30000,\"mealCostPerPerson\":341379.31,\"Cottage\":1156151.17,\"Homestay\":1107737.38,\"ThreeStar\":1146840.83,\"Guesthouse\":1061185.66,\"WithoutAccomodation\":975530.48},{\"vehicle\":\"Medium Bus\",\"user\":30,\"wnaCost\":30000,\"mealCostPerPerson\":340000,\"Cottage\":1139068.8,\"Homestay\":1092268.8,\"ThreeStar\":1122868.8,\"Guesthouse\":1041868.8,\"WithoutAccomodation\":960868.8},{\"vehicle\":\"Big Bus HD\",\"user\":31,\"wnaCost\":30000,\"mealCostPerPerson\":348387.1,\"Cottage\":1206353.03,\"Homestay\":1161062.71,\"ThreeStar\":1213320.77,\"Guesthouse\":1127965.94,\"WithoutAccomodation\":1042611.1},{\"vehicle\":\"Big Bus HD\",\"user\":32,\"wnaCost\":30000,\"mealCostPerPerson\":346875,\"Cottage\":1188432,\"Homestay\":1144557,\"ThreeStar\":1188432,\"Guesthouse\":1107432,\"WithoutAccomodation\":1026432},{\"vehicle\":\"Big Bus HD\",\"user\":33,\"wnaCost\":30000,\"mealCostPerPerson\":345454.55,\"Cottage\":1176506.18,\"Homestay\":1129051.64,\"ThreeStar\":1192869.82,\"Guesthouse\":1107778.91,\"WithoutAccomodation\":1022688},{\"vehicle\":\"Big Bus HD\",\"user\":34,\"wnaCost\":30000,\"mealCostPerPerson\":344117.65,\"Cottage\":1165281.88,\"Homestay\":1114458.35,\"ThreeStar\":1170046.59,\"Guesthouse\":1089046.59,\"WithoutAccomodation\":1008046.59},{\"vehicle\":\"Big Bus HD\",\"user\":35,\"wnaCost\":30000,\"mealCostPerPerson\":342857.14,\"Cottage\":1196356.11,\"Homestay\":1100698.97,\"ThreeStar\":1174756.11,\"Guesthouse\":1089898.97,\"WithoutAccomodation\":1005041.83},{\"vehicle\":\"Big Bus HD\",\"user\":36,\"wnaCost\":30000,\"mealCostPerPerson\":341666.67,\"Cottage\":1180704,\"Homestay\":1087704,\"ThreeStar\":1153704,\"Guesthouse\":1072704,\"WithoutAccomodation\":991704},{\"vehicle\":\"Big Bus HD\",\"user\":37,\"wnaCost\":30000,\"mealCostPerPerson\":340540.54,\"Cottage\":1165897.95,\"Homestay\":1075411.46,\"ThreeStar\":1158600.65,\"Guesthouse\":1073952,\"WithoutAccomodation\":989303.35},{\"vehicle\":\"Big Bus HD\",\"user\":38,\"wnaCost\":30000,\"mealCostPerPerson\":339473.68,\"Cottage\":1151871.16,\"Homestay\":1063765.89,\"ThreeStar\":1139081.68,\"Guesthouse\":1058081.68,\"WithoutAccomodation\":977081.68},{\"vehicle\":\"Big Bus HD\",\"user\":39,\"wnaCost\":30000,\"mealCostPerPerson\":338461.54,\"Cottage\":1138563.69,\"Homestay\":1052717.54,\"ThreeStar\":1144102.15,\"Guesthouse\":1059640.62,\"WithoutAccomodation\":975179.08},{\"vehicle\":\"Big Bus HD\",\"user\":40,\"wnaCost\":30000,\"mealCostPerPerson\":337500,\"Cottage\":1125921.6,\"Homestay\":1042221.6,\"ThreeStar\":1125921.6,\"Guesthouse\":1044921.6,\"WithoutAccomodation\":963921.6},{\"vehicle\":\"Big Bus HD\",\"user\":41,\"wnaCost\":30000,\"mealCostPerPerson\":343902.44,\"Cottage\":1125749.85,\"Homestay\":1040140.1,\"ThreeStar\":1138920.59,\"Guesthouse\":1054627.9,\"WithoutAccomodation\":970335.22},{\"vehicle\":\"Big Bus HD\",\"user\":42,\"wnaCost\":30000,\"mealCostPerPerson\":342857.14,\"Cottage\":1117872,\"Homestay\":1030443.43,\"ThreeStar\":1121729.14,\"Guesthouse\":1040729.14,\"WithoutAccomodation\":959729.14},{\"vehicle\":\"Big Bus HD\",\"user\":43,\"wnaCost\":30000,\"mealCostPerPerson\":341860.47,\"Cottage\":1144267.53,\"Homestay\":1021197.77,\"ThreeStar\":1126686.14,\"Guesthouse\":1042546.6,\"WithoutAccomodation\":958407.07},{\"vehicle\":\"Big Bus HD\",\"user\":44,\"wnaCost\":30000,\"mealCostPerPerson\":340909.09,\"Cottage\":1132645.09,\"Homestay\":1012372.36,\"ThreeStar\":1110554.18,\"Guesthouse\":1029554.18,\"WithoutAccomodation\":948554.18},{\"vehicle\":\"Big Bus HD\",\"user\":45,\"wnaCost\":30000,\"mealCostPerPerson\":340000,\"Cottage\":1121539.2,\"Homestay\":1003939.2,\"ThreeStar\":1115539.2,\"Guesthouse\":1031539.2,\"WithoutAccomodation\":947539.2},{\"vehicle\":\"Big Bus SHD\",\"user\":46,\"wnaCost\":30000,\"mealCostPerPerson\":339130.43,\"Cottage\":1143785.74,\"Homestay\":1028742.26,\"ThreeStar\":1133220.52,\"Guesthouse\":1052220.52,\"WithoutAccomodation\":971220.52},{\"vehicle\":\"Big Bus SHD\",\"user\":47,\"wnaCost\":30000,\"mealCostPerPerson\":338297.87,\"Cottage\":1132915.4,\"Homestay\":1020319.66,\"ThreeStar\":1137511.15,\"Guesthouse\":1053638.81,\"WithoutAccomodation\":969766.47},{\"vehicle\":\"Big Bus SHD\",\"user\":48,\"wnaCost\":30000,\"mealCostPerPerson\":337500,\"Cottage\":1122498,\"Homestay\":1012248,\"ThreeStar\":1122498,\"Guesthouse\":1041498,\"WithoutAccomodation\":960498},{\"vehicle\":\"Big Bus SHD\",\"user\":49,\"wnaCost\":30000,\"mealCostPerPerson\":336734.69,\"Cottage\":1115811.92,\"Homestay\":1004505.8,\"ThreeStar\":1126832.33,\"Guesthouse\":1043077.22,\"WithoutAccomodation\":959322.12},{\"vehicle\":\"Big Bus SHD\",\"user\":50,\"wnaCost\":30000,\"mealCostPerPerson\":336000,\"Cottage\":1109393.28,\"Homestay\":997073.28,\"ThreeStar\":1112633.28,\"Guesthouse\":1031633.28,\"WithoutAccomodation\":950633.28},{\"vehicle\":\"Big Bus SHD\",\"user\":51,\"wnaCost\":30000,\"mealCostPerPerson\":335294.12,\"Cottage\":1131814.59,\"Homestay\":993108.71,\"ThreeStar\":1116991.06,\"Guesthouse\":1033344,\"WithoutAccomodation\":949696.94},{\"vehicle\":\"Big Bus SHD\",\"user\":52,\"wnaCost\":30000,\"mealCostPerPerson\":334615.38,\"Cottage\":1122219.69,\"Homestay\":989296.62,\"ThreeStar\":1103527.38,\"Guesthouse\":1022527.38,\"WithoutAccomodation\":941527.38},{\"vehicle\":\"Big Bus SHD\",\"user\":53,\"wnaCost\":30000,\"mealCostPerPerson\":333962.26,\"Cottage\":1112986.87,\"Homestay\":1036571.77,\"ThreeStar\":1107892.53,\"Guesthouse\":1024345.36,\"WithoutAccomodation\":940798.19},{\"vehicle\":\"Big Bus SHD\",\"user\":54,\"wnaCost\":30000,\"mealCostPerPerson\":333333.33,\"Cottage\":1104096,\"Homestay\":1029096,\"ThreeStar\":1095096,\"Guesthouse\":1014096,\"WithoutAccomodation\":933096},{\"vehicle\":\"Big Bus SHD\",\"user\":55,\"wnaCost\":30000,\"mealCostPerPerson\":332727.27,\"Cottage\":1095528.44,\"Homestay\":1021892.07,\"ThreeStar\":1099455.71,\"Guesthouse\":1016001.16,\"WithoutAccomodation\":932546.62}]},{\"Price Type\":\"Exclude Meal\",\"data\":[{\"Price Type\":\"Exclude Meal\"},{\"vehicle\":\"Avanza\",\"user\":1,\"wnaCost\":30000,\"mealCostPerPerson\":300000,\"Cottage\":4186944,\"Homestay\":5428944,\"ThreeStar\":2944944,\"Guesthouse\":2728944,\"WithoutAccomodation\":2512944},{\"vehicle\":\"Avanza\",\"user\":2,\"wnaCost\":30000,\"mealCostPerPerson\":150000,\"Cottage\":2253312,\"Homestay\":2874312,\"ThreeStar\":1524312,\"Guesthouse\":1443312,\"WithoutAccomodation\":1362312},{\"vehicle\":\"Avanza\",\"user\":3,\"wnaCost\":30000,\"mealCostPerPerson\":100000,\"Cottage\":1608768,\"Homestay\":2022768,\"ThreeStar\":1356768,\"Guesthouse\":1230768,\"WithoutAccomodation\":1104768},{\"vehicle\":\"Avanza\",\"user\":4,\"wnaCost\":30000,\"mealCostPerPerson\":75000,\"Cottage\":1286496,\"Homestay\":1596996,\"ThreeStar\":1043496,\"Guesthouse\":962496,\"WithoutAccomodation\":881496},{\"vehicle\":\"Avanza\",\"user\":5,\"wnaCost\":30000,\"mealCostPerPerson\":60000,\"Cottage\":1093132.8,\"Homestay\":1341532.8,\"ThreeStar\":1039132.8,\"Guesthouse\":931132.8,\"WithoutAccomodation\":823132.8},{\"vehicle\":\"Innova\",\"user\":6,\"wnaCost\":30000,\"mealCostPerPerson\":50000,\"Cottage\":1036224,\"Homestay\":1243224,\"ThreeStar\":955224,\"Guesthouse\":874224,\"WithoutAccomodation\":793224},{\"vehicle\":\"Hiace Commuter\",\"user\":7,\"wnaCost\":30000,\"mealCostPerPerson\":85714.29,\"Cottage\":1199232,\"Homestay\":1376660.57,\"ThreeStar\":1230089.14,\"Guesthouse\":1129803.43,\"WithoutAccomodation\":1029517.71},{\"vehicle\":\"Hiace Commuter\",\"user\":8,\"wnaCost\":30000,\"mealCostPerPerson\":75000,\"Cottage\":1089288,\"Homestay\":1244538,\"ThreeStar\":1089288,\"Guesthouse\":1008288,\"WithoutAccomodation\":927288},{\"vehicle\":\"Hiace Commuter\",\"user\":9,\"wnaCost\":30000,\"mealCostPerPerson\":66666.67,\"Cottage\":1021776,\"Homestay\":1141776,\"ThreeStar\":1081776,\"Guesthouse\":985776,\"WithoutAccomodation\":889776},{\"vehicle\":\"Hiace Commuter\",\"user\":10,\"wnaCost\":30000,\"mealCostPerPerson\":60000,\"Cottage\":967766.4,\"Homestay\":1059566.4,\"ThreeStar\":983966.4,\"Guesthouse\":902966.4,\"WithoutAccomodation\":821966.4},{\"vehicle\":\"Hiace Commuter\",\"user\":11,\"wnaCost\":30000,\"mealCostPerPerson\":54545.45,\"Cottage\":1056122.18,\"Homestay\":992304,\"ThreeStar\":987394.91,\"Guesthouse\":894122.18,\"WithoutAccomodation\":800849.45},{\"vehicle\":\"Hiace Commuter\",\"user\":12,\"wnaCost\":30000,\"mealCostPerPerson\":50000,\"Cottage\":994752,\"Homestay\":936252,\"ThreeStar\":913752,\"Guesthouse\":832752,\"WithoutAccomodation\":751752},{\"vehicle\":\"Elf Giga\",\"user\":13,\"wnaCost\":30000,\"mealCostPerPerson\":69230.77,\"Cottage\":984361.85,\"Homestay\":930361.85,\"ThreeStar\":963592.62,\"Guesthouse\":872208,\"WithoutAccomodation\":780823.38},{\"vehicle\":\"Elf Giga\",\"user\":14,\"wnaCost\":30000,\"mealCostPerPerson\":64285.71,\"Cottage\":936884.57,\"Homestay\":886741.71,\"ThreeStar\":902170.29,\"Guesthouse\":821170.29,\"WithoutAccomodation\":740170.29},{\"vehicle\":\"Elf Giga\",\"user\":15,\"wnaCost\":30000,\"mealCostPerPerson\":60000,\"Cottage\":895737.6,\"Homestay\":848937.6,\"ThreeStar\":910137.6,\"Guesthouse\":820137.6,\"WithoutAccomodation\":730137.6},{\"vehicle\":\"Elf Giga\",\"user\":16,\"wnaCost\":30000,\"mealCostPerPerson\":56250,\"Cottage\":859734,\"Homestay\":815859,\"ThreeStar\":859734,\"Guesthouse\":778734,\"WithoutAccomodation\":697734},{\"vehicle\":\"Elf Giga\",\"user\":17,\"wnaCost\":30000,\"mealCostPerPerson\":52941.18,\"Cottage\":837495.53,\"Homestay\":786672,\"ThreeStar\":869260.24,\"Guesthouse\":780319.06,\"WithoutAccomodation\":691377.88},{\"vehicle\":\"Medium Bus\",\"user\":18,\"wnaCost\":30000,\"mealCostPerPerson\":50000,\"Cottage\":929328,\"Homestay\":872328,\"ThreeStar\":938328,\"Guesthouse\":857328,\"WithoutAccomodation\":776328},{\"vehicle\":\"Medium Bus\",\"user\":19,\"wnaCost\":30000,\"mealCostPerPerson\":63157.89,\"Cottage\":999557.05,\"Homestay\":860293.89,\"ThreeStar\":959767.58,\"Guesthouse\":871662.32,\"WithoutAccomodation\":783557.05},{\"vehicle\":\"Medium Bus\",\"user\":20,\"wnaCost\":30000,\"mealCostPerPerson\":60000,\"Cottage\":965563.2,\"Homestay\":833263.2,\"ThreeStar\":916963.2,\"Guesthouse\":835963.2,\"WithoutAccomodation\":754963.2},{\"vehicle\":\"Medium Bus\",\"user\":21,\"wnaCost\":30000,\"mealCostPerPerson\":57142.86,\"Cottage\":934806.86,\"Homestay\":808806.86,\"ThreeStar\":921949.71,\"Guesthouse\":834521.14,\"WithoutAccomodation\":747092.57},{\"vehicle\":\"Medium Bus\",\"user\":22,\"wnaCost\":30000,\"mealCostPerPerson\":54545.45,\"Cottage\":906846.55,\"Homestay\":786573.82,\"ThreeStar\":884755.64,\"Guesthouse\":803755.64,\"WithoutAccomodation\":722755.64},{\"vehicle\":\"Medium Bus\",\"user\":23,\"wnaCost\":30000,\"mealCostPerPerson\":52173.91,\"Cottage\":881317.57,\"Homestay\":766274.09,\"ThreeStar\":890708.87,\"Guesthouse\":803839.3,\"WithoutAccomodation\":716969.74},{\"vehicle\":\"Medium Bus\",\"user\":24,\"wnaCost\":30000,\"mealCostPerPerson\":50000,\"Cottage\":857916,\"Homestay\":747666,\"ThreeStar\":857916,\"Guesthouse\":776916,\"WithoutAccomodation\":695916},{\"vehicle\":\"Medium Bus\",\"user\":25,\"wnaCost\":30000,\"mealCostPerPerson\":48000,\"Cottage\":842866.56,\"Homestay\":730546.56,\"ThreeStar\":864466.56,\"Guesthouse\":778066.56,\"WithoutAccomodation\":691666.56},{\"vehicle\":\"Medium Bus\",\"user\":26,\"wnaCost\":30000,\"mealCostPerPerson\":46153.85,\"Cottage\":828974.77,\"Homestay\":720974.77,\"ThreeStar\":835205.54,\"Guesthouse\":754205.54,\"WithoutAccomodation\":673205.54},{\"vehicle\":\"Medium Bus\",\"user\":27,\"wnaCost\":30000,\"mealCostPerPerson\":44444.44,\"Cottage\":870112,\"Homestay\":712112,\"ThreeStar\":842112,\"Guesthouse\":756112,\"WithoutAccomodation\":670112},{\"vehicle\":\"Medium Bus\",\"user\":28,\"wnaCost\":30000,\"mealCostPerPerson\":42857.14,\"Cottage\":850453.71,\"Homestay\":800310.86,\"ThreeStar\":815739.43,\"Guesthouse\":734739.43,\"WithoutAccomodation\":653739.43},{\"vehicle\":\"Medium Bus\",\"user\":29,\"wnaCost\":30000,\"mealCostPerPerson\":41379.31,\"Cottage\":832151.17,\"Homestay\":783737.38,\"ThreeStar\":822840.83,\"Guesthouse\":737185.66,\"WithoutAccomodation\":651530.48},{\"vehicle\":\"Medium Bus\",\"user\":30,\"wnaCost\":30000,\"mealCostPerPerson\":40000,\"Cottage\":815068.8,\"Homestay\":768268.8,\"ThreeStar\":798868.8,\"Guesthouse\":717868.8,\"WithoutAccomodation\":636868.8},{\"vehicle\":\"Big Bus HD\",\"user\":31,\"wnaCost\":30000,\"mealCostPerPerson\":48387.1,\"Cottage\":882353.03,\"Homestay\":837062.71,\"ThreeStar\":889320.77,\"Guesthouse\":803965.94,\"WithoutAccomodation\":718611.1},{\"vehicle\":\"Big Bus HD\",\"user\":32,\"wnaCost\":30000,\"mealCostPerPerson\":46875,\"Cottage\":864432,\"Homestay\":820557,\"ThreeStar\":864432,\"Guesthouse\":783432,\"WithoutAccomodation\":702432},{\"vehicle\":\"Big Bus HD\",\"user\":33,\"wnaCost\":30000,\"mealCostPerPerson\":45454.55,\"Cottage\":852506.18,\"Homestay\":805051.64,\"ThreeStar\":868869.82,\"Guesthouse\":783778.91,\"WithoutAccomodation\":698688},{\"vehicle\":\"Big Bus HD\",\"user\":34,\"wnaCost\":30000,\"mealCostPerPerson\":44117.65,\"Cottage\":841281.88,\"Homestay\":790458.35,\"ThreeStar\":846046.59,\"Guesthouse\":765046.59,\"WithoutAccomodation\":684046.59},{\"vehicle\":\"Big Bus HD\",\"user\":35,\"wnaCost\":30000,\"mealCostPerPerson\":42857.14,\"Cottage\":872356.11,\"Homestay\":776698.97,\"ThreeStar\":850756.11,\"Guesthouse\":765898.97,\"WithoutAccomodation\":681041.83},{\"vehicle\":\"Big Bus HD\",\"user\":36,\"wnaCost\":30000,\"mealCostPerPerson\":41666.67,\"Cottage\":856704,\"Homestay\":763704,\"ThreeStar\":829704,\"Guesthouse\":748704,\"WithoutAccomodation\":667704},{\"vehicle\":\"Big Bus HD\",\"user\":37,\"wnaCost\":30000,\"mealCostPerPerson\":40540.54,\"Cottage\":841897.95,\"Homestay\":751411.46,\"ThreeStar\":834600.65,\"Guesthouse\":749952,\"WithoutAccomodation\":665303.35},{\"vehicle\":\"Big Bus HD\",\"user\":38,\"wnaCost\":30000,\"mealCostPerPerson\":39473.68,\"Cottage\":827871.16,\"Homestay\":739765.89,\"ThreeStar\":815081.68,\"Guesthouse\":734081.68,\"WithoutAccomodation\":653081.68},{\"vehicle\":\"Big Bus HD\",\"user\":39,\"wnaCost\":30000,\"mealCostPerPerson\":38461.54,\"Cottage\":814563.69,\"Homestay\":728717.54,\"ThreeStar\":820102.15,\"Guesthouse\":735640.62,\"WithoutAccomodation\":651179.08},{\"vehicle\":\"Big Bus HD\",\"user\":40,\"wnaCost\":30000,\"mealCostPerPerson\":37500,\"Cottage\":801921.6,\"Homestay\":718221.6,\"ThreeStar\":801921.6,\"Guesthouse\":720921.6,\"WithoutAccomodation\":639921.6},{\"vehicle\":\"Big Bus HD\",\"user\":41,\"wnaCost\":30000,\"mealCostPerPerson\":43902.44,\"Cottage\":801749.85,\"Homestay\":716140.1,\"ThreeStar\":814920.59,\"Guesthouse\":730627.9,\"WithoutAccomodation\":646335.22},{\"vehicle\":\"Big Bus HD\",\"user\":42,\"wnaCost\":30000,\"mealCostPerPerson\":42857.14,\"Cottage\":793872,\"Homestay\":706443.43,\"ThreeStar\":797729.14,\"Guesthouse\":716729.14,\"WithoutAccomodation\":635729.14},{\"vehicle\":\"Big Bus HD\",\"user\":43,\"wnaCost\":30000,\"mealCostPerPerson\":41860.47,\"Cottage\":820267.53,\"Homestay\":697197.77,\"ThreeStar\":802686.14,\"Guesthouse\":718546.6,\"WithoutAccomodation\":634407.07},{\"vehicle\":\"Big Bus HD\",\"user\":44,\"wnaCost\":30000,\"mealCostPerPerson\":40909.09,\"Cottage\":808645.09,\"Homestay\":688372.36,\"ThreeStar\":786554.18,\"Guesthouse\":705554.18,\"WithoutAccomodation\":624554.18},{\"vehicle\":\"Big Bus HD\",\"user\":45,\"wnaCost\":30000,\"mealCostPerPerson\":40000,\"Cottage\":797539.2,\"Homestay\":679939.2,\"ThreeStar\":791539.2,\"Guesthouse\":707539.2,\"WithoutAccomodation\":623539.2},{\"vehicle\":\"Big Bus SHD\",\"user\":46,\"wnaCost\":30000,\"mealCostPerPerson\":39130.43,\"Cottage\":819785.74,\"Homestay\":704742.26,\"ThreeStar\":809220.52,\"Guesthouse\":728220.52,\"WithoutAccomodation\":647220.52},{\"vehicle\":\"Big Bus SHD\",\"user\":47,\"wnaCost\":30000,\"mealCostPerPerson\":38297.87,\"Cottage\":808915.4,\"Homestay\":696319.66,\"ThreeStar\":813511.15,\"Guesthouse\":729638.81,\"WithoutAccomodation\":645766.47},{\"vehicle\":\"Big Bus SHD\",\"user\":48,\"wnaCost\":30000,\"mealCostPerPerson\":37500,\"Cottage\":798498,\"Homestay\":688248,\"ThreeStar\":798498,\"Guesthouse\":717498,\"WithoutAccomodation\":636498},{\"vehicle\":\"Big Bus SHD\",\"user\":49,\"wnaCost\":30000,\"mealCostPerPerson\":36734.69,\"Cottage\":791811.92,\"Homestay\":680505.8,\"ThreeStar\":802832.33,\"Guesthouse\":719077.22,\"WithoutAccomodation\":635322.12},{\"vehicle\":\"Big Bus SHD\",\"user\":50,\"wnaCost\":30000,\"mealCostPerPerson\":36000,\"Cottage\":785393.28,\"Homestay\":673073.28,\"ThreeStar\":788633.28,\"Guesthouse\":707633.28,\"WithoutAccomodation\":626633.28},{\"vehicle\":\"Big Bus SHD\",\"user\":51,\"wnaCost\":30000,\"mealCostPerPerson\":35294.12,\"Cottage\":807814.59,\"Homestay\":669108.71,\"ThreeStar\":792991.06,\"Guesthouse\":709344,\"WithoutAccomodation\":625696.94},{\"vehicle\":\"Big Bus SHD\",\"user\":52,\"wnaCost\":30000,\"mealCostPerPerson\":34615.38,\"Cottage\":798219.69,\"Homestay\":665296.62,\"ThreeStar\":779527.38,\"Guesthouse\":698527.38,\"WithoutAccomodation\":617527.38},{\"vehicle\":\"Big Bus SHD\",\"user\":53,\"wnaCost\":30000,\"mealCostPerPerson\":33962.26,\"Cottage\":788986.87,\"Homestay\":712571.77,\"ThreeStar\":783892.53,\"Guesthouse\":700345.36,\"WithoutAccomodation\":616798.19},{\"vehicle\":\"Big Bus SHD\",\"user\":54,\"wnaCost\":30000,\"mealCostPerPerson\":33333.33,\"Cottage\":780096,\"Homestay\":705096,\"ThreeStar\":771096,\"Guesthouse\":690096,\"WithoutAccomodation\":609096},{\"vehicle\":\"Big Bus SHD\",\"user\":55,\"wnaCost\":30000,\"mealCostPerPerson\":32727.27,\"Cottage\":771528.44,\"Homestay\":697892.07,\"ThreeStar\":775455.71,\"Guesthouse\":692001.16,\"WithoutAccomodation\":608546.62}]}]', '2025-02-02 04:03:45', '2025-02-02 04:03:45');
INSERT INTO `package_two_prices` (`id`, `package_two_day_id`, `price_data`, `created_at`, `updated_at`) VALUES
(35, 38, '[{\"Price Type\":\"Include Meal\",\"data\":[{\"Price Type\":\"Include Meal\"},{\"vehicle\":\"Avanza\",\"user\":1,\"wnaCost\":410000,\"mealCostPerPerson\":600000,\"WithoutAccomodation\":2772144,\"Guesthouse\":3042144,\"Homestay\":3690144,\"TwoStar\":3258144,\"ThreeStar\":3690144,\"FourStar\":4284144,\"FiveStar\":4824144},{\"vehicle\":\"Avanza\",\"user\":2,\"wnaCost\":410000,\"mealCostPerPerson\":450000,\"WithoutAccomodation\":1708452,\"Guesthouse\":1789452,\"Homestay\":2194452,\"TwoStar\":1897452,\"ThreeStar\":2059452,\"FourStar\":2302452,\"FiveStar\":2518452},{\"vehicle\":\"Avanza\",\"user\":3,\"wnaCost\":410000,\"mealCostPerPerson\":400000,\"WithoutAccomodation\":1425888,\"Guesthouse\":1569888,\"Homestay\":1695888,\"TwoStar\":1713888,\"ThreeStar\":1965888,\"FourStar\":2325888,\"FiveStar\":2649888},{\"vehicle\":\"Avanza\",\"user\":4,\"wnaCost\":410000,\"mealCostPerPerson\":375000,\"WithoutAccomodation\":1230606,\"Guesthouse\":1311606,\"Homestay\":1446606,\"TwoStar\":1419606,\"ThreeStar\":1581606,\"FourStar\":1824606,\"FiveStar\":2040606},{\"vehicle\":\"Avanza\",\"user\":5,\"wnaCost\":410000,\"mealCostPerPerson\":360000,\"WithoutAccomodation\":1156636.8,\"Guesthouse\":1275436.8,\"Homestay\":1329436.8,\"TwoStar\":1405036.8,\"ThreeStar\":1621036.8,\"FourStar\":1934236.8,\"FiveStar\":2215036.8},{\"vehicle\":\"Innova\",\"user\":6,\"wnaCost\":410000,\"mealCostPerPerson\":350000,\"WithoutAccomodation\":1143324,\"Guesthouse\":1224324,\"Homestay\":1323324,\"TwoStar\":1332324,\"ThreeStar\":1494324,\"FourStar\":1737324,\"FiveStar\":1953324},{\"vehicle\":\"Hiace Commuter\",\"user\":7,\"wnaCost\":410000,\"mealCostPerPerson\":385714.29,\"WithoutAccomodation\":1382214.86,\"Guesthouse\":1490214.86,\"Homestay\":1621357.71,\"TwoStar\":1613643.43,\"ThreeStar\":1814214.86,\"FourStar\":2107357.71,\"FiveStar\":2369643.43},{\"vehicle\":\"Hiace Commuter\",\"user\":8,\"wnaCost\":410000,\"mealCostPerPerson\":375000,\"WithoutAccomodation\":1290033,\"Guesthouse\":1371033,\"Homestay\":1506033,\"TwoStar\":1479033,\"ThreeStar\":1641033,\"FourStar\":1884033,\"FiveStar\":2100033},{\"vehicle\":\"Hiace Commuter\",\"user\":9,\"wnaCost\":410000,\"mealCostPerPerson\":366666.67,\"WithoutAccomodation\":1242336,\"Guesthouse\":1344336,\"Homestay\":1434336,\"TwoStar\":1464336,\"ThreeStar\":1656336,\"FourStar\":1938336,\"FiveStar\":2190336},{\"vehicle\":\"Hiace Commuter\",\"user\":10,\"wnaCost\":410000,\"mealCostPerPerson\":360000,\"WithoutAccomodation\":1182578.4,\"Guesthouse\":1263578.4,\"Homestay\":1376978.4,\"TwoStar\":1371578.4,\"ThreeStar\":1533578.4,\"FourStar\":1776578.4,\"FiveStar\":1992578.4},{\"vehicle\":\"Hiace Commuter\",\"user\":11,\"wnaCost\":410000,\"mealCostPerPerson\":354545.45,\"WithoutAccomodation\":1153322.18,\"Guesthouse\":1251504,\"Homestay\":1384049.45,\"TwoStar\":1369322.18,\"ThreeStar\":1555867.64,\"FourStar\":1830776.73,\"FiveStar\":2076231.27},{\"vehicle\":\"Hiace Commuter\",\"user\":12,\"wnaCost\":410000,\"mealCostPerPerson\":350000,\"WithoutAccomodation\":1110942,\"Guesthouse\":1191942,\"Homestay\":1326942,\"TwoStar\":1299942,\"ThreeStar\":1461942,\"FourStar\":1704942,\"FiveStar\":1920942},{\"vehicle\":\"Elf Giga\",\"user\":13,\"wnaCost\":410000,\"mealCostPerPerson\":369230.77,\"WithoutAccomodation\":1133235.69,\"Guesthouse\":1228774.15,\"Homestay\":1332620.31,\"TwoStar\":1345081.85,\"ThreeStar\":1527851.08,\"FourStar\":1797851.08,\"FiveStar\":2038774.15},{\"vehicle\":\"Elf Giga\",\"user\":14,\"wnaCost\":410000,\"mealCostPerPerson\":364285.71,\"WithoutAccomodation\":1098344.57,\"Guesthouse\":1179344.57,\"Homestay\":1298916,\"TwoStar\":1287344.57,\"ThreeStar\":1449344.57,\"FourStar\":1692344.57,\"FiveStar\":1908344.57},{\"vehicle\":\"Elf Giga\",\"user\":15,\"wnaCost\":410000,\"mealCostPerPerson\":360000,\"WithoutAccomodation\":1082505.6,\"Guesthouse\":1176105.6,\"Homestay\":1309305.6,\"TwoStar\":1291305.6,\"ThreeStar\":1471305.6,\"FourStar\":1737705.6,\"FiveStar\":1975305.6},{\"vehicle\":\"Elf Giga\",\"user\":16,\"wnaCost\":410000,\"mealCostPerPerson\":356250,\"WithoutAccomodation\":1055146.5,\"Guesthouse\":1136146.5,\"Homestay\":1271146.5,\"TwoStar\":1244146.5,\"ThreeStar\":1406146.5,\"FourStar\":1649146.5,\"FiveStar\":1865146.5},{\"vehicle\":\"Elf Giga\",\"user\":17,\"wnaCost\":410000,\"mealCostPerPerson\":352941.18,\"WithoutAccomodation\":1043712,\"Guesthouse\":1135829.65,\"Homestay\":1247006.12,\"TwoStar\":1250182.59,\"ThreeStar\":1428064.94,\"FourStar\":1691712,\"FiveStar\":1926770.82},{\"vehicle\":\"Medium Bus\",\"user\":18,\"wnaCost\":410000,\"mealCostPerPerson\":350000,\"WithoutAccomodation\":1135548,\"Guesthouse\":1216548,\"Homestay\":1339548,\"TwoStar\":1324548,\"ThreeStar\":1486548,\"FourStar\":1729548,\"FiveStar\":1945548},{\"vehicle\":\"Medium Bus\",\"user\":19,\"wnaCost\":410000,\"mealCostPerPerson\":363157.89,\"WithoutAccomodation\":1138138.11,\"Guesthouse\":1229085.47,\"Homestay\":1362664.42,\"TwoStar\":1342769.68,\"ThreeStar\":1518980.21,\"FourStar\":1780453.89,\"FiveStar\":2013506.53},{\"vehicle\":\"Medium Bus\",\"user\":20,\"wnaCost\":410000,\"mealCostPerPerson\":360000,\"WithoutAccomodation\":1356469.2,\"Guesthouse\":1437469.2,\"Homestay\":1572469.2,\"TwoStar\":1545469.2,\"ThreeStar\":1707469.2,\"FourStar\":1950469.2,\"FiveStar\":2166469.2},{\"vehicle\":\"Medium Bus\",\"user\":21,\"wnaCost\":410000,\"mealCostPerPerson\":357142.86,\"WithoutAccomodation\":1332864,\"Guesthouse\":1422864,\"Homestay\":1538578.29,\"TwoStar\":1536006.86,\"ThreeStar\":1710864,\"FourStar\":1970578.29,\"FiveStar\":2202006.86},{\"vehicle\":\"Medium Bus\",\"user\":22,\"wnaCost\":410000,\"mealCostPerPerson\":354545.45,\"WithoutAccomodation\":1301586.55,\"Guesthouse\":1382586.55,\"Homestay\":1507768.36,\"TwoStar\":1490586.55,\"ThreeStar\":1652586.55,\"FourStar\":1895586.55,\"FiveStar\":2111586.55},{\"vehicle\":\"Medium Bus\",\"user\":23,\"wnaCost\":410000,\"mealCostPerPerson\":352173.91,\"WithoutAccomodation\":1282420.17,\"Guesthouse\":1371637.57,\"Homestay\":1505463.65,\"TwoStar\":1484333.22,\"ThreeStar\":1658072.35,\"FourStar\":1916333.22,\"FiveStar\":2146420.17},{\"vehicle\":\"Medium Bus\",\"user\":24,\"wnaCost\":410000,\"mealCostPerPerson\":350000,\"WithoutAccomodation\":1255851,\"Guesthouse\":1336851,\"Homestay\":1471851,\"TwoStar\":1444851,\"ThreeStar\":1606851,\"FourStar\":1849851,\"FiveStar\":2065851},{\"vehicle\":\"Medium Bus\",\"user\":25,\"wnaCost\":410000,\"mealCostPerPerson\":348000,\"WithoutAccomodation\":1240047.36,\"Guesthouse\":1328607.36,\"Homestay\":1447407.36,\"TwoStar\":1440927.36,\"ThreeStar\":1613727.36,\"FourStar\":1870767.36,\"FiveStar\":2099727.36},{\"vehicle\":\"Medium Bus\",\"user\":26,\"wnaCost\":410000,\"mealCostPerPerson\":346153.85,\"WithoutAccomodation\":1217151.69,\"Guesthouse\":1298151.69,\"Homestay\":1424844,\"TwoStar\":1406151.69,\"ThreeStar\":1568151.69,\"FourStar\":1811151.69,\"FiveStar\":2027151.69},{\"vehicle\":\"Medium Bus\",\"user\":27,\"wnaCost\":410000,\"mealCostPerPerson\":344444.44,\"WithoutAccomodation\":1203952,\"Guesthouse\":1291952,\"Homestay\":1425952,\"TwoStar\":1403952,\"ThreeStar\":1575952,\"FourStar\":1831952,\"FiveStar\":2059952},{\"vehicle\":\"Medium Bus\",\"user\":28,\"wnaCost\":410000,\"mealCostPerPerson\":342857.14,\"WithoutAccomodation\":1183980.86,\"Guesthouse\":1264980.86,\"Homestay\":1399980.86,\"TwoStar\":1372980.86,\"ThreeStar\":1534980.86,\"FourStar\":1777980.86,\"FiveStar\":1993980.86},{\"vehicle\":\"Medium Bus\",\"user\":29,\"wnaCost\":410000,\"mealCostPerPerson\":341379.31,\"WithoutAccomodation\":1172835.31,\"Guesthouse\":1260352.55,\"Homestay\":1381387.03,\"TwoStar\":1372076.69,\"ThreeStar\":1543387.03,\"FourStar\":1798490.48,\"FiveStar\":2025662.9},{\"vehicle\":\"Medium Bus\",\"user\":30,\"wnaCost\":410000,\"mealCostPerPerson\":340000,\"WithoutAccomodation\":1155232.8,\"Guesthouse\":1236232.8,\"Homestay\":1364032.8,\"TwoStar\":1344232.8,\"ThreeStar\":1506232.8,\"FourStar\":1749232.8,\"FiveStar\":1965232.8},{\"vehicle\":\"Big Bus HD\",\"user\":31,\"wnaCost\":410000,\"mealCostPerPerson\":348387.1,\"WithoutAccomodation\":1260353.03,\"Guesthouse\":1347449.81,\"Homestay\":1481578.84,\"TwoStar\":1458933.68,\"ThreeStar\":1629643.35,\"FourStar\":1883965.94,\"FiveStar\":2110417.55},{\"vehicle\":\"Big Bus HD\",\"user\":32,\"wnaCost\":410000,\"mealCostPerPerson\":346875,\"WithoutAccomodation\":1240778.25,\"Guesthouse\":1321778.25,\"Homestay\":1456778.25,\"TwoStar\":1429778.25,\"ThreeStar\":1591778.25,\"FourStar\":1834778.25,\"FiveStar\":2050778.25},{\"vehicle\":\"Big Bus HD\",\"user\":33,\"wnaCost\":410000,\"mealCostPerPerson\":345454.55,\"WithoutAccomodation\":1228935.27,\"Guesthouse\":1315662.55,\"Homestay\":1438389.82,\"TwoStar\":1426935.27,\"ThreeStar\":1597117.09,\"FourStar\":1850753.45,\"FiveStar\":2076571.64},{\"vehicle\":\"Big Bus HD\",\"user\":34,\"wnaCost\":410000,\"mealCostPerPerson\":344117.65,\"WithoutAccomodation\":1211436,\"Guesthouse\":1292436,\"Homestay\":1421083.06,\"TwoStar\":1400436,\"ThreeStar\":1562436,\"FourStar\":1805436,\"FiveStar\":2021436},{\"vehicle\":\"Big Bus HD\",\"user\":35,\"wnaCost\":410000,\"mealCostPerPerson\":342857.14,\"WithoutAccomodation\":1201108.11,\"Guesthouse\":1287508.11,\"Homestay\":1421736.69,\"TwoStar\":1398593.83,\"ThreeStar\":1568308.11,\"FourStar\":1821336.69,\"FiveStar\":2046593.83},{\"vehicle\":\"Big Bus HD\",\"user\":36,\"wnaCost\":410000,\"mealCostPerPerson\":341666.67,\"WithoutAccomodation\":1185354,\"Guesthouse\":1266354,\"Homestay\":1401354,\"TwoStar\":1374354,\"ThreeStar\":1536354,\"FourStar\":1779354,\"FiveStar\":1995354},{\"vehicle\":\"Big Bus HD\",\"user\":37,\"wnaCost\":410000,\"mealCostPerPerson\":340540.54,\"WithoutAccomodation\":1176289.3,\"Guesthouse\":1262397.41,\"Homestay\":1386451.46,\"TwoStar\":1373316.32,\"ThreeStar\":1542613.62,\"FourStar\":1795100.11,\"FiveStar\":2019856.86},{\"vehicle\":\"Big Bus HD\",\"user\":38,\"wnaCost\":410000,\"mealCostPerPerson\":339473.68,\"WithoutAccomodation\":1162017.47,\"Guesthouse\":1243017.47,\"Homestay\":1372333.26,\"TwoStar\":1351017.47,\"ThreeStar\":1513017.47,\"FourStar\":1756017.47,\"FiveStar\":1972017.47},{\"vehicle\":\"Big Bus HD\",\"user\":39,\"wnaCost\":410000,\"mealCostPerPerson\":338461.54,\"WithoutAccomodation\":1154016,\"Guesthouse\":1239862.15,\"Homestay\":1374169.85,\"TwoStar\":1350631.38,\"ThreeStar\":1519554.46,\"FourStar\":1771554.46,\"FiveStar\":1995862.15},{\"vehicle\":\"Big Bus HD\",\"user\":40,\"wnaCost\":410000,\"mealCostPerPerson\":337500,\"WithoutAccomodation\":1141014.6,\"Guesthouse\":1222014.6,\"Homestay\":1357014.6,\"TwoStar\":1330014.6,\"ThreeStar\":1492014.6,\"FourStar\":1735014.6,\"FiveStar\":1951014.6},{\"vehicle\":\"Big Bus HD\",\"user\":41,\"wnaCost\":410000,\"mealCostPerPerson\":343902.44,\"WithoutAccomodation\":1141818.15,\"Guesthouse\":1227427.9,\"Homestay\":1352549.85,\"TwoStar\":1338062.05,\"ThreeStar\":1506647.41,\"FourStar\":1758208.39,\"FiveStar\":1982110.83},{\"vehicle\":\"Big Bus HD\",\"user\":42,\"wnaCost\":410000,\"mealCostPerPerson\":342857.14,\"WithoutAccomodation\":1129726.29,\"Guesthouse\":1210726.29,\"Homestay\":1340583.43,\"TwoStar\":1318726.29,\"ThreeStar\":1480726.29,\"FourStar\":1723726.29,\"FiveStar\":1939726.29},{\"vehicle\":\"Big Bus HD\",\"user\":43,\"wnaCost\":410000,\"mealCostPerPerson\":341860.47,\"WithoutAccomodation\":1123220.09,\"Guesthouse\":1208615.44,\"Homestay\":1342987.53,\"TwoStar\":1319127.07,\"ThreeStar\":1487406.14,\"FourStar\":1738568.93,\"FiveStar\":1962103.81},{\"vehicle\":\"Big Bus HD\",\"user\":44,\"wnaCost\":410000,\"mealCostPerPerson\":340909.09,\"WithoutAccomodation\":1112100.55,\"Guesthouse\":1193100.55,\"Homestay\":1328100.55,\"TwoStar\":1301100.55,\"ThreeStar\":1463100.55,\"FourStar\":1706100.55,\"FiveStar\":1922100.55},{\"vehicle\":\"Big Bus HD\",\"user\":45,\"wnaCost\":410000,\"mealCostPerPerson\":340000,\"WithoutAccomodation\":1106275.2,\"Guesthouse\":1191475.2,\"Homestay\":1317475.2,\"TwoStar\":1301875.2,\"ThreeStar\":1469875.2,\"FourStar\":1720675.2,\"FiveStar\":1943875.2},{\"vehicle\":\"Big Bus SHD\",\"user\":46,\"wnaCost\":410000,\"mealCostPerPerson\":339130.43,\"WithoutAccomodation\":1128877.04,\"Guesthouse\":1209877.04,\"Homestay\":1340181.39,\"TwoStar\":1317877.04,\"ThreeStar\":1479877.04,\"FourStar\":1722877.04,\"FiveStar\":1938877.04},{\"vehicle\":\"Big Bus SHD\",\"user\":47,\"wnaCost\":410000,\"mealCostPerPerson\":338297.87,\"WithoutAccomodation\":1122942.64,\"Guesthouse\":1207963.91,\"Homestay\":1342389.45,\"TwoStar\":1318261.79,\"ThreeStar\":1486006.47,\"FourStar\":1736474.55,\"FiveStar\":1959368.17},{\"vehicle\":\"Big Bus SHD\",\"user\":48,\"wnaCost\":410000,\"mealCostPerPerson\":337500,\"WithoutAccomodation\":1112755.5,\"Guesthouse\":1193755.5,\"Homestay\":1328755.5,\"TwoStar\":1301755.5,\"ThreeStar\":1463755.5,\"FourStar\":1706755.5,\"FiveStar\":1922755.5},{\"vehicle\":\"Big Bus SHD\",\"user\":49,\"wnaCost\":410000,\"mealCostPerPerson\":336734.69,\"WithoutAccomodation\":1107392.33,\"Guesthouse\":1192249.47,\"Homestay\":1318984.16,\"TwoStar\":1302453.55,\"ThreeStar\":1469963.76,\"FourStar\":1720127.02,\"FiveStar\":1942739.27},{\"vehicle\":\"Big Bus SHD\",\"user\":50,\"wnaCost\":410000,\"mealCostPerPerson\":336000,\"WithoutAccomodation\":1097923.68,\"Guesthouse\":1178923.68,\"Homestay\":1309603.68,\"TwoStar\":1286923.68,\"ThreeStar\":1448923.68,\"FourStar\":1691923.68,\"FiveStar\":1907923.68},{\"vehicle\":\"Big Bus SHD\",\"user\":51,\"wnaCost\":410000,\"mealCostPerPerson\":335294.12,\"WithoutAccomodation\":1093061.65,\"Guesthouse\":1177767.53,\"Homestay\":1312238.12,\"TwoStar\":1287885.18,\"ThreeStar\":1455179.29,\"FourStar\":1705061.65,\"FiveStar\":1927414.59},{\"vehicle\":\"Big Bus SHD\",\"user\":52,\"wnaCost\":410000,\"mealCostPerPerson\":334615.38,\"WithoutAccomodation\":1084232.77,\"Guesthouse\":1165232.77,\"Homestay\":1300232.77,\"TwoStar\":1273232.77,\"ThreeStar\":1435232.77,\"FourStar\":1678232.77,\"FiveStar\":1894232.77},{\"vehicle\":\"Big Bus SHD\",\"user\":53,\"wnaCost\":410000,\"mealCostPerPerson\":333962.26,\"WithoutAccomodation\":1079812.53,\"Guesthouse\":1164378.57,\"Homestay\":1291737.06,\"TwoStar\":1274416.3,\"ThreeStar\":1441510.64,\"FourStar\":1691133.28,\"FiveStar\":1913246.49},{\"vehicle\":\"Big Bus SHD\",\"user\":54,\"wnaCost\":410000,\"mealCostPerPerson\":333333.33,\"WithoutAccomodation\":1071556,\"Guesthouse\":1152556,\"Homestay\":1283556,\"TwoStar\":1260556,\"ThreeStar\":1422556,\"FourStar\":1665556,\"FiveStar\":1881556},{\"vehicle\":\"Big Bus SHD\",\"user\":55,\"wnaCost\":410000,\"mealCostPerPerson\":332727.27,\"WithoutAccomodation\":1067526.98,\"Guesthouse\":1151963.35,\"Homestay\":1286472.44,\"TwoStar\":1261926.98,\"ThreeStar\":1428836.07,\"FourStar\":1678217.89,\"FiveStar\":1900108.8}]},{\"Price Type\":\"Exclude Meal\",\"data\":[{\"Price Type\":\"Exclude Meal\"},{\"vehicle\":\"Avanza\",\"user\":1,\"wnaCost\":410000,\"mealCostPerPerson\":300000,\"WithoutAccomodation\":2448144,\"Guesthouse\":2718144,\"Homestay\":3366144,\"TwoStar\":2934144,\"ThreeStar\":3366144,\"FourStar\":3960144,\"FiveStar\":4500144},{\"vehicle\":\"Avanza\",\"user\":2,\"wnaCost\":410000,\"mealCostPerPerson\":150000,\"WithoutAccomodation\":1384452,\"Guesthouse\":1465452,\"Homestay\":1870452,\"TwoStar\":1573452,\"ThreeStar\":1735452,\"FourStar\":1978452,\"FiveStar\":2194452},{\"vehicle\":\"Avanza\",\"user\":3,\"wnaCost\":410000,\"mealCostPerPerson\":100000,\"WithoutAccomodation\":1101888,\"Guesthouse\":1245888,\"Homestay\":1371888,\"TwoStar\":1389888,\"ThreeStar\":1641888,\"FourStar\":2001888,\"FiveStar\":2325888},{\"vehicle\":\"Avanza\",\"user\":4,\"wnaCost\":410000,\"mealCostPerPerson\":75000,\"WithoutAccomodation\":906606,\"Guesthouse\":987606,\"Homestay\":1122606,\"TwoStar\":1095606,\"ThreeStar\":1257606,\"FourStar\":1500606,\"FiveStar\":1716606},{\"vehicle\":\"Avanza\",\"user\":5,\"wnaCost\":410000,\"mealCostPerPerson\":60000,\"WithoutAccomodation\":832636.8,\"Guesthouse\":951436.8,\"Homestay\":1005436.8,\"TwoStar\":1081036.8,\"ThreeStar\":1297036.8,\"FourStar\":1610236.8,\"FiveStar\":1891036.8},{\"vehicle\":\"Innova\",\"user\":6,\"wnaCost\":410000,\"mealCostPerPerson\":50000,\"WithoutAccomodation\":819324,\"Guesthouse\":900324,\"Homestay\":999324,\"TwoStar\":1008324,\"ThreeStar\":1170324,\"FourStar\":1413324,\"FiveStar\":1629324},{\"vehicle\":\"Hiace Commuter\",\"user\":7,\"wnaCost\":410000,\"mealCostPerPerson\":85714.29,\"WithoutAccomodation\":1058214.86,\"Guesthouse\":1166214.86,\"Homestay\":1297357.71,\"TwoStar\":1289643.43,\"ThreeStar\":1490214.86,\"FourStar\":1783357.71,\"FiveStar\":2045643.43},{\"vehicle\":\"Hiace Commuter\",\"user\":8,\"wnaCost\":410000,\"mealCostPerPerson\":75000,\"WithoutAccomodation\":966033,\"Guesthouse\":1047033,\"Homestay\":1182033,\"TwoStar\":1155033,\"ThreeStar\":1317033,\"FourStar\":1560033,\"FiveStar\":1776033},{\"vehicle\":\"Hiace Commuter\",\"user\":9,\"wnaCost\":410000,\"mealCostPerPerson\":66666.67,\"WithoutAccomodation\":918336,\"Guesthouse\":1020336,\"Homestay\":1110336,\"TwoStar\":1140336,\"ThreeStar\":1332336,\"FourStar\":1614336,\"FiveStar\":1866336},{\"vehicle\":\"Hiace Commuter\",\"user\":10,\"wnaCost\":410000,\"mealCostPerPerson\":60000,\"WithoutAccomodation\":858578.4,\"Guesthouse\":939578.4,\"Homestay\":1052978.4,\"TwoStar\":1047578.4,\"ThreeStar\":1209578.4,\"FourStar\":1452578.4,\"FiveStar\":1668578.4},{\"vehicle\":\"Hiace Commuter\",\"user\":11,\"wnaCost\":410000,\"mealCostPerPerson\":54545.45,\"WithoutAccomodation\":829322.18,\"Guesthouse\":927504,\"Homestay\":1060049.45,\"TwoStar\":1045322.18,\"ThreeStar\":1231867.64,\"FourStar\":1506776.73,\"FiveStar\":1752231.27},{\"vehicle\":\"Hiace Commuter\",\"user\":12,\"wnaCost\":410000,\"mealCostPerPerson\":50000,\"WithoutAccomodation\":786942,\"Guesthouse\":867942,\"Homestay\":1002942,\"TwoStar\":975942,\"ThreeStar\":1137942,\"FourStar\":1380942,\"FiveStar\":1596942},{\"vehicle\":\"Elf Giga\",\"user\":13,\"wnaCost\":410000,\"mealCostPerPerson\":69230.77,\"WithoutAccomodation\":809235.69,\"Guesthouse\":904774.15,\"Homestay\":1008620.31,\"TwoStar\":1021081.85,\"ThreeStar\":1203851.08,\"FourStar\":1473851.08,\"FiveStar\":1714774.15},{\"vehicle\":\"Elf Giga\",\"user\":14,\"wnaCost\":410000,\"mealCostPerPerson\":64285.71,\"WithoutAccomodation\":774344.57,\"Guesthouse\":855344.57,\"Homestay\":974916,\"TwoStar\":963344.57,\"ThreeStar\":1125344.57,\"FourStar\":1368344.57,\"FiveStar\":1584344.57},{\"vehicle\":\"Elf Giga\",\"user\":15,\"wnaCost\":410000,\"mealCostPerPerson\":60000,\"WithoutAccomodation\":758505.6,\"Guesthouse\":852105.6,\"Homestay\":985305.6,\"TwoStar\":967305.6,\"ThreeStar\":1147305.6,\"FourStar\":1413705.6,\"FiveStar\":1651305.6},{\"vehicle\":\"Elf Giga\",\"user\":16,\"wnaCost\":410000,\"mealCostPerPerson\":56250,\"WithoutAccomodation\":731146.5,\"Guesthouse\":812146.5,\"Homestay\":947146.5,\"TwoStar\":920146.5,\"ThreeStar\":1082146.5,\"FourStar\":1325146.5,\"FiveStar\":1541146.5},{\"vehicle\":\"Elf Giga\",\"user\":17,\"wnaCost\":410000,\"mealCostPerPerson\":52941.18,\"WithoutAccomodation\":719712,\"Guesthouse\":811829.65,\"Homestay\":923006.12,\"TwoStar\":926182.59,\"ThreeStar\":1104064.94,\"FourStar\":1367712,\"FiveStar\":1602770.82},{\"vehicle\":\"Medium Bus\",\"user\":18,\"wnaCost\":410000,\"mealCostPerPerson\":50000,\"WithoutAccomodation\":811548,\"Guesthouse\":892548,\"Homestay\":1015548,\"TwoStar\":1000548,\"ThreeStar\":1162548,\"FourStar\":1405548,\"FiveStar\":1621548},{\"vehicle\":\"Medium Bus\",\"user\":19,\"wnaCost\":410000,\"mealCostPerPerson\":63157.89,\"WithoutAccomodation\":814138.11,\"Guesthouse\":905085.47,\"Homestay\":1038664.42,\"TwoStar\":1018769.68,\"ThreeStar\":1194980.21,\"FourStar\":1456453.89,\"FiveStar\":1689506.53},{\"vehicle\":\"Medium Bus\",\"user\":20,\"wnaCost\":410000,\"mealCostPerPerson\":60000,\"WithoutAccomodation\":1032469.2,\"Guesthouse\":1113469.2,\"Homestay\":1248469.2,\"TwoStar\":1221469.2,\"ThreeStar\":1383469.2,\"FourStar\":1626469.2,\"FiveStar\":1842469.2},{\"vehicle\":\"Medium Bus\",\"user\":21,\"wnaCost\":410000,\"mealCostPerPerson\":57142.86,\"WithoutAccomodation\":1008864,\"Guesthouse\":1098864,\"Homestay\":1214578.29,\"TwoStar\":1212006.86,\"ThreeStar\":1386864,\"FourStar\":1646578.29,\"FiveStar\":1878006.86},{\"vehicle\":\"Medium Bus\",\"user\":22,\"wnaCost\":410000,\"mealCostPerPerson\":54545.45,\"WithoutAccomodation\":977586.55,\"Guesthouse\":1058586.55,\"Homestay\":1183768.36,\"TwoStar\":1166586.55,\"ThreeStar\":1328586.55,\"FourStar\":1571586.55,\"FiveStar\":1787586.55},{\"vehicle\":\"Medium Bus\",\"user\":23,\"wnaCost\":410000,\"mealCostPerPerson\":52173.91,\"WithoutAccomodation\":958420.17,\"Guesthouse\":1047637.57,\"Homestay\":1181463.65,\"TwoStar\":1160333.22,\"ThreeStar\":1334072.35,\"FourStar\":1592333.22,\"FiveStar\":1822420.17},{\"vehicle\":\"Medium Bus\",\"user\":24,\"wnaCost\":410000,\"mealCostPerPerson\":50000,\"WithoutAccomodation\":931851,\"Guesthouse\":1012851,\"Homestay\":1147851,\"TwoStar\":1120851,\"ThreeStar\":1282851,\"FourStar\":1525851,\"FiveStar\":1741851},{\"vehicle\":\"Medium Bus\",\"user\":25,\"wnaCost\":410000,\"mealCostPerPerson\":48000,\"WithoutAccomodation\":916047.36,\"Guesthouse\":1004607.36,\"Homestay\":1123407.36,\"TwoStar\":1116927.36,\"ThreeStar\":1289727.36,\"FourStar\":1546767.36,\"FiveStar\":1775727.36},{\"vehicle\":\"Medium Bus\",\"user\":26,\"wnaCost\":410000,\"mealCostPerPerson\":46153.85,\"WithoutAccomodation\":893151.69,\"Guesthouse\":974151.69,\"Homestay\":1100844,\"TwoStar\":1082151.69,\"ThreeStar\":1244151.69,\"FourStar\":1487151.69,\"FiveStar\":1703151.69},{\"vehicle\":\"Medium Bus\",\"user\":27,\"wnaCost\":410000,\"mealCostPerPerson\":44444.44,\"WithoutAccomodation\":879952,\"Guesthouse\":967952,\"Homestay\":1101952,\"TwoStar\":1079952,\"ThreeStar\":1251952,\"FourStar\":1507952,\"FiveStar\":1735952},{\"vehicle\":\"Medium Bus\",\"user\":28,\"wnaCost\":410000,\"mealCostPerPerson\":42857.14,\"WithoutAccomodation\":859980.86,\"Guesthouse\":940980.86,\"Homestay\":1075980.86,\"TwoStar\":1048980.86,\"ThreeStar\":1210980.86,\"FourStar\":1453980.86,\"FiveStar\":1669980.86},{\"vehicle\":\"Medium Bus\",\"user\":29,\"wnaCost\":410000,\"mealCostPerPerson\":41379.31,\"WithoutAccomodation\":848835.31,\"Guesthouse\":936352.55,\"Homestay\":1057387.03,\"TwoStar\":1048076.69,\"ThreeStar\":1219387.03,\"FourStar\":1474490.48,\"FiveStar\":1701662.9},{\"vehicle\":\"Medium Bus\",\"user\":30,\"wnaCost\":410000,\"mealCostPerPerson\":40000,\"WithoutAccomodation\":831232.8,\"Guesthouse\":912232.8,\"Homestay\":1040032.8,\"TwoStar\":1020232.8,\"ThreeStar\":1182232.8,\"FourStar\":1425232.8,\"FiveStar\":1641232.8},{\"vehicle\":\"Big Bus HD\",\"user\":31,\"wnaCost\":410000,\"mealCostPerPerson\":48387.1,\"WithoutAccomodation\":936353.03,\"Guesthouse\":1023449.81,\"Homestay\":1157578.84,\"TwoStar\":1134933.68,\"ThreeStar\":1305643.35,\"FourStar\":1559965.94,\"FiveStar\":1786417.55},{\"vehicle\":\"Big Bus HD\",\"user\":32,\"wnaCost\":410000,\"mealCostPerPerson\":46875,\"WithoutAccomodation\":916778.25,\"Guesthouse\":997778.25,\"Homestay\":1132778.25,\"TwoStar\":1105778.25,\"ThreeStar\":1267778.25,\"FourStar\":1510778.25,\"FiveStar\":1726778.25},{\"vehicle\":\"Big Bus HD\",\"user\":33,\"wnaCost\":410000,\"mealCostPerPerson\":45454.55,\"WithoutAccomodation\":904935.27,\"Guesthouse\":991662.55,\"Homestay\":1114389.82,\"TwoStar\":1102935.27,\"ThreeStar\":1273117.09,\"FourStar\":1526753.45,\"FiveStar\":1752571.64},{\"vehicle\":\"Big Bus HD\",\"user\":34,\"wnaCost\":410000,\"mealCostPerPerson\":44117.65,\"WithoutAccomodation\":887436,\"Guesthouse\":968436,\"Homestay\":1097083.06,\"TwoStar\":1076436,\"ThreeStar\":1238436,\"FourStar\":1481436,\"FiveStar\":1697436},{\"vehicle\":\"Big Bus HD\",\"user\":35,\"wnaCost\":410000,\"mealCostPerPerson\":42857.14,\"WithoutAccomodation\":877108.11,\"Guesthouse\":963508.11,\"Homestay\":1097736.69,\"TwoStar\":1074593.83,\"ThreeStar\":1244308.11,\"FourStar\":1497336.69,\"FiveStar\":1722593.83},{\"vehicle\":\"Big Bus HD\",\"user\":36,\"wnaCost\":410000,\"mealCostPerPerson\":41666.67,\"WithoutAccomodation\":861354,\"Guesthouse\":942354,\"Homestay\":1077354,\"TwoStar\":1050354,\"ThreeStar\":1212354,\"FourStar\":1455354,\"FiveStar\":1671354},{\"vehicle\":\"Big Bus HD\",\"user\":37,\"wnaCost\":410000,\"mealCostPerPerson\":40540.54,\"WithoutAccomodation\":852289.3,\"Guesthouse\":938397.41,\"Homestay\":1062451.46,\"TwoStar\":1049316.32,\"ThreeStar\":1218613.62,\"FourStar\":1471100.11,\"FiveStar\":1695856.86},{\"vehicle\":\"Big Bus HD\",\"user\":38,\"wnaCost\":410000,\"mealCostPerPerson\":39473.68,\"WithoutAccomodation\":838017.47,\"Guesthouse\":919017.47,\"Homestay\":1048333.26,\"TwoStar\":1027017.47,\"ThreeStar\":1189017.47,\"FourStar\":1432017.47,\"FiveStar\":1648017.47},{\"vehicle\":\"Big Bus HD\",\"user\":39,\"wnaCost\":410000,\"mealCostPerPerson\":38461.54,\"WithoutAccomodation\":830016,\"Guesthouse\":915862.15,\"Homestay\":1050169.85,\"TwoStar\":1026631.38,\"ThreeStar\":1195554.46,\"FourStar\":1447554.46,\"FiveStar\":1671862.15},{\"vehicle\":\"Big Bus HD\",\"user\":40,\"wnaCost\":410000,\"mealCostPerPerson\":37500,\"WithoutAccomodation\":817014.6,\"Guesthouse\":898014.6,\"Homestay\":1033014.6,\"TwoStar\":1006014.6,\"ThreeStar\":1168014.6,\"FourStar\":1411014.6,\"FiveStar\":1627014.6},{\"vehicle\":\"Big Bus HD\",\"user\":41,\"wnaCost\":410000,\"mealCostPerPerson\":43902.44,\"WithoutAccomodation\":817818.15,\"Guesthouse\":903427.9,\"Homestay\":1028549.85,\"TwoStar\":1014062.05,\"ThreeStar\":1182647.41,\"FourStar\":1434208.39,\"FiveStar\":1658110.83},{\"vehicle\":\"Big Bus HD\",\"user\":42,\"wnaCost\":410000,\"mealCostPerPerson\":42857.14,\"WithoutAccomodation\":805726.29,\"Guesthouse\":886726.29,\"Homestay\":1016583.43,\"TwoStar\":994726.29,\"ThreeStar\":1156726.29,\"FourStar\":1399726.29,\"FiveStar\":1615726.29},{\"vehicle\":\"Big Bus HD\",\"user\":43,\"wnaCost\":410000,\"mealCostPerPerson\":41860.47,\"WithoutAccomodation\":799220.09,\"Guesthouse\":884615.44,\"Homestay\":1018987.53,\"TwoStar\":995127.07,\"ThreeStar\":1163406.14,\"FourStar\":1414568.93,\"FiveStar\":1638103.81},{\"vehicle\":\"Big Bus HD\",\"user\":44,\"wnaCost\":410000,\"mealCostPerPerson\":40909.09,\"WithoutAccomodation\":788100.55,\"Guesthouse\":869100.55,\"Homestay\":1004100.55,\"TwoStar\":977100.55,\"ThreeStar\":1139100.55,\"FourStar\":1382100.55,\"FiveStar\":1598100.55},{\"vehicle\":\"Big Bus HD\",\"user\":45,\"wnaCost\":410000,\"mealCostPerPerson\":40000,\"WithoutAccomodation\":782275.2,\"Guesthouse\":867475.2,\"Homestay\":993475.2,\"TwoStar\":977875.2,\"ThreeStar\":1145875.2,\"FourStar\":1396675.2,\"FiveStar\":1619875.2},{\"vehicle\":\"Big Bus SHD\",\"user\":46,\"wnaCost\":410000,\"mealCostPerPerson\":39130.43,\"WithoutAccomodation\":804877.04,\"Guesthouse\":885877.04,\"Homestay\":1016181.39,\"TwoStar\":993877.04,\"ThreeStar\":1155877.04,\"FourStar\":1398877.04,\"FiveStar\":1614877.04},{\"vehicle\":\"Big Bus SHD\",\"user\":47,\"wnaCost\":410000,\"mealCostPerPerson\":38297.87,\"WithoutAccomodation\":798942.64,\"Guesthouse\":883963.91,\"Homestay\":1018389.45,\"TwoStar\":994261.79,\"ThreeStar\":1162006.47,\"FourStar\":1412474.55,\"FiveStar\":1635368.17},{\"vehicle\":\"Big Bus SHD\",\"user\":48,\"wnaCost\":410000,\"mealCostPerPerson\":37500,\"WithoutAccomodation\":788755.5,\"Guesthouse\":869755.5,\"Homestay\":1004755.5,\"TwoStar\":977755.5,\"ThreeStar\":1139755.5,\"FourStar\":1382755.5,\"FiveStar\":1598755.5},{\"vehicle\":\"Big Bus SHD\",\"user\":49,\"wnaCost\":410000,\"mealCostPerPerson\":36734.69,\"WithoutAccomodation\":783392.33,\"Guesthouse\":868249.47,\"Homestay\":994984.16,\"TwoStar\":978453.55,\"ThreeStar\":1145963.76,\"FourStar\":1396127.02,\"FiveStar\":1618739.27},{\"vehicle\":\"Big Bus SHD\",\"user\":50,\"wnaCost\":410000,\"mealCostPerPerson\":36000,\"WithoutAccomodation\":773923.68,\"Guesthouse\":854923.68,\"Homestay\":985603.68,\"TwoStar\":962923.68,\"ThreeStar\":1124923.68,\"FourStar\":1367923.68,\"FiveStar\":1583923.68},{\"vehicle\":\"Big Bus SHD\",\"user\":51,\"wnaCost\":410000,\"mealCostPerPerson\":35294.12,\"WithoutAccomodation\":769061.65,\"Guesthouse\":853767.53,\"Homestay\":988238.12,\"TwoStar\":963885.18,\"ThreeStar\":1131179.29,\"FourStar\":1381061.65,\"FiveStar\":1603414.59},{\"vehicle\":\"Big Bus SHD\",\"user\":52,\"wnaCost\":410000,\"mealCostPerPerson\":34615.38,\"WithoutAccomodation\":760232.77,\"Guesthouse\":841232.77,\"Homestay\":976232.77,\"TwoStar\":949232.77,\"ThreeStar\":1111232.77,\"FourStar\":1354232.77,\"FiveStar\":1570232.77},{\"vehicle\":\"Big Bus SHD\",\"user\":53,\"wnaCost\":410000,\"mealCostPerPerson\":33962.26,\"WithoutAccomodation\":755812.53,\"Guesthouse\":840378.57,\"Homestay\":967737.06,\"TwoStar\":950416.3,\"ThreeStar\":1117510.64,\"FourStar\":1367133.28,\"FiveStar\":1589246.49},{\"vehicle\":\"Big Bus SHD\",\"user\":54,\"wnaCost\":410000,\"mealCostPerPerson\":33333.33,\"WithoutAccomodation\":747556,\"Guesthouse\":828556,\"Homestay\":959556,\"TwoStar\":936556,\"ThreeStar\":1098556,\"FourStar\":1341556,\"FiveStar\":1557556},{\"vehicle\":\"Big Bus SHD\",\"user\":55,\"wnaCost\":410000,\"mealCostPerPerson\":32727.27,\"WithoutAccomodation\":743526.98,\"Guesthouse\":827963.35,\"Homestay\":962472.44,\"TwoStar\":937926.98,\"ThreeStar\":1104836.07,\"FourStar\":1354217.89,\"FiveStar\":1576108.8}]}]', '2025-02-24 01:41:08', '2025-02-24 01:41:08');
INSERT INTO `package_two_prices` (`id`, `package_two_day_id`, `price_data`, `created_at`, `updated_at`) VALUES
(36, 39, '[{\"Price Type\":\"Include Meal\",\"data\":[{\"Price Type\":\"Include Meal\"},{\"vehicle\":\"Avanza\",\"user\":1,\"wnaCost\":440000,\"mealCostPerPerson\":600000,\"WithoutAccomodation\":2836944,\"Guesthouse\":3106944,\"Homestay\":3754944,\"TwoStar\":3322944,\"ThreeStar\":3754944,\"FourStar\":4348944,\"FiveStar\":4888944},{\"vehicle\":\"Avanza\",\"user\":2,\"wnaCost\":440000,\"mealCostPerPerson\":450000,\"WithoutAccomodation\":1762452,\"Guesthouse\":1843452,\"Homestay\":2248452,\"TwoStar\":1951452,\"ThreeStar\":2113452,\"FourStar\":2356452,\"FiveStar\":2572452},{\"vehicle\":\"Avanza\",\"user\":3,\"wnaCost\":440000,\"mealCostPerPerson\":400000,\"WithoutAccomodation\":1476288,\"Guesthouse\":1620288,\"Homestay\":1746288,\"TwoStar\":1764288,\"ThreeStar\":2016288,\"FourStar\":2376288,\"FiveStar\":2700288},{\"vehicle\":\"Avanza\",\"user\":4,\"wnaCost\":440000,\"mealCostPerPerson\":375000,\"WithoutAccomodation\":1279206,\"Guesthouse\":1360206,\"Homestay\":1495206,\"TwoStar\":1468206,\"ThreeStar\":1630206,\"FourStar\":1873206,\"FiveStar\":2089206},{\"vehicle\":\"Avanza\",\"user\":5,\"wnaCost\":440000,\"mealCostPerPerson\":360000,\"WithoutAccomodation\":1204156.8,\"Guesthouse\":1322956.8,\"Homestay\":1376956.8,\"TwoStar\":1452556.8,\"ThreeStar\":1668556.8,\"FourStar\":1981756.8,\"FiveStar\":2262556.8},{\"vehicle\":\"Innova\",\"user\":6,\"wnaCost\":440000,\"mealCostPerPerson\":350000,\"WithoutAccomodation\":1190124,\"Guesthouse\":1271124,\"Homestay\":1370124,\"TwoStar\":1379124,\"ThreeStar\":1541124,\"FourStar\":1784124,\"FiveStar\":2000124},{\"vehicle\":\"Hiace Commuter\",\"user\":7,\"wnaCost\":440000,\"mealCostPerPerson\":385714.29,\"WithoutAccomodation\":1430043.43,\"Guesthouse\":1538043.43,\"Homestay\":1669186.29,\"TwoStar\":1661472,\"ThreeStar\":1862043.43,\"FourStar\":2155186.29,\"FiveStar\":2417472},{\"vehicle\":\"Hiace Commuter\",\"user\":8,\"wnaCost\":440000,\"mealCostPerPerson\":375000,\"WithoutAccomodation\":1337283,\"Guesthouse\":1418283,\"Homestay\":1553283,\"TwoStar\":1526283,\"ThreeStar\":1688283,\"FourStar\":1931283,\"FiveStar\":2147283},{\"vehicle\":\"Hiace Commuter\",\"user\":9,\"wnaCost\":440000,\"mealCostPerPerson\":366666.67,\"WithoutAccomodation\":1289136,\"Guesthouse\":1391136,\"Homestay\":1481136,\"TwoStar\":1511136,\"ThreeStar\":1703136,\"FourStar\":1985136,\"FiveStar\":2237136},{\"vehicle\":\"Hiace Commuter\",\"user\":10,\"wnaCost\":440000,\"mealCostPerPerson\":360000,\"WithoutAccomodation\":1229018.4,\"Guesthouse\":1310018.4,\"Homestay\":1423418.4,\"TwoStar\":1418018.4,\"ThreeStar\":1580018.4,\"FourStar\":1823018.4,\"FiveStar\":2039018.4},{\"vehicle\":\"Hiace Commuter\",\"user\":11,\"wnaCost\":440000,\"mealCostPerPerson\":354545.45,\"WithoutAccomodation\":1199467.64,\"Guesthouse\":1297649.45,\"Homestay\":1430194.91,\"TwoStar\":1415467.64,\"ThreeStar\":1602013.09,\"FourStar\":1876922.18,\"FiveStar\":2122376.73},{\"vehicle\":\"Hiace Commuter\",\"user\":12,\"wnaCost\":440000,\"mealCostPerPerson\":350000,\"WithoutAccomodation\":1156842,\"Guesthouse\":1237842,\"Homestay\":1372842,\"TwoStar\":1345842,\"ThreeStar\":1507842,\"FourStar\":1750842,\"FiveStar\":1966842},{\"vehicle\":\"Elf Giga\",\"user\":13,\"wnaCost\":440000,\"mealCostPerPerson\":369230.77,\"WithoutAccomodation\":1178928,\"Guesthouse\":1274466.46,\"Homestay\":1378312.62,\"TwoStar\":1390774.15,\"ThreeStar\":1573543.38,\"FourStar\":1843543.38,\"FiveStar\":2084466.46},{\"vehicle\":\"Elf Giga\",\"user\":14,\"wnaCost\":440000,\"mealCostPerPerson\":364285.71,\"WithoutAccomodation\":1143858.86,\"Guesthouse\":1224858.86,\"Homestay\":1344430.29,\"TwoStar\":1332858.86,\"ThreeStar\":1494858.86,\"FourStar\":1737858.86,\"FiveStar\":1953858.86},{\"vehicle\":\"Elf Giga\",\"user\":15,\"wnaCost\":440000,\"mealCostPerPerson\":360000,\"WithoutAccomodation\":1127865.6,\"Guesthouse\":1221465.6,\"Homestay\":1354665.6,\"TwoStar\":1336665.6,\"ThreeStar\":1516665.6,\"FourStar\":1783065.6,\"FiveStar\":2020665.6},{\"vehicle\":\"Elf Giga\",\"user\":16,\"wnaCost\":440000,\"mealCostPerPerson\":356250,\"WithoutAccomodation\":1100371.5,\"Guesthouse\":1181371.5,\"Homestay\":1316371.5,\"TwoStar\":1289371.5,\"ThreeStar\":1451371.5,\"FourStar\":1694371.5,\"FiveStar\":1910371.5},{\"vehicle\":\"Elf Giga\",\"user\":17,\"wnaCost\":440000,\"mealCostPerPerson\":352941.18,\"WithoutAccomodation\":1088817.88,\"Guesthouse\":1180935.53,\"Homestay\":1292112,\"TwoStar\":1295288.47,\"ThreeStar\":1473170.82,\"FourStar\":1736817.88,\"FiveStar\":1971876.71},{\"vehicle\":\"Medium Bus\",\"user\":18,\"wnaCost\":440000,\"mealCostPerPerson\":350000,\"WithoutAccomodation\":1180548,\"Guesthouse\":1261548,\"Homestay\":1384548,\"TwoStar\":1369548,\"ThreeStar\":1531548,\"FourStar\":1774548,\"FiveStar\":1990548},{\"vehicle\":\"Medium Bus\",\"user\":19,\"wnaCost\":440000,\"mealCostPerPerson\":363157.89,\"WithoutAccomodation\":1183043.37,\"Guesthouse\":1273990.74,\"Homestay\":1407569.68,\"TwoStar\":1387674.95,\"ThreeStar\":1563885.47,\"FourStar\":1825359.16,\"FiveStar\":2058411.79},{\"vehicle\":\"Medium Bus\",\"user\":20,\"wnaCost\":440000,\"mealCostPerPerson\":360000,\"WithoutAccomodation\":1401289.2,\"Guesthouse\":1482289.2,\"Homestay\":1617289.2,\"TwoStar\":1590289.2,\"ThreeStar\":1752289.2,\"FourStar\":1995289.2,\"FiveStar\":2211289.2},{\"vehicle\":\"Medium Bus\",\"user\":21,\"wnaCost\":440000,\"mealCostPerPerson\":357142.86,\"WithoutAccomodation\":1377606.86,\"Guesthouse\":1467606.86,\"Homestay\":1583321.14,\"TwoStar\":1580749.71,\"ThreeStar\":1755606.86,\"FourStar\":2015321.14,\"FiveStar\":2246749.71},{\"vehicle\":\"Medium Bus\",\"user\":22,\"wnaCost\":440000,\"mealCostPerPerson\":354545.45,\"WithoutAccomodation\":1346259.27,\"Guesthouse\":1427259.27,\"Homestay\":1552441.09,\"TwoStar\":1535259.27,\"ThreeStar\":1697259.27,\"FourStar\":1940259.27,\"FiveStar\":2156259.27},{\"vehicle\":\"Medium Bus\",\"user\":23,\"wnaCost\":440000,\"mealCostPerPerson\":352173.91,\"WithoutAccomodation\":1327028.87,\"Guesthouse\":1416246.26,\"Homestay\":1550072.35,\"TwoStar\":1528941.91,\"ThreeStar\":1702681.04,\"FourStar\":1960941.91,\"FiveStar\":2191028.87},{\"vehicle\":\"Medium Bus\",\"user\":24,\"wnaCost\":440000,\"mealCostPerPerson\":350000,\"WithoutAccomodation\":1300401,\"Guesthouse\":1381401,\"Homestay\":1516401,\"TwoStar\":1489401,\"ThreeStar\":1651401,\"FourStar\":1894401,\"FiveStar\":2110401},{\"vehicle\":\"Medium Bus\",\"user\":25,\"wnaCost\":440000,\"mealCostPerPerson\":348000,\"WithoutAccomodation\":1284543.36,\"Guesthouse\":1373103.36,\"Homestay\":1491903.36,\"TwoStar\":1485423.36,\"ThreeStar\":1658223.36,\"FourStar\":1915263.36,\"FiveStar\":2144223.36},{\"vehicle\":\"Medium Bus\",\"user\":26,\"wnaCost\":440000,\"mealCostPerPerson\":346153.85,\"WithoutAccomodation\":1261597.85,\"Guesthouse\":1342597.85,\"Homestay\":1469290.15,\"TwoStar\":1450597.85,\"ThreeStar\":1612597.85,\"FourStar\":1855597.85,\"FiveStar\":2071597.85},{\"vehicle\":\"Medium Bus\",\"user\":27,\"wnaCost\":440000,\"mealCostPerPerson\":344444.44,\"WithoutAccomodation\":1248352,\"Guesthouse\":1336352,\"Homestay\":1470352,\"TwoStar\":1448352,\"ThreeStar\":1620352,\"FourStar\":1876352,\"FiveStar\":2104352},{\"vehicle\":\"Medium Bus\",\"user\":28,\"wnaCost\":440000,\"mealCostPerPerson\":342857.14,\"WithoutAccomodation\":1228338,\"Guesthouse\":1309338,\"Homestay\":1444338,\"TwoStar\":1417338,\"ThreeStar\":1579338,\"FourStar\":1822338,\"FiveStar\":2038338},{\"vehicle\":\"Medium Bus\",\"user\":29,\"wnaCost\":440000,\"mealCostPerPerson\":341379.31,\"WithoutAccomodation\":1217152.55,\"Guesthouse\":1304669.79,\"Homestay\":1425704.28,\"TwoStar\":1416393.93,\"ThreeStar\":1587704.28,\"FourStar\":1842807.72,\"FiveStar\":2069980.14},{\"vehicle\":\"Medium Bus\",\"user\":30,\"wnaCost\":440000,\"mealCostPerPerson\":340000,\"WithoutAccomodation\":1199512.8,\"Guesthouse\":1280512.8,\"Homestay\":1408312.8,\"TwoStar\":1388512.8,\"ThreeStar\":1550512.8,\"FourStar\":1793512.8,\"FiveStar\":2009512.8},{\"vehicle\":\"Big Bus HD\",\"user\":31,\"wnaCost\":440000,\"mealCostPerPerson\":348387.1,\"WithoutAccomodation\":1304598.19,\"Guesthouse\":1391694.97,\"Homestay\":1525824,\"TwoStar\":1503178.84,\"ThreeStar\":1673888.52,\"FourStar\":1928211.1,\"FiveStar\":2154662.71},{\"vehicle\":\"Big Bus HD\",\"user\":32,\"wnaCost\":440000,\"mealCostPerPerson\":346875,\"WithoutAccomodation\":1284990.75,\"Guesthouse\":1365990.75,\"Homestay\":1500990.75,\"TwoStar\":1473990.75,\"ThreeStar\":1635990.75,\"FourStar\":1878990.75,\"FiveStar\":2094990.75},{\"vehicle\":\"Big Bus HD\",\"user\":33,\"wnaCost\":440000,\"mealCostPerPerson\":345454.55,\"WithoutAccomodation\":1273117.09,\"Guesthouse\":1359844.36,\"Homestay\":1482571.64,\"TwoStar\":1471117.09,\"ThreeStar\":1641298.91,\"FourStar\":1894935.27,\"FiveStar\":2120753.45},{\"vehicle\":\"Big Bus HD\",\"user\":34,\"wnaCost\":440000,\"mealCostPerPerson\":344117.65,\"WithoutAccomodation\":1255588.94,\"Guesthouse\":1336588.94,\"Homestay\":1465236,\"TwoStar\":1444588.94,\"ThreeStar\":1606588.94,\"FourStar\":1849588.94,\"FiveStar\":2065588.94},{\"vehicle\":\"Big Bus HD\",\"user\":35,\"wnaCost\":440000,\"mealCostPerPerson\":342857.14,\"WithoutAccomodation\":1245233.83,\"Guesthouse\":1331633.83,\"Homestay\":1465862.4,\"TwoStar\":1442719.54,\"ThreeStar\":1612433.83,\"FourStar\":1865462.4,\"FiveStar\":2090719.54},{\"vehicle\":\"Big Bus HD\",\"user\":36,\"wnaCost\":440000,\"mealCostPerPerson\":341666.67,\"WithoutAccomodation\":1229454,\"Guesthouse\":1310454,\"Homestay\":1445454,\"TwoStar\":1418454,\"ThreeStar\":1580454,\"FourStar\":1823454,\"FiveStar\":2039454},{\"vehicle\":\"Big Bus HD\",\"user\":37,\"wnaCost\":440000,\"mealCostPerPerson\":340540.54,\"WithoutAccomodation\":1220364.97,\"Guesthouse\":1306473.08,\"Homestay\":1430527.14,\"TwoStar\":1417392,\"ThreeStar\":1586689.3,\"FourStar\":1839175.78,\"FiveStar\":2063932.54},{\"vehicle\":\"Big Bus HD\",\"user\":38,\"wnaCost\":440000,\"mealCostPerPerson\":339473.68,\"WithoutAccomodation\":1206070.11,\"Guesthouse\":1287070.11,\"Homestay\":1416385.89,\"TwoStar\":1395070.11,\"ThreeStar\":1557070.11,\"FourStar\":1800070.11,\"FiveStar\":2016070.11},{\"vehicle\":\"Big Bus HD\",\"user\":39,\"wnaCost\":440000,\"mealCostPerPerson\":338461.54,\"WithoutAccomodation\":1198046.77,\"Guesthouse\":1283892.92,\"Homestay\":1418200.62,\"TwoStar\":1394662.15,\"ThreeStar\":1563585.23,\"FourStar\":1815585.23,\"FiveStar\":2039892.92},{\"vehicle\":\"Big Bus HD\",\"user\":40,\"wnaCost\":440000,\"mealCostPerPerson\":337500,\"WithoutAccomodation\":1185024.6,\"Guesthouse\":1266024.6,\"Homestay\":1401024.6,\"TwoStar\":1374024.6,\"ThreeStar\":1536024.6,\"FourStar\":1779024.6,\"FiveStar\":1995024.6},{\"vehicle\":\"Big Bus HD\",\"user\":41,\"wnaCost\":440000,\"mealCostPerPerson\":343902.44,\"WithoutAccomodation\":1185808.39,\"Guesthouse\":1271418.15,\"Homestay\":1396540.1,\"TwoStar\":1382052.29,\"ThreeStar\":1550637.66,\"FourStar\":1802198.63,\"FiveStar\":2026101.07},{\"vehicle\":\"Big Bus HD\",\"user\":42,\"wnaCost\":440000,\"mealCostPerPerson\":342857.14,\"WithoutAccomodation\":1173697.71,\"Guesthouse\":1254697.71,\"Homestay\":1384554.86,\"TwoStar\":1362697.71,\"ThreeStar\":1524697.71,\"FourStar\":1767697.71,\"FiveStar\":1983697.71},{\"vehicle\":\"Big Bus HD\",\"user\":43,\"wnaCost\":440000,\"mealCostPerPerson\":341860.47,\"WithoutAccomodation\":1167173.58,\"Guesthouse\":1252568.93,\"Homestay\":1386941.02,\"TwoStar\":1363080.56,\"ThreeStar\":1531359.63,\"FourStar\":1782522.42,\"FiveStar\":2006057.3},{\"vehicle\":\"Big Bus HD\",\"user\":44,\"wnaCost\":440000,\"mealCostPerPerson\":340909.09,\"WithoutAccomodation\":1156036.91,\"Guesthouse\":1237036.91,\"Homestay\":1372036.91,\"TwoStar\":1345036.91,\"ThreeStar\":1507036.91,\"FourStar\":1750036.91,\"FiveStar\":1966036.91},{\"vehicle\":\"Big Bus HD\",\"user\":45,\"wnaCost\":440000,\"mealCostPerPerson\":340000,\"WithoutAccomodation\":1150195.2,\"Guesthouse\":1235395.2,\"Homestay\":1361395.2,\"TwoStar\":1345795.2,\"ThreeStar\":1513795.2,\"FourStar\":1764595.2,\"FiveStar\":1987795.2},{\"vehicle\":\"Big Bus SHD\",\"user\":46,\"wnaCost\":440000,\"mealCostPerPerson\":339130.43,\"WithoutAccomodation\":1172781.39,\"Guesthouse\":1253781.39,\"Homestay\":1384085.74,\"TwoStar\":1361781.39,\"ThreeStar\":1523781.39,\"FourStar\":1766781.39,\"FiveStar\":1982781.39},{\"vehicle\":\"Big Bus SHD\",\"user\":47,\"wnaCost\":440000,\"mealCostPerPerson\":338297.87,\"WithoutAccomodation\":1166832,\"Guesthouse\":1251853.28,\"Homestay\":1386278.81,\"TwoStar\":1362151.15,\"ThreeStar\":1529895.83,\"FourStar\":1780363.91,\"FiveStar\":2003257.53},{\"vehicle\":\"Big Bus SHD\",\"user\":48,\"wnaCost\":440000,\"mealCostPerPerson\":337500,\"WithoutAccomodation\":1156630.5,\"Guesthouse\":1237630.5,\"Homestay\":1372630.5,\"TwoStar\":1345630.5,\"ThreeStar\":1507630.5,\"FourStar\":1750630.5,\"FiveStar\":1966630.5},{\"vehicle\":\"Big Bus SHD\",\"user\":49,\"wnaCost\":440000,\"mealCostPerPerson\":336734.69,\"WithoutAccomodation\":1151253.55,\"Guesthouse\":1236110.69,\"Homestay\":1362845.39,\"TwoStar\":1346314.78,\"ThreeStar\":1513824.98,\"FourStar\":1763988.24,\"FiveStar\":1986600.49},{\"vehicle\":\"Big Bus SHD\",\"user\":50,\"wnaCost\":440000,\"mealCostPerPerson\":336000,\"WithoutAccomodation\":1141771.68,\"Guesthouse\":1222771.68,\"Homestay\":1353451.68,\"TwoStar\":1330771.68,\"ThreeStar\":1492771.68,\"FourStar\":1735771.68,\"FiveStar\":1951771.68},{\"vehicle\":\"Big Bus SHD\",\"user\":51,\"wnaCost\":440000,\"mealCostPerPerson\":335294.12,\"WithoutAccomodation\":1136896.94,\"Guesthouse\":1221602.82,\"Homestay\":1356073.41,\"TwoStar\":1331720.47,\"ThreeStar\":1499014.59,\"FourStar\":1748896.94,\"FiveStar\":1971249.88},{\"vehicle\":\"Big Bus SHD\",\"user\":52,\"wnaCost\":440000,\"mealCostPerPerson\":334615.38,\"WithoutAccomodation\":1128055.85,\"Guesthouse\":1209055.85,\"Homestay\":1344055.85,\"TwoStar\":1317055.85,\"ThreeStar\":1479055.85,\"FourStar\":1722055.85,\"FiveStar\":1938055.85},{\"vehicle\":\"Big Bus SHD\",\"user\":53,\"wnaCost\":440000,\"mealCostPerPerson\":333962.26,\"WithoutAccomodation\":1123623.85,\"Guesthouse\":1208189.89,\"Homestay\":1335548.38,\"TwoStar\":1318227.62,\"ThreeStar\":1485321.96,\"FourStar\":1734944.6,\"FiveStar\":1957057.81},{\"vehicle\":\"Big Bus SHD\",\"user\":54,\"wnaCost\":440000,\"mealCostPerPerson\":333333.33,\"WithoutAccomodation\":1115356,\"Guesthouse\":1196356,\"Homestay\":1327356,\"TwoStar\":1304356,\"ThreeStar\":1466356,\"FourStar\":1709356,\"FiveStar\":1925356},{\"vehicle\":\"Big Bus SHD\",\"user\":55,\"wnaCost\":440000,\"mealCostPerPerson\":332727.27,\"WithoutAccomodation\":1111316.07,\"Guesthouse\":1195752.44,\"Homestay\":1330261.53,\"TwoStar\":1305716.07,\"ThreeStar\":1472625.16,\"FourStar\":1722006.98,\"FiveStar\":1943897.89}]},{\"Price Type\":\"Exclude Meal\",\"data\":[{\"Price Type\":\"Exclude Meal\"},{\"vehicle\":\"Avanza\",\"user\":1,\"wnaCost\":440000,\"mealCostPerPerson\":300000,\"WithoutAccomodation\":2512944,\"Guesthouse\":2782944,\"Homestay\":3430944,\"TwoStar\":2998944,\"ThreeStar\":3430944,\"FourStar\":4024944,\"FiveStar\":4564944},{\"vehicle\":\"Avanza\",\"user\":2,\"wnaCost\":440000,\"mealCostPerPerson\":150000,\"WithoutAccomodation\":1438452,\"Guesthouse\":1519452,\"Homestay\":1924452,\"TwoStar\":1627452,\"ThreeStar\":1789452,\"FourStar\":2032452,\"FiveStar\":2248452},{\"vehicle\":\"Avanza\",\"user\":3,\"wnaCost\":440000,\"mealCostPerPerson\":100000,\"WithoutAccomodation\":1152288,\"Guesthouse\":1296288,\"Homestay\":1422288,\"TwoStar\":1440288,\"ThreeStar\":1692288,\"FourStar\":2052288,\"FiveStar\":2376288},{\"vehicle\":\"Avanza\",\"user\":4,\"wnaCost\":440000,\"mealCostPerPerson\":75000,\"WithoutAccomodation\":955206,\"Guesthouse\":1036206,\"Homestay\":1171206,\"TwoStar\":1144206,\"ThreeStar\":1306206,\"FourStar\":1549206,\"FiveStar\":1765206},{\"vehicle\":\"Avanza\",\"user\":5,\"wnaCost\":440000,\"mealCostPerPerson\":60000,\"WithoutAccomodation\":880156.8,\"Guesthouse\":998956.8,\"Homestay\":1052956.8,\"TwoStar\":1128556.8,\"ThreeStar\":1344556.8,\"FourStar\":1657756.8,\"FiveStar\":1938556.8},{\"vehicle\":\"Innova\",\"user\":6,\"wnaCost\":440000,\"mealCostPerPerson\":50000,\"WithoutAccomodation\":866124,\"Guesthouse\":947124,\"Homestay\":1046124,\"TwoStar\":1055124,\"ThreeStar\":1217124,\"FourStar\":1460124,\"FiveStar\":1676124},{\"vehicle\":\"Hiace Commuter\",\"user\":7,\"wnaCost\":440000,\"mealCostPerPerson\":85714.29,\"WithoutAccomodation\":1106043.43,\"Guesthouse\":1214043.43,\"Homestay\":1345186.29,\"TwoStar\":1337472,\"ThreeStar\":1538043.43,\"FourStar\":1831186.29,\"FiveStar\":2093472},{\"vehicle\":\"Hiace Commuter\",\"user\":8,\"wnaCost\":440000,\"mealCostPerPerson\":75000,\"WithoutAccomodation\":1013283,\"Guesthouse\":1094283,\"Homestay\":1229283,\"TwoStar\":1202283,\"ThreeStar\":1364283,\"FourStar\":1607283,\"FiveStar\":1823283},{\"vehicle\":\"Hiace Commuter\",\"user\":9,\"wnaCost\":440000,\"mealCostPerPerson\":66666.67,\"WithoutAccomodation\":965136,\"Guesthouse\":1067136,\"Homestay\":1157136,\"TwoStar\":1187136,\"ThreeStar\":1379136,\"FourStar\":1661136,\"FiveStar\":1913136},{\"vehicle\":\"Hiace Commuter\",\"user\":10,\"wnaCost\":440000,\"mealCostPerPerson\":60000,\"WithoutAccomodation\":905018.4,\"Guesthouse\":986018.4,\"Homestay\":1099418.4,\"TwoStar\":1094018.4,\"ThreeStar\":1256018.4,\"FourStar\":1499018.4,\"FiveStar\":1715018.4},{\"vehicle\":\"Hiace Commuter\",\"user\":11,\"wnaCost\":440000,\"mealCostPerPerson\":54545.45,\"WithoutAccomodation\":875467.64,\"Guesthouse\":973649.45,\"Homestay\":1106194.91,\"TwoStar\":1091467.64,\"ThreeStar\":1278013.09,\"FourStar\":1552922.18,\"FiveStar\":1798376.73},{\"vehicle\":\"Hiace Commuter\",\"user\":12,\"wnaCost\":440000,\"mealCostPerPerson\":50000,\"WithoutAccomodation\":832842,\"Guesthouse\":913842,\"Homestay\":1048842,\"TwoStar\":1021842,\"ThreeStar\":1183842,\"FourStar\":1426842,\"FiveStar\":1642842},{\"vehicle\":\"Elf Giga\",\"user\":13,\"wnaCost\":440000,\"mealCostPerPerson\":69230.77,\"WithoutAccomodation\":854928,\"Guesthouse\":950466.46,\"Homestay\":1054312.62,\"TwoStar\":1066774.15,\"ThreeStar\":1249543.38,\"FourStar\":1519543.38,\"FiveStar\":1760466.46},{\"vehicle\":\"Elf Giga\",\"user\":14,\"wnaCost\":440000,\"mealCostPerPerson\":64285.71,\"WithoutAccomodation\":819858.86,\"Guesthouse\":900858.86,\"Homestay\":1020430.29,\"TwoStar\":1008858.86,\"ThreeStar\":1170858.86,\"FourStar\":1413858.86,\"FiveStar\":1629858.86},{\"vehicle\":\"Elf Giga\",\"user\":15,\"wnaCost\":440000,\"mealCostPerPerson\":60000,\"WithoutAccomodation\":803865.6,\"Guesthouse\":897465.6,\"Homestay\":1030665.6,\"TwoStar\":1012665.6,\"ThreeStar\":1192665.6,\"FourStar\":1459065.6,\"FiveStar\":1696665.6},{\"vehicle\":\"Elf Giga\",\"user\":16,\"wnaCost\":440000,\"mealCostPerPerson\":56250,\"WithoutAccomodation\":776371.5,\"Guesthouse\":857371.5,\"Homestay\":992371.5,\"TwoStar\":965371.5,\"ThreeStar\":1127371.5,\"FourStar\":1370371.5,\"FiveStar\":1586371.5},{\"vehicle\":\"Elf Giga\",\"user\":17,\"wnaCost\":440000,\"mealCostPerPerson\":52941.18,\"WithoutAccomodation\":764817.88,\"Guesthouse\":856935.53,\"Homestay\":968112,\"TwoStar\":971288.47,\"ThreeStar\":1149170.82,\"FourStar\":1412817.88,\"FiveStar\":1647876.71},{\"vehicle\":\"Medium Bus\",\"user\":18,\"wnaCost\":440000,\"mealCostPerPerson\":50000,\"WithoutAccomodation\":856548,\"Guesthouse\":937548,\"Homestay\":1060548,\"TwoStar\":1045548,\"ThreeStar\":1207548,\"FourStar\":1450548,\"FiveStar\":1666548},{\"vehicle\":\"Medium Bus\",\"user\":19,\"wnaCost\":440000,\"mealCostPerPerson\":63157.89,\"WithoutAccomodation\":859043.37,\"Guesthouse\":949990.74,\"Homestay\":1083569.68,\"TwoStar\":1063674.95,\"ThreeStar\":1239885.47,\"FourStar\":1501359.16,\"FiveStar\":1734411.79},{\"vehicle\":\"Medium Bus\",\"user\":20,\"wnaCost\":440000,\"mealCostPerPerson\":60000,\"WithoutAccomodation\":1077289.2,\"Guesthouse\":1158289.2,\"Homestay\":1293289.2,\"TwoStar\":1266289.2,\"ThreeStar\":1428289.2,\"FourStar\":1671289.2,\"FiveStar\":1887289.2},{\"vehicle\":\"Medium Bus\",\"user\":21,\"wnaCost\":440000,\"mealCostPerPerson\":57142.86,\"WithoutAccomodation\":1053606.86,\"Guesthouse\":1143606.86,\"Homestay\":1259321.14,\"TwoStar\":1256749.71,\"ThreeStar\":1431606.86,\"FourStar\":1691321.14,\"FiveStar\":1922749.71},{\"vehicle\":\"Medium Bus\",\"user\":22,\"wnaCost\":440000,\"mealCostPerPerson\":54545.45,\"WithoutAccomodation\":1022259.27,\"Guesthouse\":1103259.27,\"Homestay\":1228441.09,\"TwoStar\":1211259.27,\"ThreeStar\":1373259.27,\"FourStar\":1616259.27,\"FiveStar\":1832259.27},{\"vehicle\":\"Medium Bus\",\"user\":23,\"wnaCost\":440000,\"mealCostPerPerson\":52173.91,\"WithoutAccomodation\":1003028.87,\"Guesthouse\":1092246.26,\"Homestay\":1226072.35,\"TwoStar\":1204941.91,\"ThreeStar\":1378681.04,\"FourStar\":1636941.91,\"FiveStar\":1867028.87},{\"vehicle\":\"Medium Bus\",\"user\":24,\"wnaCost\":440000,\"mealCostPerPerson\":50000,\"WithoutAccomodation\":976401,\"Guesthouse\":1057401,\"Homestay\":1192401,\"TwoStar\":1165401,\"ThreeStar\":1327401,\"FourStar\":1570401,\"FiveStar\":1786401},{\"vehicle\":\"Medium Bus\",\"user\":25,\"wnaCost\":440000,\"mealCostPerPerson\":48000,\"WithoutAccomodation\":960543.36,\"Guesthouse\":1049103.36,\"Homestay\":1167903.36,\"TwoStar\":1161423.36,\"ThreeStar\":1334223.36,\"FourStar\":1591263.36,\"FiveStar\":1820223.36},{\"vehicle\":\"Medium Bus\",\"user\":26,\"wnaCost\":440000,\"mealCostPerPerson\":46153.85,\"WithoutAccomodation\":937597.85,\"Guesthouse\":1018597.85,\"Homestay\":1145290.15,\"TwoStar\":1126597.85,\"ThreeStar\":1288597.85,\"FourStar\":1531597.85,\"FiveStar\":1747597.85},{\"vehicle\":\"Medium Bus\",\"user\":27,\"wnaCost\":440000,\"mealCostPerPerson\":44444.44,\"WithoutAccomodation\":924352,\"Guesthouse\":1012352,\"Homestay\":1146352,\"TwoStar\":1124352,\"ThreeStar\":1296352,\"FourStar\":1552352,\"FiveStar\":1780352},{\"vehicle\":\"Medium Bus\",\"user\":28,\"wnaCost\":440000,\"mealCostPerPerson\":42857.14,\"WithoutAccomodation\":904338,\"Guesthouse\":985338,\"Homestay\":1120338,\"TwoStar\":1093338,\"ThreeStar\":1255338,\"FourStar\":1498338,\"FiveStar\":1714338},{\"vehicle\":\"Medium Bus\",\"user\":29,\"wnaCost\":440000,\"mealCostPerPerson\":41379.31,\"WithoutAccomodation\":893152.55,\"Guesthouse\":980669.79,\"Homestay\":1101704.28,\"TwoStar\":1092393.93,\"ThreeStar\":1263704.28,\"FourStar\":1518807.72,\"FiveStar\":1745980.14},{\"vehicle\":\"Medium Bus\",\"user\":30,\"wnaCost\":440000,\"mealCostPerPerson\":40000,\"WithoutAccomodation\":875512.8,\"Guesthouse\":956512.8,\"Homestay\":1084312.8,\"TwoStar\":1064512.8,\"ThreeStar\":1226512.8,\"FourStar\":1469512.8,\"FiveStar\":1685512.8},{\"vehicle\":\"Big Bus HD\",\"user\":31,\"wnaCost\":440000,\"mealCostPerPerson\":48387.1,\"WithoutAccomodation\":980598.19,\"Guesthouse\":1067694.97,\"Homestay\":1201824,\"TwoStar\":1179178.84,\"ThreeStar\":1349888.52,\"FourStar\":1604211.1,\"FiveStar\":1830662.71},{\"vehicle\":\"Big Bus HD\",\"user\":32,\"wnaCost\":440000,\"mealCostPerPerson\":46875,\"WithoutAccomodation\":960990.75,\"Guesthouse\":1041990.75,\"Homestay\":1176990.75,\"TwoStar\":1149990.75,\"ThreeStar\":1311990.75,\"FourStar\":1554990.75,\"FiveStar\":1770990.75},{\"vehicle\":\"Big Bus HD\",\"user\":33,\"wnaCost\":440000,\"mealCostPerPerson\":45454.55,\"WithoutAccomodation\":949117.09,\"Guesthouse\":1035844.36,\"Homestay\":1158571.64,\"TwoStar\":1147117.09,\"ThreeStar\":1317298.91,\"FourStar\":1570935.27,\"FiveStar\":1796753.45},{\"vehicle\":\"Big Bus HD\",\"user\":34,\"wnaCost\":440000,\"mealCostPerPerson\":44117.65,\"WithoutAccomodation\":931588.94,\"Guesthouse\":1012588.94,\"Homestay\":1141236,\"TwoStar\":1120588.94,\"ThreeStar\":1282588.94,\"FourStar\":1525588.94,\"FiveStar\":1741588.94},{\"vehicle\":\"Big Bus HD\",\"user\":35,\"wnaCost\":440000,\"mealCostPerPerson\":42857.14,\"WithoutAccomodation\":921233.83,\"Guesthouse\":1007633.83,\"Homestay\":1141862.4,\"TwoStar\":1118719.54,\"ThreeStar\":1288433.83,\"FourStar\":1541462.4,\"FiveStar\":1766719.54},{\"vehicle\":\"Big Bus HD\",\"user\":36,\"wnaCost\":440000,\"mealCostPerPerson\":41666.67,\"WithoutAccomodation\":905454,\"Guesthouse\":986454,\"Homestay\":1121454,\"TwoStar\":1094454,\"ThreeStar\":1256454,\"FourStar\":1499454,\"FiveStar\":1715454},{\"vehicle\":\"Big Bus HD\",\"user\":37,\"wnaCost\":440000,\"mealCostPerPerson\":40540.54,\"WithoutAccomodation\":896364.97,\"Guesthouse\":982473.08,\"Homestay\":1106527.14,\"TwoStar\":1093392,\"ThreeStar\":1262689.3,\"FourStar\":1515175.78,\"FiveStar\":1739932.54},{\"vehicle\":\"Big Bus HD\",\"user\":38,\"wnaCost\":440000,\"mealCostPerPerson\":39473.68,\"WithoutAccomodation\":882070.11,\"Guesthouse\":963070.11,\"Homestay\":1092385.89,\"TwoStar\":1071070.11,\"ThreeStar\":1233070.11,\"FourStar\":1476070.11,\"FiveStar\":1692070.11},{\"vehicle\":\"Big Bus HD\",\"user\":39,\"wnaCost\":440000,\"mealCostPerPerson\":38461.54,\"WithoutAccomodation\":874046.77,\"Guesthouse\":959892.92,\"Homestay\":1094200.62,\"TwoStar\":1070662.15,\"ThreeStar\":1239585.23,\"FourStar\":1491585.23,\"FiveStar\":1715892.92},{\"vehicle\":\"Big Bus HD\",\"user\":40,\"wnaCost\":440000,\"mealCostPerPerson\":37500,\"WithoutAccomodation\":861024.6,\"Guesthouse\":942024.6,\"Homestay\":1077024.6,\"TwoStar\":1050024.6,\"ThreeStar\":1212024.6,\"FourStar\":1455024.6,\"FiveStar\":1671024.6},{\"vehicle\":\"Big Bus HD\",\"user\":41,\"wnaCost\":440000,\"mealCostPerPerson\":43902.44,\"WithoutAccomodation\":861808.39,\"Guesthouse\":947418.15,\"Homestay\":1072540.1,\"TwoStar\":1058052.29,\"ThreeStar\":1226637.66,\"FourStar\":1478198.63,\"FiveStar\":1702101.07},{\"vehicle\":\"Big Bus HD\",\"user\":42,\"wnaCost\":440000,\"mealCostPerPerson\":42857.14,\"WithoutAccomodation\":849697.71,\"Guesthouse\":930697.71,\"Homestay\":1060554.86,\"TwoStar\":1038697.71,\"ThreeStar\":1200697.71,\"FourStar\":1443697.71,\"FiveStar\":1659697.71},{\"vehicle\":\"Big Bus HD\",\"user\":43,\"wnaCost\":440000,\"mealCostPerPerson\":41860.47,\"WithoutAccomodation\":843173.58,\"Guesthouse\":928568.93,\"Homestay\":1062941.02,\"TwoStar\":1039080.56,\"ThreeStar\":1207359.63,\"FourStar\":1458522.42,\"FiveStar\":1682057.3},{\"vehicle\":\"Big Bus HD\",\"user\":44,\"wnaCost\":440000,\"mealCostPerPerson\":40909.09,\"WithoutAccomodation\":832036.91,\"Guesthouse\":913036.91,\"Homestay\":1048036.91,\"TwoStar\":1021036.91,\"ThreeStar\":1183036.91,\"FourStar\":1426036.91,\"FiveStar\":1642036.91},{\"vehicle\":\"Big Bus HD\",\"user\":45,\"wnaCost\":440000,\"mealCostPerPerson\":40000,\"WithoutAccomodation\":826195.2,\"Guesthouse\":911395.2,\"Homestay\":1037395.2,\"TwoStar\":1021795.2,\"ThreeStar\":1189795.2,\"FourStar\":1440595.2,\"FiveStar\":1663795.2},{\"vehicle\":\"Big Bus SHD\",\"user\":46,\"wnaCost\":440000,\"mealCostPerPerson\":39130.43,\"WithoutAccomodation\":848781.39,\"Guesthouse\":929781.39,\"Homestay\":1060085.74,\"TwoStar\":1037781.39,\"ThreeStar\":1199781.39,\"FourStar\":1442781.39,\"FiveStar\":1658781.39},{\"vehicle\":\"Big Bus SHD\",\"user\":47,\"wnaCost\":440000,\"mealCostPerPerson\":38297.87,\"WithoutAccomodation\":842832,\"Guesthouse\":927853.28,\"Homestay\":1062278.81,\"TwoStar\":1038151.15,\"ThreeStar\":1205895.83,\"FourStar\":1456363.91,\"FiveStar\":1679257.53},{\"vehicle\":\"Big Bus SHD\",\"user\":48,\"wnaCost\":440000,\"mealCostPerPerson\":37500,\"WithoutAccomodation\":832630.5,\"Guesthouse\":913630.5,\"Homestay\":1048630.5,\"TwoStar\":1021630.5,\"ThreeStar\":1183630.5,\"FourStar\":1426630.5,\"FiveStar\":1642630.5},{\"vehicle\":\"Big Bus SHD\",\"user\":49,\"wnaCost\":440000,\"mealCostPerPerson\":36734.69,\"WithoutAccomodation\":827253.55,\"Guesthouse\":912110.69,\"Homestay\":1038845.39,\"TwoStar\":1022314.78,\"ThreeStar\":1189824.98,\"FourStar\":1439988.24,\"FiveStar\":1662600.49},{\"vehicle\":\"Big Bus SHD\",\"user\":50,\"wnaCost\":440000,\"mealCostPerPerson\":36000,\"WithoutAccomodation\":817771.68,\"Guesthouse\":898771.68,\"Homestay\":1029451.68,\"TwoStar\":1006771.68,\"ThreeStar\":1168771.68,\"FourStar\":1411771.68,\"FiveStar\":1627771.68},{\"vehicle\":\"Big Bus SHD\",\"user\":51,\"wnaCost\":440000,\"mealCostPerPerson\":35294.12,\"WithoutAccomodation\":812896.94,\"Guesthouse\":897602.82,\"Homestay\":1032073.41,\"TwoStar\":1007720.47,\"ThreeStar\":1175014.59,\"FourStar\":1424896.94,\"FiveStar\":1647249.88},{\"vehicle\":\"Big Bus SHD\",\"user\":52,\"wnaCost\":440000,\"mealCostPerPerson\":34615.38,\"WithoutAccomodation\":804055.85,\"Guesthouse\":885055.85,\"Homestay\":1020055.85,\"TwoStar\":993055.85,\"ThreeStar\":1155055.85,\"FourStar\":1398055.85,\"FiveStar\":1614055.85},{\"vehicle\":\"Big Bus SHD\",\"user\":53,\"wnaCost\":440000,\"mealCostPerPerson\":33962.26,\"WithoutAccomodation\":799623.85,\"Guesthouse\":884189.89,\"Homestay\":1011548.38,\"TwoStar\":994227.62,\"ThreeStar\":1161321.96,\"FourStar\":1410944.6,\"FiveStar\":1633057.81},{\"vehicle\":\"Big Bus SHD\",\"user\":54,\"wnaCost\":440000,\"mealCostPerPerson\":33333.33,\"WithoutAccomodation\":791356,\"Guesthouse\":872356,\"Homestay\":1003356,\"TwoStar\":980356,\"ThreeStar\":1142356,\"FourStar\":1385356,\"FiveStar\":1601356},{\"vehicle\":\"Big Bus SHD\",\"user\":55,\"wnaCost\":440000,\"mealCostPerPerson\":32727.27,\"WithoutAccomodation\":787316.07,\"Guesthouse\":871752.44,\"Homestay\":1006261.53,\"TwoStar\":981716.07,\"ThreeStar\":1148625.16,\"FourStar\":1398006.98,\"FiveStar\":1619897.89}]}]', '2025-02-24 01:56:47', '2025-02-24 01:56:47');
INSERT INTO `package_two_prices` (`id`, `package_two_day_id`, `price_data`, `created_at`, `updated_at`) VALUES
(37, 40, '[{\"Price Type\":\"Include Meal\",\"data\":[{\"Price Type\":\"Include Meal\"},{\"vehicle\":\"Avanza\",\"user\":1,\"wnaCost\":135000,\"mealCostPerPerson\":600000,\"WithoutAccomodation\":2809944,\"Guesthouse\":3079944,\"Homestay\":3727944,\"TwoStar\":3295944,\"ThreeStar\":3727944,\"FourStar\":4321944,\"FiveStar\":4861944},{\"vehicle\":\"Avanza\",\"user\":2,\"wnaCost\":135000,\"mealCostPerPerson\":450000,\"WithoutAccomodation\":1743552,\"Guesthouse\":1824552,\"Homestay\":2229552,\"TwoStar\":1932552,\"ThreeStar\":2094552,\"FourStar\":2337552,\"FiveStar\":2553552},{\"vehicle\":\"Avanza\",\"user\":3,\"wnaCost\":135000,\"mealCostPerPerson\":400000,\"WithoutAccomodation\":1460088,\"Guesthouse\":1604088,\"Homestay\":1730088,\"TwoStar\":1748088,\"ThreeStar\":2000088,\"FourStar\":2360088,\"FiveStar\":2684088},{\"vehicle\":\"Avanza\",\"user\":4,\"wnaCost\":135000,\"mealCostPerPerson\":375000,\"WithoutAccomodation\":1264356,\"Guesthouse\":1345356,\"Homestay\":1480356,\"TwoStar\":1453356,\"ThreeStar\":1615356,\"FourStar\":1858356,\"FiveStar\":2074356},{\"vehicle\":\"Avanza\",\"user\":5,\"wnaCost\":135000,\"mealCostPerPerson\":360000,\"WithoutAccomodation\":1190116.8,\"Guesthouse\":1308916.8,\"Homestay\":1362916.8,\"TwoStar\":1438516.8,\"ThreeStar\":1654516.8,\"FourStar\":1967716.8,\"FiveStar\":2248516.8},{\"vehicle\":\"Innova\",\"user\":6,\"wnaCost\":135000,\"mealCostPerPerson\":350000,\"WithoutAccomodation\":1176624,\"Guesthouse\":1257624,\"Homestay\":1356624,\"TwoStar\":1365624,\"ThreeStar\":1527624,\"FourStar\":1770624,\"FiveStar\":1986624},{\"vehicle\":\"Hiace Commuter\",\"user\":7,\"wnaCost\":135000,\"mealCostPerPerson\":385714.29,\"WithoutAccomodation\":1416929.14,\"Guesthouse\":1524929.14,\"Homestay\":1656072,\"TwoStar\":1648357.71,\"ThreeStar\":1848929.14,\"FourStar\":2142072,\"FiveStar\":2404357.71},{\"vehicle\":\"Hiace Commuter\",\"user\":8,\"wnaCost\":135000,\"mealCostPerPerson\":375000,\"WithoutAccomodation\":1324458,\"Guesthouse\":1405458,\"Homestay\":1540458,\"TwoStar\":1513458,\"ThreeStar\":1675458,\"FourStar\":1918458,\"FiveStar\":2134458},{\"vehicle\":\"Hiace Commuter\",\"user\":9,\"wnaCost\":135000,\"mealCostPerPerson\":366666.67,\"WithoutAccomodation\":1276536,\"Guesthouse\":1378536,\"Homestay\":1468536,\"TwoStar\":1498536,\"ThreeStar\":1690536,\"FourStar\":1972536,\"FiveStar\":2224536},{\"vehicle\":\"Hiace Commuter\",\"user\":10,\"wnaCost\":135000,\"mealCostPerPerson\":360000,\"WithoutAccomodation\":1216598.4,\"Guesthouse\":1297598.4,\"Homestay\":1410998.4,\"TwoStar\":1405598.4,\"ThreeStar\":1567598.4,\"FourStar\":1810598.4,\"FiveStar\":2026598.4},{\"vehicle\":\"Hiace Commuter\",\"user\":11,\"wnaCost\":135000,\"mealCostPerPerson\":354545.45,\"WithoutAccomodation\":1187194.91,\"Guesthouse\":1285376.73,\"Homestay\":1417922.18,\"TwoStar\":1403194.91,\"ThreeStar\":1589740.36,\"FourStar\":1864649.45,\"FiveStar\":2110104},{\"vehicle\":\"Hiace Commuter\",\"user\":12,\"wnaCost\":135000,\"mealCostPerPerson\":350000,\"WithoutAccomodation\":1144692,\"Guesthouse\":1225692,\"Homestay\":1360692,\"TwoStar\":1333692,\"ThreeStar\":1495692,\"FourStar\":1738692,\"FiveStar\":1954692},{\"vehicle\":\"Elf Giga\",\"user\":13,\"wnaCost\":135000,\"mealCostPerPerson\":369230.77,\"WithoutAccomodation\":1166881.85,\"Guesthouse\":1262420.31,\"Homestay\":1366266.46,\"TwoStar\":1378728,\"ThreeStar\":1561497.23,\"FourStar\":1831497.23,\"FiveStar\":2072420.31},{\"vehicle\":\"Elf Giga\",\"user\":14,\"wnaCost\":135000,\"mealCostPerPerson\":364285.71,\"WithoutAccomodation\":1131901.71,\"Guesthouse\":1212901.71,\"Homestay\":1332473.14,\"TwoStar\":1320901.71,\"ThreeStar\":1482901.71,\"FourStar\":1725901.71,\"FiveStar\":1941901.71},{\"vehicle\":\"Elf Giga\",\"user\":15,\"wnaCost\":135000,\"mealCostPerPerson\":360000,\"WithoutAccomodation\":1115985.6,\"Guesthouse\":1209585.6,\"Homestay\":1342785.6,\"TwoStar\":1324785.6,\"ThreeStar\":1504785.6,\"FourStar\":1771185.6,\"FiveStar\":2008785.6},{\"vehicle\":\"Elf Giga\",\"user\":16,\"wnaCost\":135000,\"mealCostPerPerson\":356250,\"WithoutAccomodation\":1088559,\"Guesthouse\":1169559,\"Homestay\":1304559,\"TwoStar\":1277559,\"ThreeStar\":1439559,\"FourStar\":1682559,\"FiveStar\":1898559},{\"vehicle\":\"Elf Giga\",\"user\":17,\"wnaCost\":135000,\"mealCostPerPerson\":352941.18,\"WithoutAccomodation\":1077064.94,\"Guesthouse\":1169182.59,\"Homestay\":1280359.06,\"TwoStar\":1283535.53,\"ThreeStar\":1461417.88,\"FourStar\":1725064.94,\"FiveStar\":1960123.76},{\"vehicle\":\"Medium Bus\",\"user\":18,\"wnaCost\":135000,\"mealCostPerPerson\":350000,\"WithoutAccomodation\":1170948,\"Guesthouse\":1251948,\"Homestay\":1374948,\"TwoStar\":1359948,\"ThreeStar\":1521948,\"FourStar\":1764948,\"FiveStar\":1980948},{\"vehicle\":\"Medium Bus\",\"user\":19,\"wnaCost\":135000,\"mealCostPerPerson\":363157.89,\"WithoutAccomodation\":1173380.21,\"Guesthouse\":1264327.58,\"Homestay\":1397906.53,\"TwoStar\":1378011.79,\"ThreeStar\":1554222.32,\"FourStar\":1815696,\"FiveStar\":2048748.63},{\"vehicle\":\"Medium Bus\",\"user\":20,\"wnaCost\":135000,\"mealCostPerPerson\":360000,\"WithoutAccomodation\":1391569.2,\"Guesthouse\":1472569.2,\"Homestay\":1607569.2,\"TwoStar\":1580569.2,\"ThreeStar\":1742569.2,\"FourStar\":1985569.2,\"FiveStar\":2201569.2},{\"vehicle\":\"Medium Bus\",\"user\":21,\"wnaCost\":135000,\"mealCostPerPerson\":357142.86,\"WithoutAccomodation\":1367835.43,\"Guesthouse\":1457835.43,\"Homestay\":1573549.71,\"TwoStar\":1570978.29,\"ThreeStar\":1745835.43,\"FourStar\":2005549.71,\"FiveStar\":2236978.29},{\"vehicle\":\"Medium Bus\",\"user\":22,\"wnaCost\":135000,\"mealCostPerPerson\":354545.45,\"WithoutAccomodation\":1336441.09,\"Guesthouse\":1417441.09,\"Homestay\":1542622.91,\"TwoStar\":1525441.09,\"ThreeStar\":1687441.09,\"FourStar\":1930441.09,\"FiveStar\":2146441.09},{\"vehicle\":\"Medium Bus\",\"user\":23,\"wnaCost\":135000,\"mealCostPerPerson\":352173.91,\"WithoutAccomodation\":1317168,\"Guesthouse\":1406385.39,\"Homestay\":1540211.48,\"TwoStar\":1519081.04,\"ThreeStar\":1692820.17,\"FourStar\":1951081.04,\"FiveStar\":2181168},{\"vehicle\":\"Medium Bus\",\"user\":24,\"wnaCost\":135000,\"mealCostPerPerson\":350000,\"WithoutAccomodation\":1290501,\"Guesthouse\":1371501,\"Homestay\":1506501,\"TwoStar\":1479501,\"ThreeStar\":1641501,\"FourStar\":1884501,\"FiveStar\":2100501},{\"vehicle\":\"Medium Bus\",\"user\":25,\"wnaCost\":135000,\"mealCostPerPerson\":348000,\"WithoutAccomodation\":1274607.36,\"Guesthouse\":1363167.36,\"Homestay\":1481967.36,\"TwoStar\":1475487.36,\"ThreeStar\":1648287.36,\"FourStar\":1905327.36,\"FiveStar\":2134287.36},{\"vehicle\":\"Medium Bus\",\"user\":26,\"wnaCost\":135000,\"mealCostPerPerson\":346153.85,\"WithoutAccomodation\":1251628.62,\"Guesthouse\":1332628.62,\"Homestay\":1459320.92,\"TwoStar\":1440628.62,\"ThreeStar\":1602628.62,\"FourStar\":1845628.62,\"FiveStar\":2061628.62},{\"vehicle\":\"Medium Bus\",\"user\":27,\"wnaCost\":135000,\"mealCostPerPerson\":344444.44,\"WithoutAccomodation\":1238352,\"Guesthouse\":1326352,\"Homestay\":1460352,\"TwoStar\":1438352,\"ThreeStar\":1610352,\"FourStar\":1866352,\"FiveStar\":2094352},{\"vehicle\":\"Medium Bus\",\"user\":28,\"wnaCost\":135000,\"mealCostPerPerson\":342857.14,\"WithoutAccomodation\":1218309.43,\"Guesthouse\":1299309.43,\"Homestay\":1434309.43,\"TwoStar\":1407309.43,\"ThreeStar\":1569309.43,\"FourStar\":1812309.43,\"FiveStar\":2028309.43},{\"vehicle\":\"Medium Bus\",\"user\":29,\"wnaCost\":135000,\"mealCostPerPerson\":341379.31,\"WithoutAccomodation\":1207097.38,\"Guesthouse\":1294614.62,\"Homestay\":1415649.1,\"TwoStar\":1406338.76,\"ThreeStar\":1577649.1,\"FourStar\":1832752.55,\"FiveStar\":2059924.97},{\"vehicle\":\"Medium Bus\",\"user\":30,\"wnaCost\":135000,\"mealCostPerPerson\":340000,\"WithoutAccomodation\":1189432.8,\"Guesthouse\":1270432.8,\"Homestay\":1398232.8,\"TwoStar\":1378432.8,\"ThreeStar\":1540432.8,\"FourStar\":1783432.8,\"FiveStar\":1999432.8},{\"vehicle\":\"Big Bus HD\",\"user\":31,\"wnaCost\":135000,\"mealCostPerPerson\":348387.1,\"WithoutAccomodation\":1294494.97,\"Guesthouse\":1381591.74,\"Homestay\":1515720.77,\"TwoStar\":1493075.61,\"ThreeStar\":1663785.29,\"FourStar\":1918107.87,\"FiveStar\":2144559.48},{\"vehicle\":\"Big Bus HD\",\"user\":32,\"wnaCost\":135000,\"mealCostPerPerson\":346875,\"WithoutAccomodation\":1274865.75,\"Guesthouse\":1355865.75,\"Homestay\":1490865.75,\"TwoStar\":1463865.75,\"ThreeStar\":1625865.75,\"FourStar\":1868865.75,\"FiveStar\":2084865.75},{\"vehicle\":\"Big Bus HD\",\"user\":33,\"wnaCost\":135000,\"mealCostPerPerson\":345454.55,\"WithoutAccomodation\":1262971.64,\"Guesthouse\":1349698.91,\"Homestay\":1472426.18,\"TwoStar\":1460971.64,\"ThreeStar\":1631153.45,\"FourStar\":1884789.82,\"FiveStar\":2110608},{\"vehicle\":\"Big Bus HD\",\"user\":34,\"wnaCost\":135000,\"mealCostPerPerson\":344117.65,\"WithoutAccomodation\":1245424.24,\"Guesthouse\":1326424.24,\"Homestay\":1455071.29,\"TwoStar\":1434424.24,\"ThreeStar\":1596424.24,\"FourStar\":1839424.24,\"FiveStar\":2055424.24},{\"vehicle\":\"Big Bus HD\",\"user\":35,\"wnaCost\":135000,\"mealCostPerPerson\":342857.14,\"WithoutAccomodation\":1235050.97,\"Guesthouse\":1321450.97,\"Homestay\":1455679.54,\"TwoStar\":1432536.69,\"ThreeStar\":1602250.97,\"FourStar\":1855279.54,\"FiveStar\":2080536.69},{\"vehicle\":\"Big Bus HD\",\"user\":36,\"wnaCost\":135000,\"mealCostPerPerson\":341666.67,\"WithoutAccomodation\":1219254,\"Guesthouse\":1300254,\"Homestay\":1435254,\"TwoStar\":1408254,\"ThreeStar\":1570254,\"FourStar\":1813254,\"FiveStar\":2029254},{\"vehicle\":\"Big Bus HD\",\"user\":37,\"wnaCost\":135000,\"mealCostPerPerson\":340540.54,\"WithoutAccomodation\":1210148.76,\"Guesthouse\":1296256.86,\"Homestay\":1420310.92,\"TwoStar\":1407175.78,\"ThreeStar\":1576473.08,\"FourStar\":1828959.57,\"FiveStar\":2053716.32},{\"vehicle\":\"Big Bus HD\",\"user\":38,\"wnaCost\":135000,\"mealCostPerPerson\":339473.68,\"WithoutAccomodation\":1195838.53,\"Guesthouse\":1276838.53,\"Homestay\":1406154.32,\"TwoStar\":1384838.53,\"ThreeStar\":1546838.53,\"FourStar\":1789838.53,\"FiveStar\":2005838.53},{\"vehicle\":\"Big Bus HD\",\"user\":39,\"wnaCost\":135000,\"mealCostPerPerson\":338461.54,\"WithoutAccomodation\":1187800.62,\"Guesthouse\":1273646.77,\"Homestay\":1407954.46,\"TwoStar\":1384416,\"ThreeStar\":1553339.08,\"FourStar\":1805339.08,\"FiveStar\":2029646.77},{\"vehicle\":\"Big Bus HD\",\"user\":40,\"wnaCost\":135000,\"mealCostPerPerson\":337500,\"WithoutAccomodation\":1174764.6,\"Guesthouse\":1255764.6,\"Homestay\":1390764.6,\"TwoStar\":1363764.6,\"ThreeStar\":1525764.6,\"FourStar\":1768764.6,\"FiveStar\":1984764.6},{\"vehicle\":\"Big Bus HD\",\"user\":41,\"wnaCost\":135000,\"mealCostPerPerson\":343902.44,\"WithoutAccomodation\":1175535.22,\"Guesthouse\":1261144.98,\"Homestay\":1386266.93,\"TwoStar\":1371779.12,\"ThreeStar\":1540364.49,\"FourStar\":1791925.46,\"FiveStar\":2015827.9},{\"vehicle\":\"Big Bus HD\",\"user\":42,\"wnaCost\":135000,\"mealCostPerPerson\":342857.14,\"WithoutAccomodation\":1163412,\"Guesthouse\":1244412,\"Homestay\":1374269.14,\"TwoStar\":1352412,\"ThreeStar\":1514412,\"FourStar\":1757412,\"FiveStar\":1973412},{\"vehicle\":\"Big Bus HD\",\"user\":43,\"wnaCost\":135000,\"mealCostPerPerson\":341860.47,\"WithoutAccomodation\":1156875.91,\"Guesthouse\":1242271.26,\"Homestay\":1376643.35,\"TwoStar\":1352782.88,\"ThreeStar\":1521061.95,\"FourStar\":1772224.74,\"FiveStar\":1995759.63},{\"vehicle\":\"Big Bus HD\",\"user\":44,\"wnaCost\":135000,\"mealCostPerPerson\":340909.09,\"WithoutAccomodation\":1145727.82,\"Guesthouse\":1226727.82,\"Homestay\":1361727.82,\"TwoStar\":1334727.82,\"ThreeStar\":1496727.82,\"FourStar\":1739727.82,\"FiveStar\":1955727.82},{\"vehicle\":\"Big Bus HD\",\"user\":45,\"wnaCost\":135000,\"mealCostPerPerson\":340000,\"WithoutAccomodation\":1139875.2,\"Guesthouse\":1225075.2,\"Homestay\":1351075.2,\"TwoStar\":1335475.2,\"ThreeStar\":1503475.2,\"FourStar\":1754275.2,\"FiveStar\":1977475.2},{\"vehicle\":\"Big Bus SHD\",\"user\":46,\"wnaCost\":135000,\"mealCostPerPerson\":339130.43,\"WithoutAccomodation\":1162450.96,\"Guesthouse\":1243450.96,\"Homestay\":1373755.3,\"TwoStar\":1351450.96,\"ThreeStar\":1513450.96,\"FourStar\":1756450.96,\"FiveStar\":1972450.96},{\"vehicle\":\"Big Bus SHD\",\"user\":47,\"wnaCost\":135000,\"mealCostPerPerson\":338297.87,\"WithoutAccomodation\":1156491.57,\"Guesthouse\":1241512.85,\"Homestay\":1375938.38,\"TwoStar\":1351810.72,\"ThreeStar\":1519555.4,\"FourStar\":1770023.49,\"FiveStar\":1992917.11},{\"vehicle\":\"Big Bus SHD\",\"user\":48,\"wnaCost\":135000,\"mealCostPerPerson\":337500,\"WithoutAccomodation\":1146280.5,\"Guesthouse\":1227280.5,\"Homestay\":1362280.5,\"TwoStar\":1335280.5,\"ThreeStar\":1497280.5,\"FourStar\":1740280.5,\"FiveStar\":1956280.5},{\"vehicle\":\"Big Bus SHD\",\"user\":49,\"wnaCost\":135000,\"mealCostPerPerson\":336734.69,\"WithoutAccomodation\":1140894.37,\"Guesthouse\":1225751.51,\"Homestay\":1352486.2,\"TwoStar\":1335955.59,\"ThreeStar\":1503465.8,\"FourStar\":1753629.06,\"FiveStar\":1976241.31},{\"vehicle\":\"Big Bus SHD\",\"user\":50,\"wnaCost\":135000,\"mealCostPerPerson\":336000,\"WithoutAccomodation\":1131403.68,\"Guesthouse\":1212403.68,\"Homestay\":1343083.68,\"TwoStar\":1320403.68,\"ThreeStar\":1482403.68,\"FourStar\":1725403.68,\"FiveStar\":1941403.68},{\"vehicle\":\"Big Bus SHD\",\"user\":51,\"wnaCost\":135000,\"mealCostPerPerson\":335294.12,\"WithoutAccomodation\":1126520.47,\"Guesthouse\":1211226.35,\"Homestay\":1345696.94,\"TwoStar\":1321344,\"ThreeStar\":1488638.12,\"FourStar\":1738520.47,\"FiveStar\":1960873.41},{\"vehicle\":\"Big Bus SHD\",\"user\":52,\"wnaCost\":135000,\"mealCostPerPerson\":334615.38,\"WithoutAccomodation\":1117671.23,\"Guesthouse\":1198671.23,\"Homestay\":1333671.23,\"TwoStar\":1306671.23,\"ThreeStar\":1468671.23,\"FourStar\":1711671.23,\"FiveStar\":1927671.23},{\"vehicle\":\"Big Bus SHD\",\"user\":53,\"wnaCost\":135000,\"mealCostPerPerson\":333962.26,\"WithoutAccomodation\":1113231.4,\"Guesthouse\":1197797.43,\"Homestay\":1325155.92,\"TwoStar\":1307835.17,\"ThreeStar\":1474929.51,\"FourStar\":1724552.15,\"FiveStar\":1946665.36},{\"vehicle\":\"Big Bus SHD\",\"user\":54,\"wnaCost\":135000,\"mealCostPerPerson\":333333.33,\"WithoutAccomodation\":1104956,\"Guesthouse\":1185956,\"Homestay\":1316956,\"TwoStar\":1293956,\"ThreeStar\":1455956,\"FourStar\":1698956,\"FiveStar\":1914956},{\"vehicle\":\"Big Bus SHD\",\"user\":55,\"wnaCost\":135000,\"mealCostPerPerson\":332727.27,\"WithoutAccomodation\":1100908.8,\"Guesthouse\":1185345.16,\"Homestay\":1319854.25,\"TwoStar\":1295308.8,\"ThreeStar\":1462217.89,\"FourStar\":1711599.71,\"FiveStar\":1933490.62}]},{\"Price Type\":\"Exclude Meal\",\"data\":[{\"Price Type\":\"Exclude Meal\"},{\"vehicle\":\"Avanza\",\"user\":1,\"wnaCost\":135000,\"mealCostPerPerson\":300000,\"WithoutAccomodation\":2485944,\"Guesthouse\":2755944,\"Homestay\":3403944,\"TwoStar\":2971944,\"ThreeStar\":3403944,\"FourStar\":3997944,\"FiveStar\":4537944},{\"vehicle\":\"Avanza\",\"user\":2,\"wnaCost\":135000,\"mealCostPerPerson\":150000,\"WithoutAccomodation\":1419552,\"Guesthouse\":1500552,\"Homestay\":1905552,\"TwoStar\":1608552,\"ThreeStar\":1770552,\"FourStar\":2013552,\"FiveStar\":2229552},{\"vehicle\":\"Avanza\",\"user\":3,\"wnaCost\":135000,\"mealCostPerPerson\":100000,\"WithoutAccomodation\":1136088,\"Guesthouse\":1280088,\"Homestay\":1406088,\"TwoStar\":1424088,\"ThreeStar\":1676088,\"FourStar\":2036088,\"FiveStar\":2360088},{\"vehicle\":\"Avanza\",\"user\":4,\"wnaCost\":135000,\"mealCostPerPerson\":75000,\"WithoutAccomodation\":940356,\"Guesthouse\":1021356,\"Homestay\":1156356,\"TwoStar\":1129356,\"ThreeStar\":1291356,\"FourStar\":1534356,\"FiveStar\":1750356},{\"vehicle\":\"Avanza\",\"user\":5,\"wnaCost\":135000,\"mealCostPerPerson\":60000,\"WithoutAccomodation\":866116.8,\"Guesthouse\":984916.8,\"Homestay\":1038916.8,\"TwoStar\":1114516.8,\"ThreeStar\":1330516.8,\"FourStar\":1643716.8,\"FiveStar\":1924516.8},{\"vehicle\":\"Innova\",\"user\":6,\"wnaCost\":135000,\"mealCostPerPerson\":50000,\"WithoutAccomodation\":852624,\"Guesthouse\":933624,\"Homestay\":1032624,\"TwoStar\":1041624,\"ThreeStar\":1203624,\"FourStar\":1446624,\"FiveStar\":1662624},{\"vehicle\":\"Hiace Commuter\",\"user\":7,\"wnaCost\":135000,\"mealCostPerPerson\":85714.29,\"WithoutAccomodation\":1092929.14,\"Guesthouse\":1200929.14,\"Homestay\":1332072,\"TwoStar\":1324357.71,\"ThreeStar\":1524929.14,\"FourStar\":1818072,\"FiveStar\":2080357.71},{\"vehicle\":\"Hiace Commuter\",\"user\":8,\"wnaCost\":135000,\"mealCostPerPerson\":75000,\"WithoutAccomodation\":1000458,\"Guesthouse\":1081458,\"Homestay\":1216458,\"TwoStar\":1189458,\"ThreeStar\":1351458,\"FourStar\":1594458,\"FiveStar\":1810458},{\"vehicle\":\"Hiace Commuter\",\"user\":9,\"wnaCost\":135000,\"mealCostPerPerson\":66666.67,\"WithoutAccomodation\":952536,\"Guesthouse\":1054536,\"Homestay\":1144536,\"TwoStar\":1174536,\"ThreeStar\":1366536,\"FourStar\":1648536,\"FiveStar\":1900536},{\"vehicle\":\"Hiace Commuter\",\"user\":10,\"wnaCost\":135000,\"mealCostPerPerson\":60000,\"WithoutAccomodation\":892598.4,\"Guesthouse\":973598.4,\"Homestay\":1086998.4,\"TwoStar\":1081598.4,\"ThreeStar\":1243598.4,\"FourStar\":1486598.4,\"FiveStar\":1702598.4},{\"vehicle\":\"Hiace Commuter\",\"user\":11,\"wnaCost\":135000,\"mealCostPerPerson\":54545.45,\"WithoutAccomodation\":863194.91,\"Guesthouse\":961376.73,\"Homestay\":1093922.18,\"TwoStar\":1079194.91,\"ThreeStar\":1265740.36,\"FourStar\":1540649.45,\"FiveStar\":1786104},{\"vehicle\":\"Hiace Commuter\",\"user\":12,\"wnaCost\":135000,\"mealCostPerPerson\":50000,\"WithoutAccomodation\":820692,\"Guesthouse\":901692,\"Homestay\":1036692,\"TwoStar\":1009692,\"ThreeStar\":1171692,\"FourStar\":1414692,\"FiveStar\":1630692},{\"vehicle\":\"Elf Giga\",\"user\":13,\"wnaCost\":135000,\"mealCostPerPerson\":69230.77,\"WithoutAccomodation\":842881.85,\"Guesthouse\":938420.31,\"Homestay\":1042266.46,\"TwoStar\":1054728,\"ThreeStar\":1237497.23,\"FourStar\":1507497.23,\"FiveStar\":1748420.31},{\"vehicle\":\"Elf Giga\",\"user\":14,\"wnaCost\":135000,\"mealCostPerPerson\":64285.71,\"WithoutAccomodation\":807901.71,\"Guesthouse\":888901.71,\"Homestay\":1008473.14,\"TwoStar\":996901.71,\"ThreeStar\":1158901.71,\"FourStar\":1401901.71,\"FiveStar\":1617901.71},{\"vehicle\":\"Elf Giga\",\"user\":15,\"wnaCost\":135000,\"mealCostPerPerson\":60000,\"WithoutAccomodation\":791985.6,\"Guesthouse\":885585.6,\"Homestay\":1018785.6,\"TwoStar\":1000785.6,\"ThreeStar\":1180785.6,\"FourStar\":1447185.6,\"FiveStar\":1684785.6},{\"vehicle\":\"Elf Giga\",\"user\":16,\"wnaCost\":135000,\"mealCostPerPerson\":56250,\"WithoutAccomodation\":764559,\"Guesthouse\":845559,\"Homestay\":980559,\"TwoStar\":953559,\"ThreeStar\":1115559,\"FourStar\":1358559,\"FiveStar\":1574559},{\"vehicle\":\"Elf Giga\",\"user\":17,\"wnaCost\":135000,\"mealCostPerPerson\":52941.18,\"WithoutAccomodation\":753064.94,\"Guesthouse\":845182.59,\"Homestay\":956359.06,\"TwoStar\":959535.53,\"ThreeStar\":1137417.88,\"FourStar\":1401064.94,\"FiveStar\":1636123.76},{\"vehicle\":\"Medium Bus\",\"user\":18,\"wnaCost\":135000,\"mealCostPerPerson\":50000,\"WithoutAccomodation\":846948,\"Guesthouse\":927948,\"Homestay\":1050948,\"TwoStar\":1035948,\"ThreeStar\":1197948,\"FourStar\":1440948,\"FiveStar\":1656948},{\"vehicle\":\"Medium Bus\",\"user\":19,\"wnaCost\":135000,\"mealCostPerPerson\":63157.89,\"WithoutAccomodation\":849380.21,\"Guesthouse\":940327.58,\"Homestay\":1073906.53,\"TwoStar\":1054011.79,\"ThreeStar\":1230222.32,\"FourStar\":1491696,\"FiveStar\":1724748.63},{\"vehicle\":\"Medium Bus\",\"user\":20,\"wnaCost\":135000,\"mealCostPerPerson\":60000,\"WithoutAccomodation\":1067569.2,\"Guesthouse\":1148569.2,\"Homestay\":1283569.2,\"TwoStar\":1256569.2,\"ThreeStar\":1418569.2,\"FourStar\":1661569.2,\"FiveStar\":1877569.2},{\"vehicle\":\"Medium Bus\",\"user\":21,\"wnaCost\":135000,\"mealCostPerPerson\":57142.86,\"WithoutAccomodation\":1043835.43,\"Guesthouse\":1133835.43,\"Homestay\":1249549.71,\"TwoStar\":1246978.29,\"ThreeStar\":1421835.43,\"FourStar\":1681549.71,\"FiveStar\":1912978.29},{\"vehicle\":\"Medium Bus\",\"user\":22,\"wnaCost\":135000,\"mealCostPerPerson\":54545.45,\"WithoutAccomodation\":1012441.09,\"Guesthouse\":1093441.09,\"Homestay\":1218622.91,\"TwoStar\":1201441.09,\"ThreeStar\":1363441.09,\"FourStar\":1606441.09,\"FiveStar\":1822441.09},{\"vehicle\":\"Medium Bus\",\"user\":23,\"wnaCost\":135000,\"mealCostPerPerson\":52173.91,\"WithoutAccomodation\":993168,\"Guesthouse\":1082385.39,\"Homestay\":1216211.48,\"TwoStar\":1195081.04,\"ThreeStar\":1368820.17,\"FourStar\":1627081.04,\"FiveStar\":1857168},{\"vehicle\":\"Medium Bus\",\"user\":24,\"wnaCost\":135000,\"mealCostPerPerson\":50000,\"WithoutAccomodation\":966501,\"Guesthouse\":1047501,\"Homestay\":1182501,\"TwoStar\":1155501,\"ThreeStar\":1317501,\"FourStar\":1560501,\"FiveStar\":1776501},{\"vehicle\":\"Medium Bus\",\"user\":25,\"wnaCost\":135000,\"mealCostPerPerson\":48000,\"WithoutAccomodation\":950607.36,\"Guesthouse\":1039167.36,\"Homestay\":1157967.36,\"TwoStar\":1151487.36,\"ThreeStar\":1324287.36,\"FourStar\":1581327.36,\"FiveStar\":1810287.36},{\"vehicle\":\"Medium Bus\",\"user\":26,\"wnaCost\":135000,\"mealCostPerPerson\":46153.85,\"WithoutAccomodation\":927628.62,\"Guesthouse\":1008628.62,\"Homestay\":1135320.92,\"TwoStar\":1116628.62,\"ThreeStar\":1278628.62,\"FourStar\":1521628.62,\"FiveStar\":1737628.62},{\"vehicle\":\"Medium Bus\",\"user\":27,\"wnaCost\":135000,\"mealCostPerPerson\":44444.44,\"WithoutAccomodation\":914352,\"Guesthouse\":1002352,\"Homestay\":1136352,\"TwoStar\":1114352,\"ThreeStar\":1286352,\"FourStar\":1542352,\"FiveStar\":1770352},{\"vehicle\":\"Medium Bus\",\"user\":28,\"wnaCost\":135000,\"mealCostPerPerson\":42857.14,\"WithoutAccomodation\":894309.43,\"Guesthouse\":975309.43,\"Homestay\":1110309.43,\"TwoStar\":1083309.43,\"ThreeStar\":1245309.43,\"FourStar\":1488309.43,\"FiveStar\":1704309.43},{\"vehicle\":\"Medium Bus\",\"user\":29,\"wnaCost\":135000,\"mealCostPerPerson\":41379.31,\"WithoutAccomodation\":883097.38,\"Guesthouse\":970614.62,\"Homestay\":1091649.1,\"TwoStar\":1082338.76,\"ThreeStar\":1253649.1,\"FourStar\":1508752.55,\"FiveStar\":1735924.97},{\"vehicle\":\"Medium Bus\",\"user\":30,\"wnaCost\":135000,\"mealCostPerPerson\":40000,\"WithoutAccomodation\":865432.8,\"Guesthouse\":946432.8,\"Homestay\":1074232.8,\"TwoStar\":1054432.8,\"ThreeStar\":1216432.8,\"FourStar\":1459432.8,\"FiveStar\":1675432.8},{\"vehicle\":\"Big Bus HD\",\"user\":31,\"wnaCost\":135000,\"mealCostPerPerson\":48387.1,\"WithoutAccomodation\":970494.97,\"Guesthouse\":1057591.74,\"Homestay\":1191720.77,\"TwoStar\":1169075.61,\"ThreeStar\":1339785.29,\"FourStar\":1594107.87,\"FiveStar\":1820559.48},{\"vehicle\":\"Big Bus HD\",\"user\":32,\"wnaCost\":135000,\"mealCostPerPerson\":46875,\"WithoutAccomodation\":950865.75,\"Guesthouse\":1031865.75,\"Homestay\":1166865.75,\"TwoStar\":1139865.75,\"ThreeStar\":1301865.75,\"FourStar\":1544865.75,\"FiveStar\":1760865.75},{\"vehicle\":\"Big Bus HD\",\"user\":33,\"wnaCost\":135000,\"mealCostPerPerson\":45454.55,\"WithoutAccomodation\":938971.64,\"Guesthouse\":1025698.91,\"Homestay\":1148426.18,\"TwoStar\":1136971.64,\"ThreeStar\":1307153.45,\"FourStar\":1560789.82,\"FiveStar\":1786608},{\"vehicle\":\"Big Bus HD\",\"user\":34,\"wnaCost\":135000,\"mealCostPerPerson\":44117.65,\"WithoutAccomodation\":921424.24,\"Guesthouse\":1002424.24,\"Homestay\":1131071.29,\"TwoStar\":1110424.24,\"ThreeStar\":1272424.24,\"FourStar\":1515424.24,\"FiveStar\":1731424.24},{\"vehicle\":\"Big Bus HD\",\"user\":35,\"wnaCost\":135000,\"mealCostPerPerson\":42857.14,\"WithoutAccomodation\":911050.97,\"Guesthouse\":997450.97,\"Homestay\":1131679.54,\"TwoStar\":1108536.69,\"ThreeStar\":1278250.97,\"FourStar\":1531279.54,\"FiveStar\":1756536.69},{\"vehicle\":\"Big Bus HD\",\"user\":36,\"wnaCost\":135000,\"mealCostPerPerson\":41666.67,\"WithoutAccomodation\":895254,\"Guesthouse\":976254,\"Homestay\":1111254,\"TwoStar\":1084254,\"ThreeStar\":1246254,\"FourStar\":1489254,\"FiveStar\":1705254},{\"vehicle\":\"Big Bus HD\",\"user\":37,\"wnaCost\":135000,\"mealCostPerPerson\":40540.54,\"WithoutAccomodation\":886148.76,\"Guesthouse\":972256.86,\"Homestay\":1096310.92,\"TwoStar\":1083175.78,\"ThreeStar\":1252473.08,\"FourStar\":1504959.57,\"FiveStar\":1729716.32},{\"vehicle\":\"Big Bus HD\",\"user\":38,\"wnaCost\":135000,\"mealCostPerPerson\":39473.68,\"WithoutAccomodation\":871838.53,\"Guesthouse\":952838.53,\"Homestay\":1082154.32,\"TwoStar\":1060838.53,\"ThreeStar\":1222838.53,\"FourStar\":1465838.53,\"FiveStar\":1681838.53},{\"vehicle\":\"Big Bus HD\",\"user\":39,\"wnaCost\":135000,\"mealCostPerPerson\":38461.54,\"WithoutAccomodation\":863800.62,\"Guesthouse\":949646.77,\"Homestay\":1083954.46,\"TwoStar\":1060416,\"ThreeStar\":1229339.08,\"FourStar\":1481339.08,\"FiveStar\":1705646.77},{\"vehicle\":\"Big Bus HD\",\"user\":40,\"wnaCost\":135000,\"mealCostPerPerson\":37500,\"WithoutAccomodation\":850764.6,\"Guesthouse\":931764.6,\"Homestay\":1066764.6,\"TwoStar\":1039764.6,\"ThreeStar\":1201764.6,\"FourStar\":1444764.6,\"FiveStar\":1660764.6},{\"vehicle\":\"Big Bus HD\",\"user\":41,\"wnaCost\":135000,\"mealCostPerPerson\":43902.44,\"WithoutAccomodation\":851535.22,\"Guesthouse\":937144.98,\"Homestay\":1062266.93,\"TwoStar\":1047779.12,\"ThreeStar\":1216364.49,\"FourStar\":1467925.46,\"FiveStar\":1691827.9},{\"vehicle\":\"Big Bus HD\",\"user\":42,\"wnaCost\":135000,\"mealCostPerPerson\":42857.14,\"WithoutAccomodation\":839412,\"Guesthouse\":920412,\"Homestay\":1050269.14,\"TwoStar\":1028412,\"ThreeStar\":1190412,\"FourStar\":1433412,\"FiveStar\":1649412},{\"vehicle\":\"Big Bus HD\",\"user\":43,\"wnaCost\":135000,\"mealCostPerPerson\":41860.47,\"WithoutAccomodation\":832875.91,\"Guesthouse\":918271.26,\"Homestay\":1052643.35,\"TwoStar\":1028782.88,\"ThreeStar\":1197061.95,\"FourStar\":1448224.74,\"FiveStar\":1671759.63},{\"vehicle\":\"Big Bus HD\",\"user\":44,\"wnaCost\":135000,\"mealCostPerPerson\":40909.09,\"WithoutAccomodation\":821727.82,\"Guesthouse\":902727.82,\"Homestay\":1037727.82,\"TwoStar\":1010727.82,\"ThreeStar\":1172727.82,\"FourStar\":1415727.82,\"FiveStar\":1631727.82},{\"vehicle\":\"Big Bus HD\",\"user\":45,\"wnaCost\":135000,\"mealCostPerPerson\":40000,\"WithoutAccomodation\":815875.2,\"Guesthouse\":901075.2,\"Homestay\":1027075.2,\"TwoStar\":1011475.2,\"ThreeStar\":1179475.2,\"FourStar\":1430275.2,\"FiveStar\":1653475.2},{\"vehicle\":\"Big Bus SHD\",\"user\":46,\"wnaCost\":135000,\"mealCostPerPerson\":39130.43,\"WithoutAccomodation\":838450.96,\"Guesthouse\":919450.96,\"Homestay\":1049755.3,\"TwoStar\":1027450.96,\"ThreeStar\":1189450.96,\"FourStar\":1432450.96,\"FiveStar\":1648450.96},{\"vehicle\":\"Big Bus SHD\",\"user\":47,\"wnaCost\":135000,\"mealCostPerPerson\":38297.87,\"WithoutAccomodation\":832491.57,\"Guesthouse\":917512.85,\"Homestay\":1051938.38,\"TwoStar\":1027810.72,\"ThreeStar\":1195555.4,\"FourStar\":1446023.49,\"FiveStar\":1668917.11},{\"vehicle\":\"Big Bus SHD\",\"user\":48,\"wnaCost\":135000,\"mealCostPerPerson\":37500,\"WithoutAccomodation\":822280.5,\"Guesthouse\":903280.5,\"Homestay\":1038280.5,\"TwoStar\":1011280.5,\"ThreeStar\":1173280.5,\"FourStar\":1416280.5,\"FiveStar\":1632280.5},{\"vehicle\":\"Big Bus SHD\",\"user\":49,\"wnaCost\":135000,\"mealCostPerPerson\":36734.69,\"WithoutAccomodation\":816894.37,\"Guesthouse\":901751.51,\"Homestay\":1028486.2,\"TwoStar\":1011955.59,\"ThreeStar\":1179465.8,\"FourStar\":1429629.06,\"FiveStar\":1652241.31},{\"vehicle\":\"Big Bus SHD\",\"user\":50,\"wnaCost\":135000,\"mealCostPerPerson\":36000,\"WithoutAccomodation\":807403.68,\"Guesthouse\":888403.68,\"Homestay\":1019083.68,\"TwoStar\":996403.68,\"ThreeStar\":1158403.68,\"FourStar\":1401403.68,\"FiveStar\":1617403.68},{\"vehicle\":\"Big Bus SHD\",\"user\":51,\"wnaCost\":135000,\"mealCostPerPerson\":35294.12,\"WithoutAccomodation\":802520.47,\"Guesthouse\":887226.35,\"Homestay\":1021696.94,\"TwoStar\":997344,\"ThreeStar\":1164638.12,\"FourStar\":1414520.47,\"FiveStar\":1636873.41},{\"vehicle\":\"Big Bus SHD\",\"user\":52,\"wnaCost\":135000,\"mealCostPerPerson\":34615.38,\"WithoutAccomodation\":793671.23,\"Guesthouse\":874671.23,\"Homestay\":1009671.23,\"TwoStar\":982671.23,\"ThreeStar\":1144671.23,\"FourStar\":1387671.23,\"FiveStar\":1603671.23},{\"vehicle\":\"Big Bus SHD\",\"user\":53,\"wnaCost\":135000,\"mealCostPerPerson\":33962.26,\"WithoutAccomodation\":789231.4,\"Guesthouse\":873797.43,\"Homestay\":1001155.92,\"TwoStar\":983835.17,\"ThreeStar\":1150929.51,\"FourStar\":1400552.15,\"FiveStar\":1622665.36},{\"vehicle\":\"Big Bus SHD\",\"user\":54,\"wnaCost\":135000,\"mealCostPerPerson\":33333.33,\"WithoutAccomodation\":780956,\"Guesthouse\":861956,\"Homestay\":992956,\"TwoStar\":969956,\"ThreeStar\":1131956,\"FourStar\":1374956,\"FiveStar\":1590956},{\"vehicle\":\"Big Bus SHD\",\"user\":55,\"wnaCost\":135000,\"mealCostPerPerson\":32727.27,\"WithoutAccomodation\":776908.8,\"Guesthouse\":861345.16,\"Homestay\":995854.25,\"TwoStar\":971308.8,\"ThreeStar\":1138217.89,\"FourStar\":1387599.71,\"FiveStar\":1609490.62}]}]', '2025-02-24 01:58:57', '2025-02-24 01:58:57');
INSERT INTO `package_two_prices` (`id`, `package_two_day_id`, `price_data`, `created_at`, `updated_at`) VALUES
(38, 41, '[{\"Price Type\":\"Include Meal\",\"data\":[{\"Price Type\":\"Include Meal\"},{\"vehicle\":\"Avanza\",\"user\":1,\"wnaCost\":135000,\"mealCostPerPerson\":600000,\"WithoutAccomodation\":2874744,\"Guesthouse\":3144744,\"Homestay\":3792744,\"TwoStar\":3360744,\"ThreeStar\":3792744,\"FourStar\":4386744,\"FiveStar\":4926744},{\"vehicle\":\"Avanza\",\"user\":2,\"wnaCost\":135000,\"mealCostPerPerson\":450000,\"WithoutAccomodation\":1794852,\"Guesthouse\":1875852,\"Homestay\":2280852,\"TwoStar\":1983852,\"ThreeStar\":2145852,\"FourStar\":2388852,\"FiveStar\":2604852},{\"vehicle\":\"Avanza\",\"user\":3,\"wnaCost\":135000,\"mealCostPerPerson\":400000,\"WithoutAccomodation\":1506888,\"Guesthouse\":1650888,\"Homestay\":1776888,\"TwoStar\":1794888,\"ThreeStar\":2046888,\"FourStar\":2406888,\"FiveStar\":2730888},{\"vehicle\":\"Avanza\",\"user\":4,\"wnaCost\":135000,\"mealCostPerPerson\":375000,\"WithoutAccomodation\":1308906,\"Guesthouse\":1389906,\"Homestay\":1524906,\"TwoStar\":1497906,\"ThreeStar\":1659906,\"FourStar\":1902906,\"FiveStar\":2118906},{\"vehicle\":\"Avanza\",\"user\":5,\"wnaCost\":135000,\"mealCostPerPerson\":360000,\"WithoutAccomodation\":1233316.8,\"Guesthouse\":1352116.8,\"Homestay\":1406116.8,\"TwoStar\":1481716.8,\"ThreeStar\":1697716.8,\"FourStar\":2010916.8,\"FiveStar\":2291716.8},{\"vehicle\":\"Innova\",\"user\":6,\"wnaCost\":135000,\"mealCostPerPerson\":350000,\"WithoutAccomodation\":1218924,\"Guesthouse\":1299924,\"Homestay\":1398924,\"TwoStar\":1407924,\"ThreeStar\":1569924,\"FourStar\":1812924,\"FiveStar\":2028924},{\"vehicle\":\"Hiace Commuter\",\"user\":7,\"wnaCost\":135000,\"mealCostPerPerson\":385714.29,\"WithoutAccomodation\":1462443.43,\"Guesthouse\":1570443.43,\"Homestay\":1701586.29,\"TwoStar\":1693872,\"ThreeStar\":1894443.43,\"FourStar\":2187586.29,\"FiveStar\":2449872},{\"vehicle\":\"Hiace Commuter\",\"user\":8,\"wnaCost\":135000,\"mealCostPerPerson\":375000,\"WithoutAccomodation\":1369008,\"Guesthouse\":1450008,\"Homestay\":1585008,\"TwoStar\":1558008,\"ThreeStar\":1720008,\"FourStar\":1963008,\"FiveStar\":2179008},{\"vehicle\":\"Hiace Commuter\",\"user\":9,\"wnaCost\":135000,\"mealCostPerPerson\":366666.67,\"WithoutAccomodation\":1320336,\"Guesthouse\":1422336,\"Homestay\":1512336,\"TwoStar\":1542336,\"ThreeStar\":1734336,\"FourStar\":2016336,\"FiveStar\":2268336},{\"vehicle\":\"Hiace Commuter\",\"user\":10,\"wnaCost\":135000,\"mealCostPerPerson\":360000,\"WithoutAccomodation\":1259798.4,\"Guesthouse\":1340798.4,\"Homestay\":1454198.4,\"TwoStar\":1448798.4,\"ThreeStar\":1610798.4,\"FourStar\":1853798.4,\"FiveStar\":2069798.4},{\"vehicle\":\"Hiace Commuter\",\"user\":11,\"wnaCost\":135000,\"mealCostPerPerson\":354545.45,\"WithoutAccomodation\":1229904,\"Guesthouse\":1328085.82,\"Homestay\":1460631.27,\"TwoStar\":1445904,\"ThreeStar\":1632449.45,\"FourStar\":1907358.55,\"FiveStar\":2152813.09},{\"vehicle\":\"Hiace Commuter\",\"user\":12,\"wnaCost\":135000,\"mealCostPerPerson\":350000,\"WithoutAccomodation\":1186992,\"Guesthouse\":1267992,\"Homestay\":1402992,\"TwoStar\":1375992,\"ThreeStar\":1537992,\"FourStar\":1780992,\"FiveStar\":1996992},{\"vehicle\":\"Elf Giga\",\"user\":13,\"wnaCost\":135000,\"mealCostPerPerson\":369230.77,\"WithoutAccomodation\":1208835.69,\"Guesthouse\":1304374.15,\"Homestay\":1408220.31,\"TwoStar\":1420681.85,\"ThreeStar\":1603451.08,\"FourStar\":1873451.08,\"FiveStar\":2114374.15},{\"vehicle\":\"Elf Giga\",\"user\":14,\"wnaCost\":135000,\"mealCostPerPerson\":364285.71,\"WithoutAccomodation\":1173558.86,\"Guesthouse\":1254558.86,\"Homestay\":1374130.29,\"TwoStar\":1362558.86,\"ThreeStar\":1524558.86,\"FourStar\":1767558.86,\"FiveStar\":1983558.86},{\"vehicle\":\"Elf Giga\",\"user\":15,\"wnaCost\":135000,\"mealCostPerPerson\":360000,\"WithoutAccomodation\":1157385.6,\"Guesthouse\":1250985.6,\"Homestay\":1384185.6,\"TwoStar\":1366185.6,\"ThreeStar\":1546185.6,\"FourStar\":1812585.6,\"FiveStar\":2050185.6},{\"vehicle\":\"Elf Giga\",\"user\":16,\"wnaCost\":135000,\"mealCostPerPerson\":356250,\"WithoutAccomodation\":1129734,\"Guesthouse\":1210734,\"Homestay\":1345734,\"TwoStar\":1318734,\"ThreeStar\":1480734,\"FourStar\":1723734,\"FiveStar\":1939734},{\"vehicle\":\"Elf Giga\",\"user\":17,\"wnaCost\":135000,\"mealCostPerPerson\":352941.18,\"WithoutAccomodation\":1118041.41,\"Guesthouse\":1210159.06,\"Homestay\":1321335.53,\"TwoStar\":1324512,\"ThreeStar\":1502394.35,\"FourStar\":1766041.41,\"FiveStar\":2001100.24},{\"vehicle\":\"Medium Bus\",\"user\":18,\"wnaCost\":135000,\"mealCostPerPerson\":350000,\"WithoutAccomodation\":1206348,\"Guesthouse\":1287348,\"Homestay\":1410348,\"TwoStar\":1395348,\"ThreeStar\":1557348,\"FourStar\":1800348,\"FiveStar\":2016348},{\"vehicle\":\"Medium Bus\",\"user\":19,\"wnaCost\":135000,\"mealCostPerPerson\":363157.89,\"WithoutAccomodation\":1208906.53,\"Guesthouse\":1299853.89,\"Homestay\":1433432.84,\"TwoStar\":1413538.11,\"ThreeStar\":1589748.63,\"FourStar\":1851222.32,\"FiveStar\":2084274.95},{\"vehicle\":\"Medium Bus\",\"user\":20,\"wnaCost\":135000,\"mealCostPerPerson\":360000,\"WithoutAccomodation\":1427209.2,\"Guesthouse\":1508209.2,\"Homestay\":1643209.2,\"TwoStar\":1616209.2,\"ThreeStar\":1778209.2,\"FourStar\":2021209.2,\"FiveStar\":2237209.2},{\"vehicle\":\"Medium Bus\",\"user\":21,\"wnaCost\":135000,\"mealCostPerPerson\":357142.86,\"WithoutAccomodation\":1403578.29,\"Guesthouse\":1493578.29,\"Homestay\":1609292.57,\"TwoStar\":1606721.14,\"ThreeStar\":1781578.29,\"FourStar\":2041292.57,\"FiveStar\":2272721.14},{\"vehicle\":\"Medium Bus\",\"user\":22,\"wnaCost\":135000,\"mealCostPerPerson\":354545.45,\"WithoutAccomodation\":1372277.45,\"Guesthouse\":1453277.45,\"Homestay\":1578459.27,\"TwoStar\":1561277.45,\"ThreeStar\":1723277.45,\"FourStar\":1966277.45,\"FiveStar\":2182277.45},{\"vehicle\":\"Medium Bus\",\"user\":23,\"wnaCost\":135000,\"mealCostPerPerson\":352173.91,\"WithoutAccomodation\":1353089.74,\"Guesthouse\":1442307.13,\"Homestay\":1576133.22,\"TwoStar\":1555002.78,\"ThreeStar\":1728741.91,\"FourStar\":1987002.78,\"FiveStar\":2217089.74},{\"vehicle\":\"Medium Bus\",\"user\":24,\"wnaCost\":135000,\"mealCostPerPerson\":350000,\"WithoutAccomodation\":1326501,\"Guesthouse\":1407501,\"Homestay\":1542501,\"TwoStar\":1515501,\"ThreeStar\":1677501,\"FourStar\":1920501,\"FiveStar\":2136501},{\"vehicle\":\"Medium Bus\",\"user\":25,\"wnaCost\":135000,\"mealCostPerPerson\":348000,\"WithoutAccomodation\":1310679.36,\"Guesthouse\":1399239.36,\"Homestay\":1518039.36,\"TwoStar\":1511559.36,\"ThreeStar\":1684359.36,\"FourStar\":1941399.36,\"FiveStar\":2170359.36},{\"vehicle\":\"Medium Bus\",\"user\":26,\"wnaCost\":135000,\"mealCostPerPerson\":346153.85,\"WithoutAccomodation\":1287767.08,\"Guesthouse\":1368767.08,\"Homestay\":1495459.38,\"TwoStar\":1476767.08,\"ThreeStar\":1638767.08,\"FourStar\":1881767.08,\"FiveStar\":2097767.08},{\"vehicle\":\"Medium Bus\",\"user\":27,\"wnaCost\":135000,\"mealCostPerPerson\":344444.44,\"WithoutAccomodation\":1274552,\"Guesthouse\":1362552,\"Homestay\":1496552,\"TwoStar\":1474552,\"ThreeStar\":1646552,\"FourStar\":1902552,\"FiveStar\":2130552},{\"vehicle\":\"Medium Bus\",\"user\":28,\"wnaCost\":135000,\"mealCostPerPerson\":342857.14,\"WithoutAccomodation\":1254566.57,\"Guesthouse\":1335566.57,\"Homestay\":1470566.57,\"TwoStar\":1443566.57,\"ThreeStar\":1605566.57,\"FourStar\":1848566.57,\"FiveStar\":2064566.57},{\"vehicle\":\"Medium Bus\",\"user\":29,\"wnaCost\":135000,\"mealCostPerPerson\":341379.31,\"WithoutAccomodation\":1243407.72,\"Guesthouse\":1330924.97,\"Homestay\":1451959.45,\"TwoStar\":1442649.1,\"ThreeStar\":1613959.45,\"FourStar\":1869062.9,\"FiveStar\":2096235.31},{\"vehicle\":\"Medium Bus\",\"user\":30,\"wnaCost\":135000,\"mealCostPerPerson\":340000,\"WithoutAccomodation\":1225792.8,\"Guesthouse\":1306792.8,\"Homestay\":1434592.8,\"TwoStar\":1414792.8,\"ThreeStar\":1576792.8,\"FourStar\":1819792.8,\"FiveStar\":2035792.8},{\"vehicle\":\"Big Bus HD\",\"user\":31,\"wnaCost\":135000,\"mealCostPerPerson\":348387.1,\"WithoutAccomodation\":1330901.42,\"Guesthouse\":1417998.19,\"Homestay\":1552127.23,\"TwoStar\":1529482.06,\"ThreeStar\":1700191.74,\"FourStar\":1954514.32,\"FiveStar\":2180965.94},{\"vehicle\":\"Big Bus HD\",\"user\":32,\"wnaCost\":135000,\"mealCostPerPerson\":346875,\"WithoutAccomodation\":1311315.75,\"Guesthouse\":1392315.75,\"Homestay\":1527315.75,\"TwoStar\":1500315.75,\"ThreeStar\":1662315.75,\"FourStar\":1905315.75,\"FiveStar\":2121315.75},{\"vehicle\":\"Big Bus HD\",\"user\":33,\"wnaCost\":135000,\"mealCostPerPerson\":345454.55,\"WithoutAccomodation\":1299462.55,\"Guesthouse\":1386189.82,\"Homestay\":1508917.09,\"TwoStar\":1497462.55,\"ThreeStar\":1667644.36,\"FourStar\":1921280.73,\"FiveStar\":2147098.91},{\"vehicle\":\"Big Bus HD\",\"user\":34,\"wnaCost\":135000,\"mealCostPerPerson\":344117.65,\"WithoutAccomodation\":1281953.65,\"Guesthouse\":1362953.65,\"Homestay\":1491600.71,\"TwoStar\":1470953.65,\"ThreeStar\":1632953.65,\"FourStar\":1875953.65,\"FiveStar\":2091953.65},{\"vehicle\":\"Big Bus HD\",\"user\":35,\"wnaCost\":135000,\"mealCostPerPerson\":342857.14,\"WithoutAccomodation\":1271616.69,\"Guesthouse\":1358016.69,\"Homestay\":1492245.26,\"TwoStar\":1469102.4,\"ThreeStar\":1638816.69,\"FourStar\":1891845.26,\"FiveStar\":2117102.4},{\"vehicle\":\"Big Bus HD\",\"user\":36,\"wnaCost\":135000,\"mealCostPerPerson\":341666.67,\"WithoutAccomodation\":1255854,\"Guesthouse\":1336854,\"Homestay\":1471854,\"TwoStar\":1444854,\"ThreeStar\":1606854,\"FourStar\":1849854,\"FiveStar\":2065854},{\"vehicle\":\"Big Bus HD\",\"user\":37,\"wnaCost\":135000,\"mealCostPerPerson\":340540.54,\"WithoutAccomodation\":1246781.19,\"Guesthouse\":1332889.3,\"Homestay\":1456943.35,\"TwoStar\":1443808.22,\"ThreeStar\":1613105.51,\"FourStar\":1865592,\"FiveStar\":2090348.76},{\"vehicle\":\"Big Bus HD\",\"user\":38,\"wnaCost\":135000,\"mealCostPerPerson\":339473.68,\"WithoutAccomodation\":1232501.68,\"Guesthouse\":1313501.68,\"Homestay\":1442817.47,\"TwoStar\":1421501.68,\"ThreeStar\":1583501.68,\"FourStar\":1826501.68,\"FiveStar\":2042501.68},{\"vehicle\":\"Big Bus HD\",\"user\":39,\"wnaCost\":135000,\"mealCostPerPerson\":338461.54,\"WithoutAccomodation\":1224492.92,\"Guesthouse\":1310339.08,\"Homestay\":1444646.77,\"TwoStar\":1421108.31,\"ThreeStar\":1590031.38,\"FourStar\":1842031.38,\"FiveStar\":2066339.08},{\"vehicle\":\"Big Bus HD\",\"user\":40,\"wnaCost\":135000,\"mealCostPerPerson\":337500,\"WithoutAccomodation\":1211484.6,\"Guesthouse\":1292484.6,\"Homestay\":1427484.6,\"TwoStar\":1400484.6,\"ThreeStar\":1562484.6,\"FourStar\":1805484.6,\"FiveStar\":2021484.6},{\"vehicle\":\"Big Bus HD\",\"user\":41,\"wnaCost\":135000,\"mealCostPerPerson\":343902.44,\"WithoutAccomodation\":1212281.56,\"Guesthouse\":1297891.32,\"Homestay\":1423013.27,\"TwoStar\":1408525.46,\"ThreeStar\":1577110.83,\"FourStar\":1828671.8,\"FiveStar\":2052574.24},{\"vehicle\":\"Big Bus HD\",\"user\":42,\"wnaCost\":135000,\"mealCostPerPerson\":342857.14,\"WithoutAccomodation\":1200183.43,\"Guesthouse\":1281183.43,\"Homestay\":1411040.57,\"TwoStar\":1389183.43,\"ThreeStar\":1551183.43,\"FourStar\":1794183.43,\"FiveStar\":2010183.43},{\"vehicle\":\"Big Bus HD\",\"user\":43,\"wnaCost\":135000,\"mealCostPerPerson\":341860.47,\"WithoutAccomodation\":1193671.26,\"Guesthouse\":1279066.6,\"Homestay\":1413438.7,\"TwoStar\":1389578.23,\"ThreeStar\":1557857.3,\"FourStar\":1809020.09,\"FiveStar\":2032554.98},{\"vehicle\":\"Big Bus HD\",\"user\":44,\"wnaCost\":135000,\"mealCostPerPerson\":340909.09,\"WithoutAccomodation\":1182546,\"Guesthouse\":1263546,\"Homestay\":1398546,\"TwoStar\":1371546,\"ThreeStar\":1533546,\"FourStar\":1776546,\"FiveStar\":1992546},{\"vehicle\":\"Big Bus HD\",\"user\":45,\"wnaCost\":135000,\"mealCostPerPerson\":340000,\"WithoutAccomodation\":1176715.2,\"Guesthouse\":1261915.2,\"Homestay\":1387915.2,\"TwoStar\":1372315.2,\"ThreeStar\":1540315.2,\"FourStar\":1791115.2,\"FiveStar\":2014315.2},{\"vehicle\":\"Big Bus SHD\",\"user\":46,\"wnaCost\":135000,\"mealCostPerPerson\":339130.43,\"WithoutAccomodation\":1199311.83,\"Guesthouse\":1280311.83,\"Homestay\":1410616.17,\"TwoStar\":1388311.83,\"ThreeStar\":1550311.83,\"FourStar\":1793311.83,\"FiveStar\":2009311.83},{\"vehicle\":\"Big Bus SHD\",\"user\":47,\"wnaCost\":135000,\"mealCostPerPerson\":338297.87,\"WithoutAccomodation\":1193372.43,\"Guesthouse\":1278393.7,\"Homestay\":1412819.23,\"TwoStar\":1388691.57,\"ThreeStar\":1556436.26,\"FourStar\":1806904.34,\"FiveStar\":2029797.96},{\"vehicle\":\"Big Bus SHD\",\"user\":48,\"wnaCost\":135000,\"mealCostPerPerson\":337500,\"WithoutAccomodation\":1183180.5,\"Guesthouse\":1264180.5,\"Homestay\":1399180.5,\"TwoStar\":1372180.5,\"ThreeStar\":1534180.5,\"FourStar\":1777180.5,\"FiveStar\":1993180.5},{\"vehicle\":\"Big Bus SHD\",\"user\":49,\"wnaCost\":135000,\"mealCostPerPerson\":336734.69,\"WithoutAccomodation\":1177812.73,\"Guesthouse\":1262669.88,\"Homestay\":1389404.57,\"TwoStar\":1372873.96,\"ThreeStar\":1540384.16,\"FourStar\":1790547.43,\"FiveStar\":2013159.67},{\"vehicle\":\"Big Bus SHD\",\"user\":50,\"wnaCost\":135000,\"mealCostPerPerson\":336000,\"WithoutAccomodation\":1168339.68,\"Guesthouse\":1249339.68,\"Homestay\":1380019.68,\"TwoStar\":1357339.68,\"ThreeStar\":1519339.68,\"FourStar\":1762339.68,\"FiveStar\":1978339.68},{\"vehicle\":\"Big Bus SHD\",\"user\":51,\"wnaCost\":135000,\"mealCostPerPerson\":335294.12,\"WithoutAccomodation\":1163473.41,\"Guesthouse\":1248179.29,\"Homestay\":1382649.88,\"TwoStar\":1358296.94,\"ThreeStar\":1525591.06,\"FourStar\":1775473.41,\"FiveStar\":1997826.35},{\"vehicle\":\"Big Bus SHD\",\"user\":52,\"wnaCost\":135000,\"mealCostPerPerson\":334615.38,\"WithoutAccomodation\":1154640.46,\"Guesthouse\":1235640.46,\"Homestay\":1370640.46,\"TwoStar\":1343640.46,\"ThreeStar\":1505640.46,\"FourStar\":1748640.46,\"FiveStar\":1964640.46},{\"vehicle\":\"Big Bus SHD\",\"user\":53,\"wnaCost\":135000,\"mealCostPerPerson\":333962.26,\"WithoutAccomodation\":1150216.3,\"Guesthouse\":1234782.34,\"Homestay\":1362140.83,\"TwoStar\":1344820.08,\"ThreeStar\":1511914.42,\"FourStar\":1761537.06,\"FiveStar\":1983650.26},{\"vehicle\":\"Big Bus SHD\",\"user\":54,\"wnaCost\":135000,\"mealCostPerPerson\":333333.33,\"WithoutAccomodation\":1141956,\"Guesthouse\":1222956,\"Homestay\":1353956,\"TwoStar\":1330956,\"ThreeStar\":1492956,\"FourStar\":1735956,\"FiveStar\":1951956},{\"vehicle\":\"Big Bus SHD\",\"user\":55,\"wnaCost\":135000,\"mealCostPerPerson\":332727.27,\"WithoutAccomodation\":1137923.35,\"Guesthouse\":1222359.71,\"Homestay\":1356868.8,\"TwoStar\":1332323.35,\"ThreeStar\":1499232.44,\"FourStar\":1748614.25,\"FiveStar\":1970505.16}]},{\"Price Type\":\"Exclude Meal\",\"data\":[{\"Price Type\":\"Exclude Meal\"},{\"vehicle\":\"Avanza\",\"user\":1,\"wnaCost\":135000,\"mealCostPerPerson\":300000,\"WithoutAccomodation\":2550744,\"Guesthouse\":2820744,\"Homestay\":3468744,\"TwoStar\":3036744,\"ThreeStar\":3468744,\"FourStar\":4062744,\"FiveStar\":4602744},{\"vehicle\":\"Avanza\",\"user\":2,\"wnaCost\":135000,\"mealCostPerPerson\":150000,\"WithoutAccomodation\":1470852,\"Guesthouse\":1551852,\"Homestay\":1956852,\"TwoStar\":1659852,\"ThreeStar\":1821852,\"FourStar\":2064852,\"FiveStar\":2280852},{\"vehicle\":\"Avanza\",\"user\":3,\"wnaCost\":135000,\"mealCostPerPerson\":100000,\"WithoutAccomodation\":1182888,\"Guesthouse\":1326888,\"Homestay\":1452888,\"TwoStar\":1470888,\"ThreeStar\":1722888,\"FourStar\":2082888,\"FiveStar\":2406888},{\"vehicle\":\"Avanza\",\"user\":4,\"wnaCost\":135000,\"mealCostPerPerson\":75000,\"WithoutAccomodation\":984906,\"Guesthouse\":1065906,\"Homestay\":1200906,\"TwoStar\":1173906,\"ThreeStar\":1335906,\"FourStar\":1578906,\"FiveStar\":1794906},{\"vehicle\":\"Avanza\",\"user\":5,\"wnaCost\":135000,\"mealCostPerPerson\":60000,\"WithoutAccomodation\":909316.8,\"Guesthouse\":1028116.8,\"Homestay\":1082116.8,\"TwoStar\":1157716.8,\"ThreeStar\":1373716.8,\"FourStar\":1686916.8,\"FiveStar\":1967716.8},{\"vehicle\":\"Innova\",\"user\":6,\"wnaCost\":135000,\"mealCostPerPerson\":50000,\"WithoutAccomodation\":894924,\"Guesthouse\":975924,\"Homestay\":1074924,\"TwoStar\":1083924,\"ThreeStar\":1245924,\"FourStar\":1488924,\"FiveStar\":1704924},{\"vehicle\":\"Hiace Commuter\",\"user\":7,\"wnaCost\":135000,\"mealCostPerPerson\":85714.29,\"WithoutAccomodation\":1138443.43,\"Guesthouse\":1246443.43,\"Homestay\":1377586.29,\"TwoStar\":1369872,\"ThreeStar\":1570443.43,\"FourStar\":1863586.29,\"FiveStar\":2125872},{\"vehicle\":\"Hiace Commuter\",\"user\":8,\"wnaCost\":135000,\"mealCostPerPerson\":75000,\"WithoutAccomodation\":1045008,\"Guesthouse\":1126008,\"Homestay\":1261008,\"TwoStar\":1234008,\"ThreeStar\":1396008,\"FourStar\":1639008,\"FiveStar\":1855008},{\"vehicle\":\"Hiace Commuter\",\"user\":9,\"wnaCost\":135000,\"mealCostPerPerson\":66666.67,\"WithoutAccomodation\":996336,\"Guesthouse\":1098336,\"Homestay\":1188336,\"TwoStar\":1218336,\"ThreeStar\":1410336,\"FourStar\":1692336,\"FiveStar\":1944336},{\"vehicle\":\"Hiace Commuter\",\"user\":10,\"wnaCost\":135000,\"mealCostPerPerson\":60000,\"WithoutAccomodation\":935798.4,\"Guesthouse\":1016798.4,\"Homestay\":1130198.4,\"TwoStar\":1124798.4,\"ThreeStar\":1286798.4,\"FourStar\":1529798.4,\"FiveStar\":1745798.4},{\"vehicle\":\"Hiace Commuter\",\"user\":11,\"wnaCost\":135000,\"mealCostPerPerson\":54545.45,\"WithoutAccomodation\":905904,\"Guesthouse\":1004085.82,\"Homestay\":1136631.27,\"TwoStar\":1121904,\"ThreeStar\":1308449.45,\"FourStar\":1583358.55,\"FiveStar\":1828813.09},{\"vehicle\":\"Hiace Commuter\",\"user\":12,\"wnaCost\":135000,\"mealCostPerPerson\":50000,\"WithoutAccomodation\":862992,\"Guesthouse\":943992,\"Homestay\":1078992,\"TwoStar\":1051992,\"ThreeStar\":1213992,\"FourStar\":1456992,\"FiveStar\":1672992},{\"vehicle\":\"Elf Giga\",\"user\":13,\"wnaCost\":135000,\"mealCostPerPerson\":69230.77,\"WithoutAccomodation\":884835.69,\"Guesthouse\":980374.15,\"Homestay\":1084220.31,\"TwoStar\":1096681.85,\"ThreeStar\":1279451.08,\"FourStar\":1549451.08,\"FiveStar\":1790374.15},{\"vehicle\":\"Elf Giga\",\"user\":14,\"wnaCost\":135000,\"mealCostPerPerson\":64285.71,\"WithoutAccomodation\":849558.86,\"Guesthouse\":930558.86,\"Homestay\":1050130.29,\"TwoStar\":1038558.86,\"ThreeStar\":1200558.86,\"FourStar\":1443558.86,\"FiveStar\":1659558.86},{\"vehicle\":\"Elf Giga\",\"user\":15,\"wnaCost\":135000,\"mealCostPerPerson\":60000,\"WithoutAccomodation\":833385.6,\"Guesthouse\":926985.6,\"Homestay\":1060185.6,\"TwoStar\":1042185.6,\"ThreeStar\":1222185.6,\"FourStar\":1488585.6,\"FiveStar\":1726185.6},{\"vehicle\":\"Elf Giga\",\"user\":16,\"wnaCost\":135000,\"mealCostPerPerson\":56250,\"WithoutAccomodation\":805734,\"Guesthouse\":886734,\"Homestay\":1021734,\"TwoStar\":994734,\"ThreeStar\":1156734,\"FourStar\":1399734,\"FiveStar\":1615734},{\"vehicle\":\"Elf Giga\",\"user\":17,\"wnaCost\":135000,\"mealCostPerPerson\":52941.18,\"WithoutAccomodation\":794041.41,\"Guesthouse\":886159.06,\"Homestay\":997335.53,\"TwoStar\":1000512,\"ThreeStar\":1178394.35,\"FourStar\":1442041.41,\"FiveStar\":1677100.24},{\"vehicle\":\"Medium Bus\",\"user\":18,\"wnaCost\":135000,\"mealCostPerPerson\":50000,\"WithoutAccomodation\":882348,\"Guesthouse\":963348,\"Homestay\":1086348,\"TwoStar\":1071348,\"ThreeStar\":1233348,\"FourStar\":1476348,\"FiveStar\":1692348},{\"vehicle\":\"Medium Bus\",\"user\":19,\"wnaCost\":135000,\"mealCostPerPerson\":63157.89,\"WithoutAccomodation\":884906.53,\"Guesthouse\":975853.89,\"Homestay\":1109432.84,\"TwoStar\":1089538.11,\"ThreeStar\":1265748.63,\"FourStar\":1527222.32,\"FiveStar\":1760274.95},{\"vehicle\":\"Medium Bus\",\"user\":20,\"wnaCost\":135000,\"mealCostPerPerson\":60000,\"WithoutAccomodation\":1103209.2,\"Guesthouse\":1184209.2,\"Homestay\":1319209.2,\"TwoStar\":1292209.2,\"ThreeStar\":1454209.2,\"FourStar\":1697209.2,\"FiveStar\":1913209.2},{\"vehicle\":\"Medium Bus\",\"user\":21,\"wnaCost\":135000,\"mealCostPerPerson\":57142.86,\"WithoutAccomodation\":1079578.29,\"Guesthouse\":1169578.29,\"Homestay\":1285292.57,\"TwoStar\":1282721.14,\"ThreeStar\":1457578.29,\"FourStar\":1717292.57,\"FiveStar\":1948721.14},{\"vehicle\":\"Medium Bus\",\"user\":22,\"wnaCost\":135000,\"mealCostPerPerson\":54545.45,\"WithoutAccomodation\":1048277.45,\"Guesthouse\":1129277.45,\"Homestay\":1254459.27,\"TwoStar\":1237277.45,\"ThreeStar\":1399277.45,\"FourStar\":1642277.45,\"FiveStar\":1858277.45},{\"vehicle\":\"Medium Bus\",\"user\":23,\"wnaCost\":135000,\"mealCostPerPerson\":52173.91,\"WithoutAccomodation\":1029089.74,\"Guesthouse\":1118307.13,\"Homestay\":1252133.22,\"TwoStar\":1231002.78,\"ThreeStar\":1404741.91,\"FourStar\":1663002.78,\"FiveStar\":1893089.74},{\"vehicle\":\"Medium Bus\",\"user\":24,\"wnaCost\":135000,\"mealCostPerPerson\":50000,\"WithoutAccomodation\":1002501,\"Guesthouse\":1083501,\"Homestay\":1218501,\"TwoStar\":1191501,\"ThreeStar\":1353501,\"FourStar\":1596501,\"FiveStar\":1812501},{\"vehicle\":\"Medium Bus\",\"user\":25,\"wnaCost\":135000,\"mealCostPerPerson\":48000,\"WithoutAccomodation\":986679.36,\"Guesthouse\":1075239.36,\"Homestay\":1194039.36,\"TwoStar\":1187559.36,\"ThreeStar\":1360359.36,\"FourStar\":1617399.36,\"FiveStar\":1846359.36},{\"vehicle\":\"Medium Bus\",\"user\":26,\"wnaCost\":135000,\"mealCostPerPerson\":46153.85,\"WithoutAccomodation\":963767.08,\"Guesthouse\":1044767.08,\"Homestay\":1171459.38,\"TwoStar\":1152767.08,\"ThreeStar\":1314767.08,\"FourStar\":1557767.08,\"FiveStar\":1773767.08},{\"vehicle\":\"Medium Bus\",\"user\":27,\"wnaCost\":135000,\"mealCostPerPerson\":44444.44,\"WithoutAccomodation\":950552,\"Guesthouse\":1038552,\"Homestay\":1172552,\"TwoStar\":1150552,\"ThreeStar\":1322552,\"FourStar\":1578552,\"FiveStar\":1806552},{\"vehicle\":\"Medium Bus\",\"user\":28,\"wnaCost\":135000,\"mealCostPerPerson\":42857.14,\"WithoutAccomodation\":930566.57,\"Guesthouse\":1011566.57,\"Homestay\":1146566.57,\"TwoStar\":1119566.57,\"ThreeStar\":1281566.57,\"FourStar\":1524566.57,\"FiveStar\":1740566.57},{\"vehicle\":\"Medium Bus\",\"user\":29,\"wnaCost\":135000,\"mealCostPerPerson\":41379.31,\"WithoutAccomodation\":919407.72,\"Guesthouse\":1006924.97,\"Homestay\":1127959.45,\"TwoStar\":1118649.1,\"ThreeStar\":1289959.45,\"FourStar\":1545062.9,\"FiveStar\":1772235.31},{\"vehicle\":\"Medium Bus\",\"user\":30,\"wnaCost\":135000,\"mealCostPerPerson\":40000,\"WithoutAccomodation\":901792.8,\"Guesthouse\":982792.8,\"Homestay\":1110592.8,\"TwoStar\":1090792.8,\"ThreeStar\":1252792.8,\"FourStar\":1495792.8,\"FiveStar\":1711792.8},{\"vehicle\":\"Big Bus HD\",\"user\":31,\"wnaCost\":135000,\"mealCostPerPerson\":48387.1,\"WithoutAccomodation\":1006901.42,\"Guesthouse\":1093998.19,\"Homestay\":1228127.23,\"TwoStar\":1205482.06,\"ThreeStar\":1376191.74,\"FourStar\":1630514.32,\"FiveStar\":1856965.94},{\"vehicle\":\"Big Bus HD\",\"user\":32,\"wnaCost\":135000,\"mealCostPerPerson\":46875,\"WithoutAccomodation\":987315.75,\"Guesthouse\":1068315.75,\"Homestay\":1203315.75,\"TwoStar\":1176315.75,\"ThreeStar\":1338315.75,\"FourStar\":1581315.75,\"FiveStar\":1797315.75},{\"vehicle\":\"Big Bus HD\",\"user\":33,\"wnaCost\":135000,\"mealCostPerPerson\":45454.55,\"WithoutAccomodation\":975462.55,\"Guesthouse\":1062189.82,\"Homestay\":1184917.09,\"TwoStar\":1173462.55,\"ThreeStar\":1343644.36,\"FourStar\":1597280.73,\"FiveStar\":1823098.91},{\"vehicle\":\"Big Bus HD\",\"user\":34,\"wnaCost\":135000,\"mealCostPerPerson\":44117.65,\"WithoutAccomodation\":957953.65,\"Guesthouse\":1038953.65,\"Homestay\":1167600.71,\"TwoStar\":1146953.65,\"ThreeStar\":1308953.65,\"FourStar\":1551953.65,\"FiveStar\":1767953.65},{\"vehicle\":\"Big Bus HD\",\"user\":35,\"wnaCost\":135000,\"mealCostPerPerson\":42857.14,\"WithoutAccomodation\":947616.69,\"Guesthouse\":1034016.69,\"Homestay\":1168245.26,\"TwoStar\":1145102.4,\"ThreeStar\":1314816.69,\"FourStar\":1567845.26,\"FiveStar\":1793102.4},{\"vehicle\":\"Big Bus HD\",\"user\":36,\"wnaCost\":135000,\"mealCostPerPerson\":41666.67,\"WithoutAccomodation\":931854,\"Guesthouse\":1012854,\"Homestay\":1147854,\"TwoStar\":1120854,\"ThreeStar\":1282854,\"FourStar\":1525854,\"FiveStar\":1741854},{\"vehicle\":\"Big Bus HD\",\"user\":37,\"wnaCost\":135000,\"mealCostPerPerson\":40540.54,\"WithoutAccomodation\":922781.19,\"Guesthouse\":1008889.3,\"Homestay\":1132943.35,\"TwoStar\":1119808.22,\"ThreeStar\":1289105.51,\"FourStar\":1541592,\"FiveStar\":1766348.76},{\"vehicle\":\"Big Bus HD\",\"user\":38,\"wnaCost\":135000,\"mealCostPerPerson\":39473.68,\"WithoutAccomodation\":908501.68,\"Guesthouse\":989501.68,\"Homestay\":1118817.47,\"TwoStar\":1097501.68,\"ThreeStar\":1259501.68,\"FourStar\":1502501.68,\"FiveStar\":1718501.68},{\"vehicle\":\"Big Bus HD\",\"user\":39,\"wnaCost\":135000,\"mealCostPerPerson\":38461.54,\"WithoutAccomodation\":900492.92,\"Guesthouse\":986339.08,\"Homestay\":1120646.77,\"TwoStar\":1097108.31,\"ThreeStar\":1266031.38,\"FourStar\":1518031.38,\"FiveStar\":1742339.08},{\"vehicle\":\"Big Bus HD\",\"user\":40,\"wnaCost\":135000,\"mealCostPerPerson\":37500,\"WithoutAccomodation\":887484.6,\"Guesthouse\":968484.6,\"Homestay\":1103484.6,\"TwoStar\":1076484.6,\"ThreeStar\":1238484.6,\"FourStar\":1481484.6,\"FiveStar\":1697484.6},{\"vehicle\":\"Big Bus HD\",\"user\":41,\"wnaCost\":135000,\"mealCostPerPerson\":43902.44,\"WithoutAccomodation\":888281.56,\"Guesthouse\":973891.32,\"Homestay\":1099013.27,\"TwoStar\":1084525.46,\"ThreeStar\":1253110.83,\"FourStar\":1504671.8,\"FiveStar\":1728574.24},{\"vehicle\":\"Big Bus HD\",\"user\":42,\"wnaCost\":135000,\"mealCostPerPerson\":42857.14,\"WithoutAccomodation\":876183.43,\"Guesthouse\":957183.43,\"Homestay\":1087040.57,\"TwoStar\":1065183.43,\"ThreeStar\":1227183.43,\"FourStar\":1470183.43,\"FiveStar\":1686183.43},{\"vehicle\":\"Big Bus HD\",\"user\":43,\"wnaCost\":135000,\"mealCostPerPerson\":41860.47,\"WithoutAccomodation\":869671.26,\"Guesthouse\":955066.6,\"Homestay\":1089438.7,\"TwoStar\":1065578.23,\"ThreeStar\":1233857.3,\"FourStar\":1485020.09,\"FiveStar\":1708554.98},{\"vehicle\":\"Big Bus HD\",\"user\":44,\"wnaCost\":135000,\"mealCostPerPerson\":40909.09,\"WithoutAccomodation\":858546,\"Guesthouse\":939546,\"Homestay\":1074546,\"TwoStar\":1047546,\"ThreeStar\":1209546,\"FourStar\":1452546,\"FiveStar\":1668546},{\"vehicle\":\"Big Bus HD\",\"user\":45,\"wnaCost\":135000,\"mealCostPerPerson\":40000,\"WithoutAccomodation\":852715.2,\"Guesthouse\":937915.2,\"Homestay\":1063915.2,\"TwoStar\":1048315.2,\"ThreeStar\":1216315.2,\"FourStar\":1467115.2,\"FiveStar\":1690315.2},{\"vehicle\":\"Big Bus SHD\",\"user\":46,\"wnaCost\":135000,\"mealCostPerPerson\":39130.43,\"WithoutAccomodation\":875311.83,\"Guesthouse\":956311.83,\"Homestay\":1086616.17,\"TwoStar\":1064311.83,\"ThreeStar\":1226311.83,\"FourStar\":1469311.83,\"FiveStar\":1685311.83},{\"vehicle\":\"Big Bus SHD\",\"user\":47,\"wnaCost\":135000,\"mealCostPerPerson\":38297.87,\"WithoutAccomodation\":869372.43,\"Guesthouse\":954393.7,\"Homestay\":1088819.23,\"TwoStar\":1064691.57,\"ThreeStar\":1232436.26,\"FourStar\":1482904.34,\"FiveStar\":1705797.96},{\"vehicle\":\"Big Bus SHD\",\"user\":48,\"wnaCost\":135000,\"mealCostPerPerson\":37500,\"WithoutAccomodation\":859180.5,\"Guesthouse\":940180.5,\"Homestay\":1075180.5,\"TwoStar\":1048180.5,\"ThreeStar\":1210180.5,\"FourStar\":1453180.5,\"FiveStar\":1669180.5},{\"vehicle\":\"Big Bus SHD\",\"user\":49,\"wnaCost\":135000,\"mealCostPerPerson\":36734.69,\"WithoutAccomodation\":853812.73,\"Guesthouse\":938669.88,\"Homestay\":1065404.57,\"TwoStar\":1048873.96,\"ThreeStar\":1216384.16,\"FourStar\":1466547.43,\"FiveStar\":1689159.67},{\"vehicle\":\"Big Bus SHD\",\"user\":50,\"wnaCost\":135000,\"mealCostPerPerson\":36000,\"WithoutAccomodation\":844339.68,\"Guesthouse\":925339.68,\"Homestay\":1056019.68,\"TwoStar\":1033339.68,\"ThreeStar\":1195339.68,\"FourStar\":1438339.68,\"FiveStar\":1654339.68},{\"vehicle\":\"Big Bus SHD\",\"user\":51,\"wnaCost\":135000,\"mealCostPerPerson\":35294.12,\"WithoutAccomodation\":839473.41,\"Guesthouse\":924179.29,\"Homestay\":1058649.88,\"TwoStar\":1034296.94,\"ThreeStar\":1201591.06,\"FourStar\":1451473.41,\"FiveStar\":1673826.35},{\"vehicle\":\"Big Bus SHD\",\"user\":52,\"wnaCost\":135000,\"mealCostPerPerson\":34615.38,\"WithoutAccomodation\":830640.46,\"Guesthouse\":911640.46,\"Homestay\":1046640.46,\"TwoStar\":1019640.46,\"ThreeStar\":1181640.46,\"FourStar\":1424640.46,\"FiveStar\":1640640.46},{\"vehicle\":\"Big Bus SHD\",\"user\":53,\"wnaCost\":135000,\"mealCostPerPerson\":33962.26,\"WithoutAccomodation\":826216.3,\"Guesthouse\":910782.34,\"Homestay\":1038140.83,\"TwoStar\":1020820.08,\"ThreeStar\":1187914.42,\"FourStar\":1437537.06,\"FiveStar\":1659650.26},{\"vehicle\":\"Big Bus SHD\",\"user\":54,\"wnaCost\":135000,\"mealCostPerPerson\":33333.33,\"WithoutAccomodation\":817956,\"Guesthouse\":898956,\"Homestay\":1029956,\"TwoStar\":1006956,\"ThreeStar\":1168956,\"FourStar\":1411956,\"FiveStar\":1627956},{\"vehicle\":\"Big Bus SHD\",\"user\":55,\"wnaCost\":135000,\"mealCostPerPerson\":32727.27,\"WithoutAccomodation\":813923.35,\"Guesthouse\":898359.71,\"Homestay\":1032868.8,\"TwoStar\":1008323.35,\"ThreeStar\":1175232.44,\"FourStar\":1424614.25,\"FiveStar\":1646505.16}]}]', '2025-02-24 02:01:27', '2025-02-24 02:01:27'),
(40, 43, '[{\"Price Type\":\"Include Meal\",\"data\":[{\"Price Type\":\"Include Meal\"},{\"vehicle\":\"Avanza\",\"user\":1,\"wnaCost\":300000,\"mealCostPerPerson\":600000,\"Villa\":3655800,\"Guesthouse\":3061800,\"ThreeStar\":3634200,\"FourStar\":4249800},{\"vehicle\":\"Avanza\",\"user\":2,\"wnaCost\":300000,\"mealCostPerPerson\":450000,\"Villa\":2265300,\"Guesthouse\":1914300,\"ThreeStar\":2157300,\"FourStar\":2319300},{\"vehicle\":\"Avanza\",\"user\":3,\"wnaCost\":300000,\"mealCostPerPerson\":400000,\"Villa\":1801800,\"Guesthouse\":1675800,\"ThreeStar\":2028600,\"FourStar\":2341800},{\"vehicle\":\"Avanza\",\"user\":4,\"wnaCost\":300000,\"mealCostPerPerson\":375000,\"Villa\":1570050,\"Guesthouse\":1448550,\"ThreeStar\":1691550,\"FourStar\":1853550},{\"vehicle\":\"Avanza\",\"user\":5,\"wnaCost\":300000,\"mealCostPerPerson\":360000,\"Villa\":1463400,\"Guesthouse\":1398600,\"ThreeStar\":1707480,\"FourStar\":1960200},{\"vehicle\":\"Innova\",\"user\":6,\"wnaCost\":300000,\"mealCostPerPerson\":350000,\"Villa\":1464300,\"Guesthouse\":1365300,\"ThreeStar\":1608300,\"FourStar\":1770300},{\"vehicle\":\"Hiace Commuter\",\"user\":7,\"wnaCost\":300000,\"mealCostPerPerson\":385714.29,\"Villa\":1737257.14,\"Guesthouse\":1613828.57,\"ThreeStar\":1903885.71,\"FourStar\":2130685.71},{\"vehicle\":\"Hiace Commuter\",\"user\":8,\"wnaCost\":300000,\"mealCostPerPerson\":375000,\"Villa\":1629450,\"Guesthouse\":1507950,\"ThreeStar\":1750950,\"FourStar\":1912950},{\"vehicle\":\"Hiace Commuter\",\"user\":9,\"wnaCost\":300000,\"mealCostPerPerson\":366666.67,\"Villa\":1563600,\"Guesthouse\":1473600,\"ThreeStar\":1753200,\"FourStar\":1965600},{\"vehicle\":\"Hiace Commuter\",\"user\":10,\"wnaCost\":300000,\"mealCostPerPerson\":360000,\"Villa\":1510920,\"Guesthouse\":1402920,\"ThreeStar\":1645920,\"FourStar\":1807920},{\"vehicle\":\"Hiace Commuter\",\"user\":11,\"wnaCost\":300000,\"mealCostPerPerson\":354545.45,\"Villa\":1507090.91,\"Guesthouse\":1384363.64,\"ThreeStar\":1657309.09,\"FourStar\":1860545.45},{\"vehicle\":\"Hiace Commuter\",\"user\":12,\"wnaCost\":300000,\"mealCostPerPerson\":350000,\"Villa\":1454400,\"Guesthouse\":1332900,\"ThreeStar\":1575900,\"FourStar\":1737900},{\"vehicle\":\"Elf Giga\",\"user\":13,\"wnaCost\":300000,\"mealCostPerPerson\":369230.77,\"Villa\":1463815.38,\"Guesthouse\":1364123.08,\"ThreeStar\":1632461.54,\"FourStar\":1829353.85},{\"vehicle\":\"Elf Giga\",\"user\":14,\"wnaCost\":300000,\"mealCostPerPerson\":364285.71,\"Villa\":1433314.29,\"Guesthouse\":1321457.14,\"ThreeStar\":1564457.14,\"FourStar\":1726457.14},{\"vehicle\":\"Elf Giga\",\"user\":15,\"wnaCost\":300000,\"mealCostPerPerson\":360000,\"Villa\":1435680,\"Guesthouse\":1313280,\"ThreeStar\":1578240,\"FourStar\":1770480},{\"vehicle\":\"Elf Giga\",\"user\":16,\"wnaCost\":300000,\"mealCostPerPerson\":356250,\"Villa\":1400625,\"Guesthouse\":1279125,\"ThreeStar\":1522125,\"FourStar\":1684125},{\"vehicle\":\"Elf Giga\",\"user\":17,\"wnaCost\":300000,\"mealCostPerPerson\":352941.18,\"Villa\":1379223.53,\"Guesthouse\":1274400,\"ThreeStar\":1536776.47,\"FourStar\":1725458.82},{\"vehicle\":\"Medium Bus\",\"user\":18,\"wnaCost\":300000,\"mealCostPerPerson\":350000,\"Villa\":1473300,\"Guesthouse\":1359300,\"ThreeStar\":1602300,\"FourStar\":1764300},{\"vehicle\":\"Medium Bus\",\"user\":19,\"wnaCost\":300000,\"mealCostPerPerson\":363157.89,\"Villa\":1490115.79,\"Guesthouse\":1367905.26,\"ThreeStar\":1628242.11,\"FourStar\":1814115.79},{\"vehicle\":\"Medium Bus\",\"user\":20,\"wnaCost\":300000,\"mealCostPerPerson\":360000,\"Villa\":1459350,\"Guesthouse\":1337850,\"ThreeStar\":1580850,\"FourStar\":1742850},{\"vehicle\":\"Medium Bus\",\"user\":21,\"wnaCost\":300000,\"mealCostPerPerson\":357142.86,\"Villa\":1439228.57,\"Guesthouse\":1331228.57,\"ThreeStar\":1589914.29,\"FourStar\":1773514.29},{\"vehicle\":\"Medium Bus\",\"user\":22,\"wnaCost\":300000,\"mealCostPerPerson\":354545.45,\"Villa\":1420936.36,\"Guesthouse\":1305572.73,\"ThreeStar\":1548572.73,\"FourStar\":1710572.73},{\"vehicle\":\"Medium Bus\",\"user\":23,\"wnaCost\":300000,\"mealCostPerPerson\":352173.91,\"Villa\":1423017.39,\"Guesthouse\":1300930.43,\"ThreeStar\":1558252.17,\"FourStar\":1739973.91},{\"vehicle\":\"Medium Bus\",\"user\":24,\"wnaCost\":300000,\"mealCostPerPerson\":350000,\"Villa\":1400175,\"Guesthouse\":1278675,\"ThreeStar\":1521675,\"FourStar\":1683675},{\"vehicle\":\"Medium Bus\",\"user\":25,\"wnaCost\":300000,\"mealCostPerPerson\":348000,\"Villa\":1385640,\"Guesthouse\":1275480,\"ThreeStar\":1531656,\"FourStar\":1711800},{\"vehicle\":\"Medium Bus\",\"user\":26,\"wnaCost\":300000,\"mealCostPerPerson\":346153.85,\"Villa\":1372223.08,\"Guesthouse\":1255915.38,\"ThreeStar\":1498915.38,\"FourStar\":1660915.38},{\"vehicle\":\"Medium Bus\",\"user\":27,\"wnaCost\":300000,\"mealCostPerPerson\":344444.44,\"Villa\":1375800,\"Guesthouse\":1253800,\"ThreeStar\":1509000,\"FourStar\":1687800},{\"vehicle\":\"Medium Bus\",\"user\":28,\"wnaCost\":300000,\"mealCostPerPerson\":342857.14,\"Villa\":1357907.14,\"Guesthouse\":1236407.14,\"ThreeStar\":1479407.14,\"FourStar\":1641407.14},{\"vehicle\":\"Medium Bus\",\"user\":29,\"wnaCost\":300000,\"mealCostPerPerson\":341379.31,\"Villa\":1346834.48,\"Guesthouse\":1235110.34,\"ThreeStar\":1489468.97,\"FourStar\":1667110.34},{\"vehicle\":\"Medium Bus\",\"user\":30,\"wnaCost\":300000,\"mealCostPerPerson\":340000,\"Villa\":1336500,\"Guesthouse\":1219500,\"ThreeStar\":1462500,\"FourStar\":1624500},{\"vehicle\":\"Big Bus HD\",\"user\":31,\"wnaCost\":300000,\"mealCostPerPerson\":348387.1,\"Villa\":1424032.26,\"Guesthouse\":1302096.77,\"ThreeStar\":1555722.58,\"FourStar\":1732354.84},{\"vehicle\":\"Big Bus HD\",\"user\":32,\"wnaCost\":300000,\"mealCostPerPerson\":346875,\"Villa\":1406531.25,\"Guesthouse\":1285031.25,\"ThreeStar\":1528031.25,\"FourStar\":1690031.25},{\"vehicle\":\"Big Bus HD\",\"user\":33,\"wnaCost\":300000,\"mealCostPerPerson\":345454.55,\"Villa\":1395000,\"Guesthouse\":1282090.91,\"ThreeStar\":1535072.73,\"FourStar\":1710818.18},{\"vehicle\":\"Big Bus HD\",\"user\":34,\"wnaCost\":300000,\"mealCostPerPerson\":344117.65,\"Villa\":1384147.06,\"Guesthouse\":1266617.65,\"ThreeStar\":1509617.65,\"FourStar\":1671617.65},{\"vehicle\":\"Big Bus HD\",\"user\":35,\"wnaCost\":300000,\"mealCostPerPerson\":342857.14,\"Villa\":1386257.14,\"Guesthouse\":1264371.43,\"ThreeStar\":1516782.86,\"FourStar\":1691742.86},{\"vehicle\":\"Big Bus HD\",\"user\":36,\"wnaCost\":300000,\"mealCostPerPerson\":341666.67,\"Villa\":1371750,\"Guesthouse\":1250250,\"ThreeStar\":1493250,\"FourStar\":1655250},{\"vehicle\":\"Big Bus HD\",\"user\":37,\"wnaCost\":300000,\"mealCostPerPerson\":340540.54,\"Villa\":1362405.41,\"Guesthouse\":1248567.57,\"ThreeStar\":1500470.27,\"FourStar\":1674729.73},{\"vehicle\":\"Big Bus HD\",\"user\":38,\"wnaCost\":300000,\"mealCostPerPerson\":339473.68,\"Villa\":1353552.63,\"Guesthouse\":1235605.26,\"ThreeStar\":1478605.26,\"FourStar\":1640605.26},{\"vehicle\":\"Big Bus HD\",\"user\":39,\"wnaCost\":300000,\"mealCostPerPerson\":338461.54,\"Villa\":1356230.77,\"Guesthouse\":1234384.62,\"ThreeStar\":1485830.77,\"FourStar\":1659461.54},{\"vehicle\":\"Big Bus HD\",\"user\":40,\"wnaCost\":300000,\"mealCostPerPerson\":337500,\"Villa\":1343925,\"Guesthouse\":1222425,\"ThreeStar\":1465425,\"FourStar\":1627425},{\"vehicle\":\"Big Bus HD\",\"user\":41,\"wnaCost\":300000,\"mealCostPerPerson\":343902.44,\"Villa\":1344073.17,\"Guesthouse\":1229487.8,\"ThreeStar\":1480521.95,\"FourStar\":1653585.37},{\"vehicle\":\"Big Bus HD\",\"user\":42,\"wnaCost\":300000,\"mealCostPerPerson\":342857.14,\"Villa\":1336500,\"Guesthouse\":1218214.29,\"ThreeStar\":1461214.29,\"FourStar\":1623214.29},{\"vehicle\":\"Big Bus HD\",\"user\":43,\"wnaCost\":300000,\"mealCostPerPerson\":341860.47,\"Villa\":1339325.58,\"Guesthouse\":1217511.63,\"ThreeStar\":1468172.09,\"FourStar\":1640720.93},{\"vehicle\":\"Big Bus HD\",\"user\":44,\"wnaCost\":300000,\"mealCostPerPerson\":340909.09,\"Villa\":1328522.73,\"Guesthouse\":1207022.73,\"ThreeStar\":1450022.73,\"FourStar\":1612022.73},{\"vehicle\":\"Big Bus HD\",\"user\":45,\"wnaCost\":300000,\"mealCostPerPerson\":340000,\"Villa\":1321800,\"Guesthouse\":1206600,\"ThreeStar\":1456920,\"FourStar\":1629000},{\"vehicle\":\"Big Bus SHD\",\"user\":46,\"wnaCost\":300000,\"mealCostPerPerson\":339130.43,\"Villa\":1348239.13,\"Guesthouse\":1229673.91,\"ThreeStar\":1472673.91,\"FourStar\":1634673.91},{\"vehicle\":\"Big Bus SHD\",\"user\":47,\"wnaCost\":300000,\"mealCostPerPerson\":338297.87,\"Villa\":1350574.47,\"Guesthouse\":1228787.23,\"ThreeStar\":1478795.74,\"FourStar\":1650446.81},{\"vehicle\":\"Big Bus SHD\",\"user\":48,\"wnaCost\":300000,\"mealCostPerPerson\":337500,\"Villa\":1340437.5,\"Guesthouse\":1218937.5,\"ThreeStar\":1461937.5,\"FourStar\":1623937.5},{\"vehicle\":\"Big Bus SHD\",\"user\":49,\"wnaCost\":300000,\"mealCostPerPerson\":336734.69,\"Villa\":1334020.41,\"Guesthouse\":1218306.12,\"ThreeStar\":1468028.57,\"FourStar\":1639285.71},{\"vehicle\":\"Big Bus SHD\",\"user\":50,\"wnaCost\":300000,\"mealCostPerPerson\":336000,\"Villa\":1327860,\"Guesthouse\":1209060,\"ThreeStar\":1452060,\"FourStar\":1614060},{\"vehicle\":\"Big Bus SHD\",\"user\":51,\"wnaCost\":300000,\"mealCostPerPerson\":335294.12,\"Villa\":1330411.76,\"Guesthouse\":1208647.06,\"ThreeStar\":1458105.88,\"FourStar\":1629000},{\"vehicle\":\"Big Bus SHD\",\"user\":52,\"wnaCost\":300000,\"mealCostPerPerson\":334615.38,\"Villa\":1321442.31,\"Guesthouse\":1199942.31,\"ThreeStar\":1442942.31,\"FourStar\":1604942.31},{\"vehicle\":\"Big Bus SHD\",\"user\":53,\"wnaCost\":300000,\"mealCostPerPerson\":333962.26,\"Villa\":1315867.92,\"Guesthouse\":1199716.98,\"ThreeStar\":1448932.08,\"FourStar\":1619490.57},{\"vehicle\":\"Big Bus SHD\",\"user\":54,\"wnaCost\":300000,\"mealCostPerPerson\":333333.33,\"Villa\":1310500,\"Guesthouse\":1191500,\"ThreeStar\":1434500,\"FourStar\":1596500},{\"vehicle\":\"Big Bus SHD\",\"user\":55,\"wnaCost\":300000,\"mealCostPerPerson\":332727.27,\"Villa\":1313181.82,\"Guesthouse\":1191436.36,\"ThreeStar\":1440425.45,\"FourStar\":1610672.73}]},{\"Price Type\":\"Exclude Meal\",\"data\":[{\"Price Type\":\"Exclude Meal\"},{\"vehicle\":\"Avanza\",\"user\":1,\"wnaCost\":300000,\"mealCostPerPerson\":300000,\"Villa\":3331800,\"Guesthouse\":2737800,\"ThreeStar\":3310200,\"FourStar\":3925800},{\"vehicle\":\"Avanza\",\"user\":2,\"wnaCost\":300000,\"mealCostPerPerson\":150000,\"Villa\":1941300,\"Guesthouse\":1590300,\"ThreeStar\":1833300,\"FourStar\":1995300},{\"vehicle\":\"Avanza\",\"user\":3,\"wnaCost\":300000,\"mealCostPerPerson\":100000,\"Villa\":1477800,\"Guesthouse\":1351800,\"ThreeStar\":1704600,\"FourStar\":2017800},{\"vehicle\":\"Avanza\",\"user\":4,\"wnaCost\":300000,\"mealCostPerPerson\":75000,\"Villa\":1246050,\"Guesthouse\":1124550,\"ThreeStar\":1367550,\"FourStar\":1529550},{\"vehicle\":\"Avanza\",\"user\":5,\"wnaCost\":300000,\"mealCostPerPerson\":60000,\"Villa\":1139400,\"Guesthouse\":1074600,\"ThreeStar\":1383480,\"FourStar\":1636200},{\"vehicle\":\"Innova\",\"user\":6,\"wnaCost\":300000,\"mealCostPerPerson\":50000,\"Villa\":1140300,\"Guesthouse\":1041300,\"ThreeStar\":1284300,\"FourStar\":1446300},{\"vehicle\":\"Hiace Commuter\",\"user\":7,\"wnaCost\":300000,\"mealCostPerPerson\":85714.29,\"Villa\":1413257.14,\"Guesthouse\":1289828.57,\"ThreeStar\":1579885.71,\"FourStar\":1806685.71},{\"vehicle\":\"Hiace Commuter\",\"user\":8,\"wnaCost\":300000,\"mealCostPerPerson\":75000,\"Villa\":1305450,\"Guesthouse\":1183950,\"ThreeStar\":1426950,\"FourStar\":1588950},{\"vehicle\":\"Hiace Commuter\",\"user\":9,\"wnaCost\":300000,\"mealCostPerPerson\":66666.67,\"Villa\":1239600,\"Guesthouse\":1149600,\"ThreeStar\":1429200,\"FourStar\":1641600},{\"vehicle\":\"Hiace Commuter\",\"user\":10,\"wnaCost\":300000,\"mealCostPerPerson\":60000,\"Villa\":1186920,\"Guesthouse\":1078920,\"ThreeStar\":1321920,\"FourStar\":1483920},{\"vehicle\":\"Hiace Commuter\",\"user\":11,\"wnaCost\":300000,\"mealCostPerPerson\":54545.45,\"Villa\":1183090.91,\"Guesthouse\":1060363.64,\"ThreeStar\":1333309.09,\"FourStar\":1536545.45},{\"vehicle\":\"Hiace Commuter\",\"user\":12,\"wnaCost\":300000,\"mealCostPerPerson\":50000,\"Villa\":1130400,\"Guesthouse\":1008900,\"ThreeStar\":1251900,\"FourStar\":1413900},{\"vehicle\":\"Elf Giga\",\"user\":13,\"wnaCost\":300000,\"mealCostPerPerson\":69230.77,\"Villa\":1139815.38,\"Guesthouse\":1040123.08,\"ThreeStar\":1308461.54,\"FourStar\":1505353.85},{\"vehicle\":\"Elf Giga\",\"user\":14,\"wnaCost\":300000,\"mealCostPerPerson\":64285.71,\"Villa\":1109314.29,\"Guesthouse\":997457.14,\"ThreeStar\":1240457.14,\"FourStar\":1402457.14},{\"vehicle\":\"Elf Giga\",\"user\":15,\"wnaCost\":300000,\"mealCostPerPerson\":60000,\"Villa\":1111680,\"Guesthouse\":989280,\"ThreeStar\":1254240,\"FourStar\":1446480},{\"vehicle\":\"Elf Giga\",\"user\":16,\"wnaCost\":300000,\"mealCostPerPerson\":56250,\"Villa\":1076625,\"Guesthouse\":955125,\"ThreeStar\":1198125,\"FourStar\":1360125},{\"vehicle\":\"Elf Giga\",\"user\":17,\"wnaCost\":300000,\"mealCostPerPerson\":52941.18,\"Villa\":1055223.53,\"Guesthouse\":950400,\"ThreeStar\":1212776.47,\"FourStar\":1401458.82},{\"vehicle\":\"Medium Bus\",\"user\":18,\"wnaCost\":300000,\"mealCostPerPerson\":50000,\"Villa\":1149300,\"Guesthouse\":1035300,\"ThreeStar\":1278300,\"FourStar\":1440300},{\"vehicle\":\"Medium Bus\",\"user\":19,\"wnaCost\":300000,\"mealCostPerPerson\":63157.89,\"Villa\":1166115.79,\"Guesthouse\":1043905.26,\"ThreeStar\":1304242.11,\"FourStar\":1490115.79},{\"vehicle\":\"Medium Bus\",\"user\":20,\"wnaCost\":300000,\"mealCostPerPerson\":60000,\"Villa\":1135350,\"Guesthouse\":1013850,\"ThreeStar\":1256850,\"FourStar\":1418850},{\"vehicle\":\"Medium Bus\",\"user\":21,\"wnaCost\":300000,\"mealCostPerPerson\":57142.86,\"Villa\":1115228.57,\"Guesthouse\":1007228.57,\"ThreeStar\":1265914.29,\"FourStar\":1449514.29},{\"vehicle\":\"Medium Bus\",\"user\":22,\"wnaCost\":300000,\"mealCostPerPerson\":54545.45,\"Villa\":1096936.36,\"Guesthouse\":981572.73,\"ThreeStar\":1224572.73,\"FourStar\":1386572.73},{\"vehicle\":\"Medium Bus\",\"user\":23,\"wnaCost\":300000,\"mealCostPerPerson\":52173.91,\"Villa\":1099017.39,\"Guesthouse\":976930.43,\"ThreeStar\":1234252.17,\"FourStar\":1415973.91},{\"vehicle\":\"Medium Bus\",\"user\":24,\"wnaCost\":300000,\"mealCostPerPerson\":50000,\"Villa\":1076175,\"Guesthouse\":954675,\"ThreeStar\":1197675,\"FourStar\":1359675},{\"vehicle\":\"Medium Bus\",\"user\":25,\"wnaCost\":300000,\"mealCostPerPerson\":48000,\"Villa\":1061640,\"Guesthouse\":951480,\"ThreeStar\":1207656,\"FourStar\":1387800},{\"vehicle\":\"Medium Bus\",\"user\":26,\"wnaCost\":300000,\"mealCostPerPerson\":46153.85,\"Villa\":1048223.08,\"Guesthouse\":931915.38,\"ThreeStar\":1174915.38,\"FourStar\":1336915.38},{\"vehicle\":\"Medium Bus\",\"user\":27,\"wnaCost\":300000,\"mealCostPerPerson\":44444.44,\"Villa\":1051800,\"Guesthouse\":929800,\"ThreeStar\":1185000,\"FourStar\":1363800},{\"vehicle\":\"Medium Bus\",\"user\":28,\"wnaCost\":300000,\"mealCostPerPerson\":42857.14,\"Villa\":1033907.14,\"Guesthouse\":912407.14,\"ThreeStar\":1155407.14,\"FourStar\":1317407.14},{\"vehicle\":\"Medium Bus\",\"user\":29,\"wnaCost\":300000,\"mealCostPerPerson\":41379.31,\"Villa\":1022834.48,\"Guesthouse\":911110.34,\"ThreeStar\":1165468.97,\"FourStar\":1343110.34},{\"vehicle\":\"Medium Bus\",\"user\":30,\"wnaCost\":300000,\"mealCostPerPerson\":40000,\"Villa\":1012500,\"Guesthouse\":895500,\"ThreeStar\":1138500,\"FourStar\":1300500},{\"vehicle\":\"Big Bus HD\",\"user\":31,\"wnaCost\":300000,\"mealCostPerPerson\":48387.1,\"Villa\":1100032.26,\"Guesthouse\":978096.77,\"ThreeStar\":1231722.58,\"FourStar\":1408354.84},{\"vehicle\":\"Big Bus HD\",\"user\":32,\"wnaCost\":300000,\"mealCostPerPerson\":46875,\"Villa\":1082531.25,\"Guesthouse\":961031.25,\"ThreeStar\":1204031.25,\"FourStar\":1366031.25},{\"vehicle\":\"Big Bus HD\",\"user\":33,\"wnaCost\":300000,\"mealCostPerPerson\":45454.55,\"Villa\":1071000,\"Guesthouse\":958090.91,\"ThreeStar\":1211072.73,\"FourStar\":1386818.18},{\"vehicle\":\"Big Bus HD\",\"user\":34,\"wnaCost\":300000,\"mealCostPerPerson\":44117.65,\"Villa\":1060147.06,\"Guesthouse\":942617.65,\"ThreeStar\":1185617.65,\"FourStar\":1347617.65},{\"vehicle\":\"Big Bus HD\",\"user\":35,\"wnaCost\":300000,\"mealCostPerPerson\":42857.14,\"Villa\":1062257.14,\"Guesthouse\":940371.43,\"ThreeStar\":1192782.86,\"FourStar\":1367742.86},{\"vehicle\":\"Big Bus HD\",\"user\":36,\"wnaCost\":300000,\"mealCostPerPerson\":41666.67,\"Villa\":1047750,\"Guesthouse\":926250,\"ThreeStar\":1169250,\"FourStar\":1331250},{\"vehicle\":\"Big Bus HD\",\"user\":37,\"wnaCost\":300000,\"mealCostPerPerson\":40540.54,\"Villa\":1038405.41,\"Guesthouse\":924567.57,\"ThreeStar\":1176470.27,\"FourStar\":1350729.73},{\"vehicle\":\"Big Bus HD\",\"user\":38,\"wnaCost\":300000,\"mealCostPerPerson\":39473.68,\"Villa\":1029552.63,\"Guesthouse\":911605.26,\"ThreeStar\":1154605.26,\"FourStar\":1316605.26},{\"vehicle\":\"Big Bus HD\",\"user\":39,\"wnaCost\":300000,\"mealCostPerPerson\":38461.54,\"Villa\":1032230.77,\"Guesthouse\":910384.62,\"ThreeStar\":1161830.77,\"FourStar\":1335461.54},{\"vehicle\":\"Big Bus HD\",\"user\":40,\"wnaCost\":300000,\"mealCostPerPerson\":37500,\"Villa\":1019925,\"Guesthouse\":898425,\"ThreeStar\":1141425,\"FourStar\":1303425},{\"vehicle\":\"Big Bus HD\",\"user\":41,\"wnaCost\":300000,\"mealCostPerPerson\":43902.44,\"Villa\":1020073.17,\"Guesthouse\":905487.8,\"ThreeStar\":1156521.95,\"FourStar\":1329585.37},{\"vehicle\":\"Big Bus HD\",\"user\":42,\"wnaCost\":300000,\"mealCostPerPerson\":42857.14,\"Villa\":1012500,\"Guesthouse\":894214.29,\"ThreeStar\":1137214.29,\"FourStar\":1299214.29},{\"vehicle\":\"Big Bus HD\",\"user\":43,\"wnaCost\":300000,\"mealCostPerPerson\":41860.47,\"Villa\":1015325.58,\"Guesthouse\":893511.63,\"ThreeStar\":1144172.09,\"FourStar\":1316720.93},{\"vehicle\":\"Big Bus HD\",\"user\":44,\"wnaCost\":300000,\"mealCostPerPerson\":40909.09,\"Villa\":1004522.73,\"Guesthouse\":883022.73,\"ThreeStar\":1126022.73,\"FourStar\":1288022.73},{\"vehicle\":\"Big Bus HD\",\"user\":45,\"wnaCost\":300000,\"mealCostPerPerson\":40000,\"Villa\":997800,\"Guesthouse\":882600,\"ThreeStar\":1132920,\"FourStar\":1305000},{\"vehicle\":\"Big Bus SHD\",\"user\":46,\"wnaCost\":300000,\"mealCostPerPerson\":39130.43,\"Villa\":1024239.13,\"Guesthouse\":905673.91,\"ThreeStar\":1148673.91,\"FourStar\":1310673.91},{\"vehicle\":\"Big Bus SHD\",\"user\":47,\"wnaCost\":300000,\"mealCostPerPerson\":38297.87,\"Villa\":1026574.47,\"Guesthouse\":904787.23,\"ThreeStar\":1154795.74,\"FourStar\":1326446.81},{\"vehicle\":\"Big Bus SHD\",\"user\":48,\"wnaCost\":300000,\"mealCostPerPerson\":37500,\"Villa\":1016437.5,\"Guesthouse\":894937.5,\"ThreeStar\":1137937.5,\"FourStar\":1299937.5},{\"vehicle\":\"Big Bus SHD\",\"user\":49,\"wnaCost\":300000,\"mealCostPerPerson\":36734.69,\"Villa\":1010020.41,\"Guesthouse\":894306.12,\"ThreeStar\":1144028.57,\"FourStar\":1315285.71},{\"vehicle\":\"Big Bus SHD\",\"user\":50,\"wnaCost\":300000,\"mealCostPerPerson\":36000,\"Villa\":1003860,\"Guesthouse\":885060,\"ThreeStar\":1128060,\"FourStar\":1290060},{\"vehicle\":\"Big Bus SHD\",\"user\":51,\"wnaCost\":300000,\"mealCostPerPerson\":35294.12,\"Villa\":1006411.76,\"Guesthouse\":884647.06,\"ThreeStar\":1134105.88,\"FourStar\":1305000},{\"vehicle\":\"Big Bus SHD\",\"user\":52,\"wnaCost\":300000,\"mealCostPerPerson\":34615.38,\"Villa\":997442.31,\"Guesthouse\":875942.31,\"ThreeStar\":1118942.31,\"FourStar\":1280942.31},{\"vehicle\":\"Big Bus SHD\",\"user\":53,\"wnaCost\":300000,\"mealCostPerPerson\":33962.26,\"Villa\":991867.92,\"Guesthouse\":875716.98,\"ThreeStar\":1124932.08,\"FourStar\":1295490.57},{\"vehicle\":\"Big Bus SHD\",\"user\":54,\"wnaCost\":300000,\"mealCostPerPerson\":33333.33,\"Villa\":986500,\"Guesthouse\":867500,\"ThreeStar\":1110500,\"FourStar\":1272500},{\"vehicle\":\"Big Bus SHD\",\"user\":55,\"wnaCost\":300000,\"mealCostPerPerson\":32727.27,\"Villa\":989181.82,\"Guesthouse\":867436.36,\"ThreeStar\":1116425.45,\"FourStar\":1286672.73}]}]', '2025-03-01 21:43:19', '2025-03-01 21:43:19');
INSERT INTO `package_two_prices` (`id`, `package_two_day_id`, `price_data`, `created_at`, `updated_at`) VALUES
(41, 44, '[{\"Price Type\":\"Include Meal\",\"data\":[{\"Price Type\":\"Include Meal\"},{\"vehicle\":\"Avanza\",\"user\":1,\"wnaCost\":345000,\"mealCostPerPerson\":600000,\"Villa\":3828600,\"Guesthouse\":3234600,\"ThreeStar\":3807000,\"FourStar\":4422600},{\"vehicle\":\"Avanza\",\"user\":2,\"wnaCost\":345000,\"mealCostPerPerson\":450000,\"Villa\":2392200,\"Guesthouse\":2041200,\"ThreeStar\":2284200,\"FourStar\":2446200},{\"vehicle\":\"Avanza\",\"user\":3,\"wnaCost\":345000,\"mealCostPerPerson\":400000,\"Villa\":1913400,\"Guesthouse\":1787400,\"ThreeStar\":2140200,\"FourStar\":2453400},{\"vehicle\":\"Avanza\",\"user\":4,\"wnaCost\":345000,\"mealCostPerPerson\":375000,\"Villa\":1674000,\"Guesthouse\":1552500,\"ThreeStar\":1795500,\"FourStar\":1957500},{\"vehicle\":\"Avanza\",\"user\":5,\"wnaCost\":345000,\"mealCostPerPerson\":360000,\"Villa\":1562760,\"Guesthouse\":1497960,\"ThreeStar\":1806840,\"FourStar\":2059560},{\"vehicle\":\"Innova\",\"user\":6,\"wnaCost\":345000,\"mealCostPerPerson\":350000,\"Villa\":1560600,\"Guesthouse\":1461600,\"ThreeStar\":1704600,\"FourStar\":1866600},{\"vehicle\":\"Hiace Commuter\",\"user\":7,\"wnaCost\":345000,\"mealCostPerPerson\":385714.29,\"Villa\":1819800,\"Guesthouse\":1696371.43,\"ThreeStar\":1986428.57,\"FourStar\":2213228.57},{\"vehicle\":\"Hiace Commuter\",\"user\":8,\"wnaCost\":345000,\"mealCostPerPerson\":375000,\"Villa\":1711800,\"Guesthouse\":1590300,\"ThreeStar\":1833300,\"FourStar\":1995300},{\"vehicle\":\"Hiace Commuter\",\"user\":9,\"wnaCost\":345000,\"mealCostPerPerson\":366666.67,\"Villa\":1645800,\"Guesthouse\":1555800,\"ThreeStar\":1835400,\"FourStar\":2047800},{\"vehicle\":\"Hiace Commuter\",\"user\":10,\"wnaCost\":345000,\"mealCostPerPerson\":360000,\"Villa\":1593000,\"Guesthouse\":1485000,\"ThreeStar\":1728000,\"FourStar\":1890000},{\"vehicle\":\"Hiace Commuter\",\"user\":11,\"wnaCost\":345000,\"mealCostPerPerson\":354545.45,\"Villa\":1589072.73,\"Guesthouse\":1466345.45,\"ThreeStar\":1739290.91,\"FourStar\":1942527.27},{\"vehicle\":\"Hiace Commuter\",\"user\":12,\"wnaCost\":345000,\"mealCostPerPerson\":350000,\"Villa\":1536300,\"Guesthouse\":1414800,\"ThreeStar\":1657800,\"FourStar\":1819800},{\"vehicle\":\"Elf Giga\",\"user\":13,\"wnaCost\":345000,\"mealCostPerPerson\":369230.77,\"Villa\":1545646.15,\"Guesthouse\":1445953.85,\"ThreeStar\":1714292.31,\"FourStar\":1911184.62},{\"vehicle\":\"Elf Giga\",\"user\":14,\"wnaCost\":345000,\"mealCostPerPerson\":364285.71,\"Villa\":1515085.71,\"Guesthouse\":1403228.57,\"ThreeStar\":1646228.57,\"FourStar\":1808228.57},{\"vehicle\":\"Elf Giga\",\"user\":15,\"wnaCost\":345000,\"mealCostPerPerson\":360000,\"Villa\":1517400,\"Guesthouse\":1395000,\"ThreeStar\":1659960,\"FourStar\":1852200},{\"vehicle\":\"Elf Giga\",\"user\":16,\"wnaCost\":345000,\"mealCostPerPerson\":356250,\"Villa\":1482300,\"Guesthouse\":1360800,\"ThreeStar\":1603800,\"FourStar\":1765800},{\"vehicle\":\"Elf Giga\",\"user\":17,\"wnaCost\":345000,\"mealCostPerPerson\":352941.18,\"Villa\":1460858.82,\"Guesthouse\":1356035.29,\"ThreeStar\":1618411.76,\"FourStar\":1807094.12},{\"vehicle\":\"Medium Bus\",\"user\":18,\"wnaCost\":345000,\"mealCostPerPerson\":350000,\"Villa\":1555800,\"Guesthouse\":1441800,\"ThreeStar\":1684800,\"FourStar\":1846800},{\"vehicle\":\"Medium Bus\",\"user\":19,\"wnaCost\":345000,\"mealCostPerPerson\":363157.89,\"Villa\":1572536.84,\"Guesthouse\":1450326.32,\"ThreeStar\":1710663.16,\"FourStar\":1896536.84},{\"vehicle\":\"Medium Bus\",\"user\":20,\"wnaCost\":345000,\"mealCostPerPerson\":360000,\"Villa\":1541700,\"Guesthouse\":1420200,\"ThreeStar\":1663200,\"FourStar\":1825200},{\"vehicle\":\"Medium Bus\",\"user\":21,\"wnaCost\":345000,\"mealCostPerPerson\":357142.86,\"Villa\":1521514.29,\"Guesthouse\":1413514.29,\"ThreeStar\":1672200,\"FourStar\":1855800},{\"vehicle\":\"Medium Bus\",\"user\":22,\"wnaCost\":345000,\"mealCostPerPerson\":354545.45,\"Villa\":1503163.64,\"Guesthouse\":1387800,\"ThreeStar\":1630800,\"FourStar\":1792800},{\"vehicle\":\"Medium Bus\",\"user\":23,\"wnaCost\":345000,\"mealCostPerPerson\":352173.91,\"Villa\":1505191.3,\"Guesthouse\":1383104.35,\"ThreeStar\":1640426.09,\"FourStar\":1822147.83},{\"vehicle\":\"Medium Bus\",\"user\":24,\"wnaCost\":345000,\"mealCostPerPerson\":350000,\"Villa\":1482300,\"Guesthouse\":1360800,\"ThreeStar\":1603800,\"FourStar\":1765800},{\"vehicle\":\"Medium Bus\",\"user\":25,\"wnaCost\":345000,\"mealCostPerPerson\":348000,\"Villa\":1467720,\"Guesthouse\":1357560,\"ThreeStar\":1613736,\"FourStar\":1793880},{\"vehicle\":\"Medium Bus\",\"user\":26,\"wnaCost\":345000,\"mealCostPerPerson\":346153.85,\"Villa\":1454261.54,\"Guesthouse\":1337953.85,\"ThreeStar\":1580953.85,\"FourStar\":1742953.85},{\"vehicle\":\"Medium Bus\",\"user\":27,\"wnaCost\":345000,\"mealCostPerPerson\":344444.44,\"Villa\":1457800,\"Guesthouse\":1335800,\"ThreeStar\":1591000,\"FourStar\":1769800},{\"vehicle\":\"Medium Bus\",\"user\":28,\"wnaCost\":345000,\"mealCostPerPerson\":342857.14,\"Villa\":1439871.43,\"Guesthouse\":1318371.43,\"ThreeStar\":1561371.43,\"FourStar\":1723371.43},{\"vehicle\":\"Medium Bus\",\"user\":29,\"wnaCost\":345000,\"mealCostPerPerson\":341379.31,\"Villa\":1428765.52,\"Guesthouse\":1317041.38,\"ThreeStar\":1571400,\"FourStar\":1749041.38},{\"vehicle\":\"Medium Bus\",\"user\":30,\"wnaCost\":345000,\"mealCostPerPerson\":340000,\"Villa\":1418400,\"Guesthouse\":1301400,\"ThreeStar\":1544400,\"FourStar\":1706400},{\"vehicle\":\"Big Bus HD\",\"user\":31,\"wnaCost\":345000,\"mealCostPerPerson\":348387.1,\"Villa\":1505903.23,\"Guesthouse\":1383967.74,\"ThreeStar\":1637593.55,\"FourStar\":1814225.81},{\"vehicle\":\"Big Bus HD\",\"user\":32,\"wnaCost\":345000,\"mealCostPerPerson\":346875,\"Villa\":1488375,\"Guesthouse\":1366875,\"ThreeStar\":1609875,\"FourStar\":1771875},{\"vehicle\":\"Big Bus HD\",\"user\":33,\"wnaCost\":345000,\"mealCostPerPerson\":345454.55,\"Villa\":1476818.18,\"Guesthouse\":1363909.09,\"ThreeStar\":1616890.91,\"FourStar\":1792636.36},{\"vehicle\":\"Big Bus HD\",\"user\":34,\"wnaCost\":345000,\"mealCostPerPerson\":344117.65,\"Villa\":1465941.18,\"Guesthouse\":1348411.76,\"ThreeStar\":1591411.76,\"FourStar\":1753411.76},{\"vehicle\":\"Big Bus HD\",\"user\":35,\"wnaCost\":345000,\"mealCostPerPerson\":342857.14,\"Villa\":1468028.57,\"Guesthouse\":1346142.86,\"ThreeStar\":1598554.29,\"FourStar\":1773514.29},{\"vehicle\":\"Big Bus HD\",\"user\":36,\"wnaCost\":345000,\"mealCostPerPerson\":341666.67,\"Villa\":1453500,\"Guesthouse\":1332000,\"ThreeStar\":1575000,\"FourStar\":1737000},{\"vehicle\":\"Big Bus HD\",\"user\":37,\"wnaCost\":345000,\"mealCostPerPerson\":340540.54,\"Villa\":1444135.14,\"Guesthouse\":1330297.3,\"ThreeStar\":1582200,\"FourStar\":1756459.46},{\"vehicle\":\"Big Bus HD\",\"user\":38,\"wnaCost\":345000,\"mealCostPerPerson\":339473.68,\"Villa\":1435263.16,\"Guesthouse\":1317315.79,\"ThreeStar\":1560315.79,\"FourStar\":1722315.79},{\"vehicle\":\"Big Bus HD\",\"user\":39,\"wnaCost\":345000,\"mealCostPerPerson\":338461.54,\"Villa\":1437923.08,\"Guesthouse\":1316076.92,\"ThreeStar\":1567523.08,\"FourStar\":1741153.85},{\"vehicle\":\"Big Bus HD\",\"user\":40,\"wnaCost\":345000,\"mealCostPerPerson\":337500,\"Villa\":1425600,\"Guesthouse\":1304100,\"ThreeStar\":1547100,\"FourStar\":1709100},{\"vehicle\":\"Big Bus HD\",\"user\":41,\"wnaCost\":345000,\"mealCostPerPerson\":343902.44,\"Villa\":1425731.71,\"Guesthouse\":1311146.34,\"ThreeStar\":1562180.49,\"FourStar\":1735243.9},{\"vehicle\":\"Big Bus HD\",\"user\":42,\"wnaCost\":345000,\"mealCostPerPerson\":342857.14,\"Villa\":1418142.86,\"Guesthouse\":1299857.14,\"ThreeStar\":1542857.14,\"FourStar\":1704857.14},{\"vehicle\":\"Big Bus HD\",\"user\":43,\"wnaCost\":345000,\"mealCostPerPerson\":341860.47,\"Villa\":1420953.49,\"Guesthouse\":1299139.53,\"ThreeStar\":1549800,\"FourStar\":1722348.84},{\"vehicle\":\"Big Bus HD\",\"user\":44,\"wnaCost\":345000,\"mealCostPerPerson\":340909.09,\"Villa\":1410136.36,\"Guesthouse\":1288636.36,\"ThreeStar\":1531636.36,\"FourStar\":1693636.36},{\"vehicle\":\"Big Bus HD\",\"user\":45,\"wnaCost\":345000,\"mealCostPerPerson\":340000,\"Villa\":1403400,\"Guesthouse\":1288200,\"ThreeStar\":1538520,\"FourStar\":1710600},{\"vehicle\":\"Big Bus SHD\",\"user\":46,\"wnaCost\":345000,\"mealCostPerPerson\":339130.43,\"Villa\":1429826.09,\"Guesthouse\":1311260.87,\"ThreeStar\":1554260.87,\"FourStar\":1716260.87},{\"vehicle\":\"Big Bus SHD\",\"user\":47,\"wnaCost\":345000,\"mealCostPerPerson\":338297.87,\"Villa\":1432148.94,\"Guesthouse\":1310361.7,\"ThreeStar\":1560370.21,\"FourStar\":1732021.28},{\"vehicle\":\"Big Bus SHD\",\"user\":48,\"wnaCost\":345000,\"mealCostPerPerson\":337500,\"Villa\":1422000,\"Guesthouse\":1300500,\"ThreeStar\":1543500,\"FourStar\":1705500},{\"vehicle\":\"Big Bus SHD\",\"user\":49,\"wnaCost\":345000,\"mealCostPerPerson\":336734.69,\"Villa\":1415571.43,\"Guesthouse\":1299857.14,\"ThreeStar\":1549579.59,\"FourStar\":1720836.73},{\"vehicle\":\"Big Bus SHD\",\"user\":50,\"wnaCost\":345000,\"mealCostPerPerson\":336000,\"Villa\":1409400,\"Guesthouse\":1290600,\"ThreeStar\":1533600,\"FourStar\":1695600},{\"vehicle\":\"Big Bus SHD\",\"user\":51,\"wnaCost\":345000,\"mealCostPerPerson\":335294.12,\"Villa\":1411941.18,\"Guesthouse\":1290176.47,\"ThreeStar\":1539635.29,\"FourStar\":1710529.41},{\"vehicle\":\"Big Bus SHD\",\"user\":52,\"wnaCost\":345000,\"mealCostPerPerson\":334615.38,\"Villa\":1402961.54,\"Guesthouse\":1281461.54,\"ThreeStar\":1524461.54,\"FourStar\":1686461.54},{\"vehicle\":\"Big Bus SHD\",\"user\":53,\"wnaCost\":345000,\"mealCostPerPerson\":333962.26,\"Villa\":1397377.36,\"Guesthouse\":1281226.42,\"ThreeStar\":1530441.51,\"FourStar\":1701000},{\"vehicle\":\"Big Bus SHD\",\"user\":54,\"wnaCost\":345000,\"mealCostPerPerson\":333333.33,\"Villa\":1392000,\"Guesthouse\":1273000,\"ThreeStar\":1516000,\"FourStar\":1678000},{\"vehicle\":\"Big Bus SHD\",\"user\":55,\"wnaCost\":345000,\"mealCostPerPerson\":332727.27,\"Villa\":1394672.73,\"Guesthouse\":1272927.27,\"ThreeStar\":1521916.36,\"FourStar\":1692163.64}]},{\"Price Type\":\"Exclude Meal\",\"data\":[{\"Price Type\":\"Exclude Meal\"},{\"vehicle\":\"Avanza\",\"user\":1,\"wnaCost\":345000,\"mealCostPerPerson\":300000,\"Villa\":3504600,\"Guesthouse\":2910600,\"ThreeStar\":3483000,\"FourStar\":4098600},{\"vehicle\":\"Avanza\",\"user\":2,\"wnaCost\":345000,\"mealCostPerPerson\":150000,\"Villa\":2068200,\"Guesthouse\":1717200,\"ThreeStar\":1960200,\"FourStar\":2122200},{\"vehicle\":\"Avanza\",\"user\":3,\"wnaCost\":345000,\"mealCostPerPerson\":100000,\"Villa\":1589400,\"Guesthouse\":1463400,\"ThreeStar\":1816200,\"FourStar\":2129400},{\"vehicle\":\"Avanza\",\"user\":4,\"wnaCost\":345000,\"mealCostPerPerson\":75000,\"Villa\":1350000,\"Guesthouse\":1228500,\"ThreeStar\":1471500,\"FourStar\":1633500},{\"vehicle\":\"Avanza\",\"user\":5,\"wnaCost\":345000,\"mealCostPerPerson\":60000,\"Villa\":1238760,\"Guesthouse\":1173960,\"ThreeStar\":1482840,\"FourStar\":1735560},{\"vehicle\":\"Innova\",\"user\":6,\"wnaCost\":345000,\"mealCostPerPerson\":50000,\"Villa\":1236600,\"Guesthouse\":1137600,\"ThreeStar\":1380600,\"FourStar\":1542600},{\"vehicle\":\"Hiace Commuter\",\"user\":7,\"wnaCost\":345000,\"mealCostPerPerson\":85714.29,\"Villa\":1495800,\"Guesthouse\":1372371.43,\"ThreeStar\":1662428.57,\"FourStar\":1889228.57},{\"vehicle\":\"Hiace Commuter\",\"user\":8,\"wnaCost\":345000,\"mealCostPerPerson\":75000,\"Villa\":1387800,\"Guesthouse\":1266300,\"ThreeStar\":1509300,\"FourStar\":1671300},{\"vehicle\":\"Hiace Commuter\",\"user\":9,\"wnaCost\":345000,\"mealCostPerPerson\":66666.67,\"Villa\":1321800,\"Guesthouse\":1231800,\"ThreeStar\":1511400,\"FourStar\":1723800},{\"vehicle\":\"Hiace Commuter\",\"user\":10,\"wnaCost\":345000,\"mealCostPerPerson\":60000,\"Villa\":1269000,\"Guesthouse\":1161000,\"ThreeStar\":1404000,\"FourStar\":1566000},{\"vehicle\":\"Hiace Commuter\",\"user\":11,\"wnaCost\":345000,\"mealCostPerPerson\":54545.45,\"Villa\":1265072.73,\"Guesthouse\":1142345.45,\"ThreeStar\":1415290.91,\"FourStar\":1618527.27},{\"vehicle\":\"Hiace Commuter\",\"user\":12,\"wnaCost\":345000,\"mealCostPerPerson\":50000,\"Villa\":1212300,\"Guesthouse\":1090800,\"ThreeStar\":1333800,\"FourStar\":1495800},{\"vehicle\":\"Elf Giga\",\"user\":13,\"wnaCost\":345000,\"mealCostPerPerson\":69230.77,\"Villa\":1221646.15,\"Guesthouse\":1121953.85,\"ThreeStar\":1390292.31,\"FourStar\":1587184.62},{\"vehicle\":\"Elf Giga\",\"user\":14,\"wnaCost\":345000,\"mealCostPerPerson\":64285.71,\"Villa\":1191085.71,\"Guesthouse\":1079228.57,\"ThreeStar\":1322228.57,\"FourStar\":1484228.57},{\"vehicle\":\"Elf Giga\",\"user\":15,\"wnaCost\":345000,\"mealCostPerPerson\":60000,\"Villa\":1193400,\"Guesthouse\":1071000,\"ThreeStar\":1335960,\"FourStar\":1528200},{\"vehicle\":\"Elf Giga\",\"user\":16,\"wnaCost\":345000,\"mealCostPerPerson\":56250,\"Villa\":1158300,\"Guesthouse\":1036800,\"ThreeStar\":1279800,\"FourStar\":1441800},{\"vehicle\":\"Elf Giga\",\"user\":17,\"wnaCost\":345000,\"mealCostPerPerson\":52941.18,\"Villa\":1136858.82,\"Guesthouse\":1032035.29,\"ThreeStar\":1294411.76,\"FourStar\":1483094.12},{\"vehicle\":\"Medium Bus\",\"user\":18,\"wnaCost\":345000,\"mealCostPerPerson\":50000,\"Villa\":1231800,\"Guesthouse\":1117800,\"ThreeStar\":1360800,\"FourStar\":1522800},{\"vehicle\":\"Medium Bus\",\"user\":19,\"wnaCost\":345000,\"mealCostPerPerson\":63157.89,\"Villa\":1248536.84,\"Guesthouse\":1126326.32,\"ThreeStar\":1386663.16,\"FourStar\":1572536.84},{\"vehicle\":\"Medium Bus\",\"user\":20,\"wnaCost\":345000,\"mealCostPerPerson\":60000,\"Villa\":1217700,\"Guesthouse\":1096200,\"ThreeStar\":1339200,\"FourStar\":1501200},{\"vehicle\":\"Medium Bus\",\"user\":21,\"wnaCost\":345000,\"mealCostPerPerson\":57142.86,\"Villa\":1197514.29,\"Guesthouse\":1089514.29,\"ThreeStar\":1348200,\"FourStar\":1531800},{\"vehicle\":\"Medium Bus\",\"user\":22,\"wnaCost\":345000,\"mealCostPerPerson\":54545.45,\"Villa\":1179163.64,\"Guesthouse\":1063800,\"ThreeStar\":1306800,\"FourStar\":1468800},{\"vehicle\":\"Medium Bus\",\"user\":23,\"wnaCost\":345000,\"mealCostPerPerson\":52173.91,\"Villa\":1181191.3,\"Guesthouse\":1059104.35,\"ThreeStar\":1316426.09,\"FourStar\":1498147.83},{\"vehicle\":\"Medium Bus\",\"user\":24,\"wnaCost\":345000,\"mealCostPerPerson\":50000,\"Villa\":1158300,\"Guesthouse\":1036800,\"ThreeStar\":1279800,\"FourStar\":1441800},{\"vehicle\":\"Medium Bus\",\"user\":25,\"wnaCost\":345000,\"mealCostPerPerson\":48000,\"Villa\":1143720,\"Guesthouse\":1033560,\"ThreeStar\":1289736,\"FourStar\":1469880},{\"vehicle\":\"Medium Bus\",\"user\":26,\"wnaCost\":345000,\"mealCostPerPerson\":46153.85,\"Villa\":1130261.54,\"Guesthouse\":1013953.85,\"ThreeStar\":1256953.85,\"FourStar\":1418953.85},{\"vehicle\":\"Medium Bus\",\"user\":27,\"wnaCost\":345000,\"mealCostPerPerson\":44444.44,\"Villa\":1133800,\"Guesthouse\":1011800,\"ThreeStar\":1267000,\"FourStar\":1445800},{\"vehicle\":\"Medium Bus\",\"user\":28,\"wnaCost\":345000,\"mealCostPerPerson\":42857.14,\"Villa\":1115871.43,\"Guesthouse\":994371.43,\"ThreeStar\":1237371.43,\"FourStar\":1399371.43},{\"vehicle\":\"Medium Bus\",\"user\":29,\"wnaCost\":345000,\"mealCostPerPerson\":41379.31,\"Villa\":1104765.52,\"Guesthouse\":993041.38,\"ThreeStar\":1247400,\"FourStar\":1425041.38},{\"vehicle\":\"Medium Bus\",\"user\":30,\"wnaCost\":345000,\"mealCostPerPerson\":40000,\"Villa\":1094400,\"Guesthouse\":977400,\"ThreeStar\":1220400,\"FourStar\":1382400},{\"vehicle\":\"Big Bus HD\",\"user\":31,\"wnaCost\":345000,\"mealCostPerPerson\":48387.1,\"Villa\":1181903.23,\"Guesthouse\":1059967.74,\"ThreeStar\":1313593.55,\"FourStar\":1490225.81},{\"vehicle\":\"Big Bus HD\",\"user\":32,\"wnaCost\":345000,\"mealCostPerPerson\":46875,\"Villa\":1164375,\"Guesthouse\":1042875,\"ThreeStar\":1285875,\"FourStar\":1447875},{\"vehicle\":\"Big Bus HD\",\"user\":33,\"wnaCost\":345000,\"mealCostPerPerson\":45454.55,\"Villa\":1152818.18,\"Guesthouse\":1039909.09,\"ThreeStar\":1292890.91,\"FourStar\":1468636.36},{\"vehicle\":\"Big Bus HD\",\"user\":34,\"wnaCost\":345000,\"mealCostPerPerson\":44117.65,\"Villa\":1141941.18,\"Guesthouse\":1024411.76,\"ThreeStar\":1267411.76,\"FourStar\":1429411.76},{\"vehicle\":\"Big Bus HD\",\"user\":35,\"wnaCost\":345000,\"mealCostPerPerson\":42857.14,\"Villa\":1144028.57,\"Guesthouse\":1022142.86,\"ThreeStar\":1274554.29,\"FourStar\":1449514.29},{\"vehicle\":\"Big Bus HD\",\"user\":36,\"wnaCost\":345000,\"mealCostPerPerson\":41666.67,\"Villa\":1129500,\"Guesthouse\":1008000,\"ThreeStar\":1251000,\"FourStar\":1413000},{\"vehicle\":\"Big Bus HD\",\"user\":37,\"wnaCost\":345000,\"mealCostPerPerson\":40540.54,\"Villa\":1120135.14,\"Guesthouse\":1006297.3,\"ThreeStar\":1258200,\"FourStar\":1432459.46},{\"vehicle\":\"Big Bus HD\",\"user\":38,\"wnaCost\":345000,\"mealCostPerPerson\":39473.68,\"Villa\":1111263.16,\"Guesthouse\":993315.79,\"ThreeStar\":1236315.79,\"FourStar\":1398315.79},{\"vehicle\":\"Big Bus HD\",\"user\":39,\"wnaCost\":345000,\"mealCostPerPerson\":38461.54,\"Villa\":1113923.08,\"Guesthouse\":992076.92,\"ThreeStar\":1243523.08,\"FourStar\":1417153.85},{\"vehicle\":\"Big Bus HD\",\"user\":40,\"wnaCost\":345000,\"mealCostPerPerson\":37500,\"Villa\":1101600,\"Guesthouse\":980100,\"ThreeStar\":1223100,\"FourStar\":1385100},{\"vehicle\":\"Big Bus HD\",\"user\":41,\"wnaCost\":345000,\"mealCostPerPerson\":43902.44,\"Villa\":1101731.71,\"Guesthouse\":987146.34,\"ThreeStar\":1238180.49,\"FourStar\":1411243.9},{\"vehicle\":\"Big Bus HD\",\"user\":42,\"wnaCost\":345000,\"mealCostPerPerson\":42857.14,\"Villa\":1094142.86,\"Guesthouse\":975857.14,\"ThreeStar\":1218857.14,\"FourStar\":1380857.14},{\"vehicle\":\"Big Bus HD\",\"user\":43,\"wnaCost\":345000,\"mealCostPerPerson\":41860.47,\"Villa\":1096953.49,\"Guesthouse\":975139.53,\"ThreeStar\":1225800,\"FourStar\":1398348.84},{\"vehicle\":\"Big Bus HD\",\"user\":44,\"wnaCost\":345000,\"mealCostPerPerson\":40909.09,\"Villa\":1086136.36,\"Guesthouse\":964636.36,\"ThreeStar\":1207636.36,\"FourStar\":1369636.36},{\"vehicle\":\"Big Bus HD\",\"user\":45,\"wnaCost\":345000,\"mealCostPerPerson\":40000,\"Villa\":1079400,\"Guesthouse\":964200,\"ThreeStar\":1214520,\"FourStar\":1386600},{\"vehicle\":\"Big Bus SHD\",\"user\":46,\"wnaCost\":345000,\"mealCostPerPerson\":39130.43,\"Villa\":1105826.09,\"Guesthouse\":987260.87,\"ThreeStar\":1230260.87,\"FourStar\":1392260.87},{\"vehicle\":\"Big Bus SHD\",\"user\":47,\"wnaCost\":345000,\"mealCostPerPerson\":38297.87,\"Villa\":1108148.94,\"Guesthouse\":986361.7,\"ThreeStar\":1236370.21,\"FourStar\":1408021.28},{\"vehicle\":\"Big Bus SHD\",\"user\":48,\"wnaCost\":345000,\"mealCostPerPerson\":37500,\"Villa\":1098000,\"Guesthouse\":976500,\"ThreeStar\":1219500,\"FourStar\":1381500},{\"vehicle\":\"Big Bus SHD\",\"user\":49,\"wnaCost\":345000,\"mealCostPerPerson\":36734.69,\"Villa\":1091571.43,\"Guesthouse\":975857.14,\"ThreeStar\":1225579.59,\"FourStar\":1396836.73},{\"vehicle\":\"Big Bus SHD\",\"user\":50,\"wnaCost\":345000,\"mealCostPerPerson\":36000,\"Villa\":1085400,\"Guesthouse\":966600,\"ThreeStar\":1209600,\"FourStar\":1371600},{\"vehicle\":\"Big Bus SHD\",\"user\":51,\"wnaCost\":345000,\"mealCostPerPerson\":35294.12,\"Villa\":1087941.18,\"Guesthouse\":966176.47,\"ThreeStar\":1215635.29,\"FourStar\":1386529.41},{\"vehicle\":\"Big Bus SHD\",\"user\":52,\"wnaCost\":345000,\"mealCostPerPerson\":34615.38,\"Villa\":1078961.54,\"Guesthouse\":957461.54,\"ThreeStar\":1200461.54,\"FourStar\":1362461.54},{\"vehicle\":\"Big Bus SHD\",\"user\":53,\"wnaCost\":345000,\"mealCostPerPerson\":33962.26,\"Villa\":1073377.36,\"Guesthouse\":957226.42,\"ThreeStar\":1206441.51,\"FourStar\":1377000},{\"vehicle\":\"Big Bus SHD\",\"user\":54,\"wnaCost\":345000,\"mealCostPerPerson\":33333.33,\"Villa\":1068000,\"Guesthouse\":949000,\"ThreeStar\":1192000,\"FourStar\":1354000},{\"vehicle\":\"Big Bus SHD\",\"user\":55,\"wnaCost\":345000,\"mealCostPerPerson\":32727.27,\"Villa\":1070672.73,\"Guesthouse\":948927.27,\"ThreeStar\":1197916.36,\"FourStar\":1368163.64}]}]', '2025-03-01 21:54:09', '2025-03-01 21:54:09'),
(42, 45, '[{\"Price Type\":\"Include Meal\",\"data\":[{\"Price Type\":\"Include Meal\"},{\"vehicle\":\"Avanza\",\"user\":1,\"wnaCost\":225000,\"mealCostPerPerson\":600000,\"Villa\":3596400,\"Guesthouse\":3002400,\"ThreeStar\":3574800,\"FourStar\":4190400},{\"vehicle\":\"Avanza\",\"user\":2,\"wnaCost\":225000,\"mealCostPerPerson\":450000,\"Villa\":2178900,\"Guesthouse\":1827900,\"ThreeStar\":2070900,\"FourStar\":2232900},{\"vehicle\":\"Avanza\",\"user\":3,\"wnaCost\":225000,\"mealCostPerPerson\":400000,\"Villa\":1706400,\"Guesthouse\":1580400,\"ThreeStar\":1933200,\"FourStar\":2246400},{\"vehicle\":\"Avanza\",\"user\":4,\"wnaCost\":225000,\"mealCostPerPerson\":375000,\"Villa\":1470150,\"Guesthouse\":1348650,\"ThreeStar\":1591650,\"FourStar\":1753650},{\"vehicle\":\"Avanza\",\"user\":5,\"wnaCost\":225000,\"mealCostPerPerson\":360000,\"Villa\":1360800,\"Guesthouse\":1296000,\"ThreeStar\":1604880,\"FourStar\":1857600},{\"vehicle\":\"Innova\",\"user\":6,\"wnaCost\":225000,\"mealCostPerPerson\":350000,\"Villa\":1359900,\"Guesthouse\":1260900,\"ThreeStar\":1503900,\"FourStar\":1665900},{\"vehicle\":\"Hiace Commuter\",\"user\":7,\"wnaCost\":225000,\"mealCostPerPerson\":385714.29,\"Villa\":1629257.14,\"Guesthouse\":1505828.57,\"ThreeStar\":1795885.71,\"FourStar\":2022685.71},{\"vehicle\":\"Hiace Commuter\",\"user\":8,\"wnaCost\":225000,\"mealCostPerPerson\":375000,\"Villa\":1520775,\"Guesthouse\":1399275,\"ThreeStar\":1642275,\"FourStar\":1804275},{\"vehicle\":\"Hiace Commuter\",\"user\":9,\"wnaCost\":225000,\"mealCostPerPerson\":366666.67,\"Villa\":1454400,\"Guesthouse\":1364400,\"ThreeStar\":1644000,\"FourStar\":1856400},{\"vehicle\":\"Hiace Commuter\",\"user\":10,\"wnaCost\":225000,\"mealCostPerPerson\":360000,\"Villa\":1401300,\"Guesthouse\":1293300,\"ThreeStar\":1536300,\"FourStar\":1698300},{\"vehicle\":\"Hiace Commuter\",\"user\":11,\"wnaCost\":225000,\"mealCostPerPerson\":354545.45,\"Villa\":1397127.27,\"Guesthouse\":1274400,\"ThreeStar\":1547345.45,\"FourStar\":1750581.82},{\"vehicle\":\"Hiace Commuter\",\"user\":12,\"wnaCost\":225000,\"mealCostPerPerson\":350000,\"Villa\":1344150,\"Guesthouse\":1222650,\"ThreeStar\":1465650,\"FourStar\":1627650},{\"vehicle\":\"Elf Giga\",\"user\":13,\"wnaCost\":225000,\"mealCostPerPerson\":369230.77,\"Villa\":1353323.08,\"Guesthouse\":1253630.77,\"ThreeStar\":1521969.23,\"FourStar\":1718861.54},{\"vehicle\":\"Elf Giga\",\"user\":14,\"wnaCost\":225000,\"mealCostPerPerson\":364285.71,\"Villa\":1322614.29,\"Guesthouse\":1210757.14,\"ThreeStar\":1453757.14,\"FourStar\":1615757.14},{\"vehicle\":\"Elf Giga\",\"user\":15,\"wnaCost\":225000,\"mealCostPerPerson\":360000,\"Villa\":1324800,\"Guesthouse\":1202400,\"ThreeStar\":1467360,\"FourStar\":1659600},{\"vehicle\":\"Elf Giga\",\"user\":16,\"wnaCost\":225000,\"mealCostPerPerson\":356250,\"Villa\":1289587.5,\"Guesthouse\":1168087.5,\"ThreeStar\":1411087.5,\"FourStar\":1573087.5},{\"vehicle\":\"Elf Giga\",\"user\":17,\"wnaCost\":225000,\"mealCostPerPerson\":352941.18,\"Villa\":1268047.06,\"Guesthouse\":1163223.53,\"ThreeStar\":1425600,\"FourStar\":1614282.35},{\"vehicle\":\"Medium Bus\",\"user\":18,\"wnaCost\":225000,\"mealCostPerPerson\":350000,\"Villa\":1364400,\"Guesthouse\":1250400,\"ThreeStar\":1493400,\"FourStar\":1655400},{\"vehicle\":\"Medium Bus\",\"user\":19,\"wnaCost\":225000,\"mealCostPerPerson\":363157.89,\"Villa\":1380978.95,\"Guesthouse\":1258768.42,\"ThreeStar\":1519105.26,\"FourStar\":1704978.95},{\"vehicle\":\"Medium Bus\",\"user\":20,\"wnaCost\":225000,\"mealCostPerPerson\":360000,\"Villa\":1350000,\"Guesthouse\":1228500,\"ThreeStar\":1471500,\"FourStar\":1633500},{\"vehicle\":\"Medium Bus\",\"user\":21,\"wnaCost\":225000,\"mealCostPerPerson\":357142.86,\"Villa\":1329685.71,\"Guesthouse\":1221685.71,\"ThreeStar\":1480371.43,\"FourStar\":1663971.43},{\"vehicle\":\"Medium Bus\",\"user\":22,\"wnaCost\":225000,\"mealCostPerPerson\":354545.45,\"Villa\":1311218.18,\"Guesthouse\":1195854.55,\"ThreeStar\":1438854.55,\"FourStar\":1600854.55},{\"vehicle\":\"Medium Bus\",\"user\":23,\"wnaCost\":225000,\"mealCostPerPerson\":352173.91,\"Villa\":1313139.13,\"Guesthouse\":1191052.17,\"ThreeStar\":1448373.91,\"FourStar\":1630095.65},{\"vehicle\":\"Medium Bus\",\"user\":24,\"wnaCost\":225000,\"mealCostPerPerson\":350000,\"Villa\":1290150,\"Guesthouse\":1168650,\"ThreeStar\":1411650,\"FourStar\":1573650},{\"vehicle\":\"Medium Bus\",\"user\":25,\"wnaCost\":225000,\"mealCostPerPerson\":348000,\"Villa\":1275480,\"Guesthouse\":1165320,\"ThreeStar\":1421496,\"FourStar\":1601640},{\"vehicle\":\"Medium Bus\",\"user\":26,\"wnaCost\":225000,\"mealCostPerPerson\":346153.85,\"Villa\":1261938.46,\"Guesthouse\":1145630.77,\"ThreeStar\":1388630.77,\"FourStar\":1550630.77},{\"vehicle\":\"Medium Bus\",\"user\":27,\"wnaCost\":225000,\"mealCostPerPerson\":344444.44,\"Villa\":1265400,\"Guesthouse\":1143400,\"ThreeStar\":1398600,\"FourStar\":1577400},{\"vehicle\":\"Medium Bus\",\"user\":28,\"wnaCost\":225000,\"mealCostPerPerson\":342857.14,\"Villa\":1247400,\"Guesthouse\":1125900,\"ThreeStar\":1368900,\"FourStar\":1530900},{\"vehicle\":\"Medium Bus\",\"user\":29,\"wnaCost\":225000,\"mealCostPerPerson\":341379.31,\"Villa\":1236227.59,\"Guesthouse\":1124503.45,\"ThreeStar\":1378862.07,\"FourStar\":1556503.45},{\"vehicle\":\"Medium Bus\",\"user\":30,\"wnaCost\":225000,\"mealCostPerPerson\":340000,\"Villa\":1225800,\"Guesthouse\":1108800,\"ThreeStar\":1351800,\"FourStar\":1513800},{\"vehicle\":\"Big Bus HD\",\"user\":31,\"wnaCost\":225000,\"mealCostPerPerson\":348387.1,\"Villa\":1313245.16,\"Guesthouse\":1191309.68,\"ThreeStar\":1444935.48,\"FourStar\":1621567.74},{\"vehicle\":\"Big Bus HD\",\"user\":32,\"wnaCost\":225000,\"mealCostPerPerson\":346875,\"Villa\":1295662.5,\"Guesthouse\":1174162.5,\"ThreeStar\":1417162.5,\"FourStar\":1579162.5},{\"vehicle\":\"Big Bus HD\",\"user\":33,\"wnaCost\":225000,\"mealCostPerPerson\":345454.55,\"Villa\":1284054.55,\"Guesthouse\":1171145.45,\"ThreeStar\":1424127.27,\"FourStar\":1599872.73},{\"vehicle\":\"Big Bus HD\",\"user\":34,\"wnaCost\":225000,\"mealCostPerPerson\":344117.65,\"Villa\":1273129.41,\"Guesthouse\":1155600,\"ThreeStar\":1398600,\"FourStar\":1560600},{\"vehicle\":\"Big Bus HD\",\"user\":35,\"wnaCost\":225000,\"mealCostPerPerson\":342857.14,\"Villa\":1275171.43,\"Guesthouse\":1153285.71,\"ThreeStar\":1405697.14,\"FourStar\":1580657.14},{\"vehicle\":\"Big Bus HD\",\"user\":36,\"wnaCost\":225000,\"mealCostPerPerson\":341666.67,\"Villa\":1260600,\"Guesthouse\":1139100,\"ThreeStar\":1382100,\"FourStar\":1544100},{\"vehicle\":\"Big Bus HD\",\"user\":37,\"wnaCost\":225000,\"mealCostPerPerson\":340540.54,\"Villa\":1251194.59,\"Guesthouse\":1137356.76,\"ThreeStar\":1389259.46,\"FourStar\":1563518.92},{\"vehicle\":\"Big Bus HD\",\"user\":38,\"wnaCost\":225000,\"mealCostPerPerson\":339473.68,\"Villa\":1242284.21,\"Guesthouse\":1124336.84,\"ThreeStar\":1367336.84,\"FourStar\":1529336.84},{\"vehicle\":\"Big Bus HD\",\"user\":39,\"wnaCost\":225000,\"mealCostPerPerson\":338461.54,\"Villa\":1244907.69,\"Guesthouse\":1123061.54,\"ThreeStar\":1374507.69,\"FourStar\":1548138.46},{\"vehicle\":\"Big Bus HD\",\"user\":40,\"wnaCost\":225000,\"mealCostPerPerson\":337500,\"Villa\":1232550,\"Guesthouse\":1111050,\"ThreeStar\":1354050,\"FourStar\":1516050},{\"vehicle\":\"Big Bus HD\",\"user\":41,\"wnaCost\":225000,\"mealCostPerPerson\":343902.44,\"Villa\":1232648.78,\"Guesthouse\":1118063.41,\"ThreeStar\":1369097.56,\"FourStar\":1542160.98},{\"vehicle\":\"Big Bus HD\",\"user\":42,\"wnaCost\":225000,\"mealCostPerPerson\":342857.14,\"Villa\":1225028.57,\"Guesthouse\":1106742.86,\"ThreeStar\":1349742.86,\"FourStar\":1511742.86},{\"vehicle\":\"Big Bus HD\",\"user\":43,\"wnaCost\":225000,\"mealCostPerPerson\":341860.47,\"Villa\":1227809.3,\"Guesthouse\":1105995.35,\"ThreeStar\":1356655.81,\"FourStar\":1529204.65},{\"vehicle\":\"Big Bus HD\",\"user\":44,\"wnaCost\":225000,\"mealCostPerPerson\":340909.09,\"Villa\":1216963.64,\"Guesthouse\":1095463.64,\"ThreeStar\":1338463.64,\"FourStar\":1500463.64},{\"vehicle\":\"Big Bus HD\",\"user\":45,\"wnaCost\":225000,\"mealCostPerPerson\":340000,\"Villa\":1210200,\"Guesthouse\":1095000,\"ThreeStar\":1345320,\"FourStar\":1517400},{\"vehicle\":\"Big Bus SHD\",\"user\":46,\"wnaCost\":225000,\"mealCostPerPerson\":339130.43,\"Villa\":1236600,\"Guesthouse\":1118034.78,\"ThreeStar\":1361034.78,\"FourStar\":1523034.78},{\"vehicle\":\"Big Bus SHD\",\"user\":47,\"wnaCost\":225000,\"mealCostPerPerson\":338297.87,\"Villa\":1238897.87,\"Guesthouse\":1117110.64,\"ThreeStar\":1367119.15,\"FourStar\":1538770.21},{\"vehicle\":\"Big Bus SHD\",\"user\":48,\"wnaCost\":225000,\"mealCostPerPerson\":337500,\"Villa\":1228725,\"Guesthouse\":1107225,\"ThreeStar\":1350225,\"FourStar\":1512225},{\"vehicle\":\"Big Bus SHD\",\"user\":49,\"wnaCost\":225000,\"mealCostPerPerson\":336734.69,\"Villa\":1222273.47,\"Guesthouse\":1106559.18,\"ThreeStar\":1356281.63,\"FourStar\":1527538.78},{\"vehicle\":\"Big Bus SHD\",\"user\":50,\"wnaCost\":225000,\"mealCostPerPerson\":336000,\"Villa\":1216080,\"Guesthouse\":1097280,\"ThreeStar\":1340280,\"FourStar\":1502280},{\"vehicle\":\"Big Bus SHD\",\"user\":51,\"wnaCost\":225000,\"mealCostPerPerson\":335294.12,\"Villa\":1218600,\"Guesthouse\":1096835.29,\"ThreeStar\":1346294.12,\"FourStar\":1517188.24},{\"vehicle\":\"Big Bus SHD\",\"user\":52,\"wnaCost\":225000,\"mealCostPerPerson\":334615.38,\"Villa\":1209600,\"Guesthouse\":1088100,\"ThreeStar\":1331100,\"FourStar\":1493100},{\"vehicle\":\"Big Bus SHD\",\"user\":53,\"wnaCost\":225000,\"mealCostPerPerson\":333962.26,\"Villa\":1203996.23,\"Guesthouse\":1087845.28,\"ThreeStar\":1337060.38,\"FourStar\":1507618.87},{\"vehicle\":\"Big Bus SHD\",\"user\":54,\"wnaCost\":225000,\"mealCostPerPerson\":333333.33,\"Villa\":1198600,\"Guesthouse\":1079600,\"ThreeStar\":1322600,\"FourStar\":1484600},{\"vehicle\":\"Big Bus SHD\",\"user\":55,\"wnaCost\":225000,\"mealCostPerPerson\":332727.27,\"Villa\":1201254.55,\"Guesthouse\":1079509.09,\"ThreeStar\":1328498.18,\"FourStar\":1498745.45}]},{\"Price Type\":\"Exclude Meal\",\"data\":[{\"Price Type\":\"Exclude Meal\"},{\"vehicle\":\"Avanza\",\"user\":1,\"wnaCost\":225000,\"mealCostPerPerson\":300000,\"Villa\":3272400,\"Guesthouse\":2678400,\"ThreeStar\":3250800,\"FourStar\":3866400},{\"vehicle\":\"Avanza\",\"user\":2,\"wnaCost\":225000,\"mealCostPerPerson\":150000,\"Villa\":1854900,\"Guesthouse\":1503900,\"ThreeStar\":1746900,\"FourStar\":1908900},{\"vehicle\":\"Avanza\",\"user\":3,\"wnaCost\":225000,\"mealCostPerPerson\":100000,\"Villa\":1382400,\"Guesthouse\":1256400,\"ThreeStar\":1609200,\"FourStar\":1922400},{\"vehicle\":\"Avanza\",\"user\":4,\"wnaCost\":225000,\"mealCostPerPerson\":75000,\"Villa\":1146150,\"Guesthouse\":1024650,\"ThreeStar\":1267650,\"FourStar\":1429650},{\"vehicle\":\"Avanza\",\"user\":5,\"wnaCost\":225000,\"mealCostPerPerson\":60000,\"Villa\":1036800,\"Guesthouse\":972000,\"ThreeStar\":1280880,\"FourStar\":1533600},{\"vehicle\":\"Innova\",\"user\":6,\"wnaCost\":225000,\"mealCostPerPerson\":50000,\"Villa\":1035900,\"Guesthouse\":936900,\"ThreeStar\":1179900,\"FourStar\":1341900},{\"vehicle\":\"Hiace Commuter\",\"user\":7,\"wnaCost\":225000,\"mealCostPerPerson\":85714.29,\"Villa\":1305257.14,\"Guesthouse\":1181828.57,\"ThreeStar\":1471885.71,\"FourStar\":1698685.71},{\"vehicle\":\"Hiace Commuter\",\"user\":8,\"wnaCost\":225000,\"mealCostPerPerson\":75000,\"Villa\":1196775,\"Guesthouse\":1075275,\"ThreeStar\":1318275,\"FourStar\":1480275},{\"vehicle\":\"Hiace Commuter\",\"user\":9,\"wnaCost\":225000,\"mealCostPerPerson\":66666.67,\"Villa\":1130400,\"Guesthouse\":1040400,\"ThreeStar\":1320000,\"FourStar\":1532400},{\"vehicle\":\"Hiace Commuter\",\"user\":10,\"wnaCost\":225000,\"mealCostPerPerson\":60000,\"Villa\":1077300,\"Guesthouse\":969300,\"ThreeStar\":1212300,\"FourStar\":1374300},{\"vehicle\":\"Hiace Commuter\",\"user\":11,\"wnaCost\":225000,\"mealCostPerPerson\":54545.45,\"Villa\":1073127.27,\"Guesthouse\":950400,\"ThreeStar\":1223345.45,\"FourStar\":1426581.82},{\"vehicle\":\"Hiace Commuter\",\"user\":12,\"wnaCost\":225000,\"mealCostPerPerson\":50000,\"Villa\":1020150,\"Guesthouse\":898650,\"ThreeStar\":1141650,\"FourStar\":1303650},{\"vehicle\":\"Elf Giga\",\"user\":13,\"wnaCost\":225000,\"mealCostPerPerson\":69230.77,\"Villa\":1029323.08,\"Guesthouse\":929630.77,\"ThreeStar\":1197969.23,\"FourStar\":1394861.54},{\"vehicle\":\"Elf Giga\",\"user\":14,\"wnaCost\":225000,\"mealCostPerPerson\":64285.71,\"Villa\":998614.29,\"Guesthouse\":886757.14,\"ThreeStar\":1129757.14,\"FourStar\":1291757.14},{\"vehicle\":\"Elf Giga\",\"user\":15,\"wnaCost\":225000,\"mealCostPerPerson\":60000,\"Villa\":1000800,\"Guesthouse\":878400,\"ThreeStar\":1143360,\"FourStar\":1335600},{\"vehicle\":\"Elf Giga\",\"user\":16,\"wnaCost\":225000,\"mealCostPerPerson\":56250,\"Villa\":965587.5,\"Guesthouse\":844087.5,\"ThreeStar\":1087087.5,\"FourStar\":1249087.5},{\"vehicle\":\"Elf Giga\",\"user\":17,\"wnaCost\":225000,\"mealCostPerPerson\":52941.18,\"Villa\":944047.06,\"Guesthouse\":839223.53,\"ThreeStar\":1101600,\"FourStar\":1290282.35},{\"vehicle\":\"Medium Bus\",\"user\":18,\"wnaCost\":225000,\"mealCostPerPerson\":50000,\"Villa\":1040400,\"Guesthouse\":926400,\"ThreeStar\":1169400,\"FourStar\":1331400},{\"vehicle\":\"Medium Bus\",\"user\":19,\"wnaCost\":225000,\"mealCostPerPerson\":63157.89,\"Villa\":1056978.95,\"Guesthouse\":934768.42,\"ThreeStar\":1195105.26,\"FourStar\":1380978.95},{\"vehicle\":\"Medium Bus\",\"user\":20,\"wnaCost\":225000,\"mealCostPerPerson\":60000,\"Villa\":1026000,\"Guesthouse\":904500,\"ThreeStar\":1147500,\"FourStar\":1309500},{\"vehicle\":\"Medium Bus\",\"user\":21,\"wnaCost\":225000,\"mealCostPerPerson\":57142.86,\"Villa\":1005685.71,\"Guesthouse\":897685.71,\"ThreeStar\":1156371.43,\"FourStar\":1339971.43},{\"vehicle\":\"Medium Bus\",\"user\":22,\"wnaCost\":225000,\"mealCostPerPerson\":54545.45,\"Villa\":987218.18,\"Guesthouse\":871854.55,\"ThreeStar\":1114854.55,\"FourStar\":1276854.55},{\"vehicle\":\"Medium Bus\",\"user\":23,\"wnaCost\":225000,\"mealCostPerPerson\":52173.91,\"Villa\":989139.13,\"Guesthouse\":867052.17,\"ThreeStar\":1124373.91,\"FourStar\":1306095.65},{\"vehicle\":\"Medium Bus\",\"user\":24,\"wnaCost\":225000,\"mealCostPerPerson\":50000,\"Villa\":966150,\"Guesthouse\":844650,\"ThreeStar\":1087650,\"FourStar\":1249650},{\"vehicle\":\"Medium Bus\",\"user\":25,\"wnaCost\":225000,\"mealCostPerPerson\":48000,\"Villa\":951480,\"Guesthouse\":841320,\"ThreeStar\":1097496,\"FourStar\":1277640},{\"vehicle\":\"Medium Bus\",\"user\":26,\"wnaCost\":225000,\"mealCostPerPerson\":46153.85,\"Villa\":937938.46,\"Guesthouse\":821630.77,\"ThreeStar\":1064630.77,\"FourStar\":1226630.77},{\"vehicle\":\"Medium Bus\",\"user\":27,\"wnaCost\":225000,\"mealCostPerPerson\":44444.44,\"Villa\":941400,\"Guesthouse\":819400,\"ThreeStar\":1074600,\"FourStar\":1253400},{\"vehicle\":\"Medium Bus\",\"user\":28,\"wnaCost\":225000,\"mealCostPerPerson\":42857.14,\"Villa\":923400,\"Guesthouse\":801900,\"ThreeStar\":1044900,\"FourStar\":1206900},{\"vehicle\":\"Medium Bus\",\"user\":29,\"wnaCost\":225000,\"mealCostPerPerson\":41379.31,\"Villa\":912227.59,\"Guesthouse\":800503.45,\"ThreeStar\":1054862.07,\"FourStar\":1232503.45},{\"vehicle\":\"Medium Bus\",\"user\":30,\"wnaCost\":225000,\"mealCostPerPerson\":40000,\"Villa\":901800,\"Guesthouse\":784800,\"ThreeStar\":1027800,\"FourStar\":1189800},{\"vehicle\":\"Big Bus HD\",\"user\":31,\"wnaCost\":225000,\"mealCostPerPerson\":48387.1,\"Villa\":989245.16,\"Guesthouse\":867309.68,\"ThreeStar\":1120935.48,\"FourStar\":1297567.74},{\"vehicle\":\"Big Bus HD\",\"user\":32,\"wnaCost\":225000,\"mealCostPerPerson\":46875,\"Villa\":971662.5,\"Guesthouse\":850162.5,\"ThreeStar\":1093162.5,\"FourStar\":1255162.5},{\"vehicle\":\"Big Bus HD\",\"user\":33,\"wnaCost\":225000,\"mealCostPerPerson\":45454.55,\"Villa\":960054.55,\"Guesthouse\":847145.45,\"ThreeStar\":1100127.27,\"FourStar\":1275872.73},{\"vehicle\":\"Big Bus HD\",\"user\":34,\"wnaCost\":225000,\"mealCostPerPerson\":44117.65,\"Villa\":949129.41,\"Guesthouse\":831600,\"ThreeStar\":1074600,\"FourStar\":1236600},{\"vehicle\":\"Big Bus HD\",\"user\":35,\"wnaCost\":225000,\"mealCostPerPerson\":42857.14,\"Villa\":951171.43,\"Guesthouse\":829285.71,\"ThreeStar\":1081697.14,\"FourStar\":1256657.14},{\"vehicle\":\"Big Bus HD\",\"user\":36,\"wnaCost\":225000,\"mealCostPerPerson\":41666.67,\"Villa\":936600,\"Guesthouse\":815100,\"ThreeStar\":1058100,\"FourStar\":1220100},{\"vehicle\":\"Big Bus HD\",\"user\":37,\"wnaCost\":225000,\"mealCostPerPerson\":40540.54,\"Villa\":927194.59,\"Guesthouse\":813356.76,\"ThreeStar\":1065259.46,\"FourStar\":1239518.92},{\"vehicle\":\"Big Bus HD\",\"user\":38,\"wnaCost\":225000,\"mealCostPerPerson\":39473.68,\"Villa\":918284.21,\"Guesthouse\":800336.84,\"ThreeStar\":1043336.84,\"FourStar\":1205336.84},{\"vehicle\":\"Big Bus HD\",\"user\":39,\"wnaCost\":225000,\"mealCostPerPerson\":38461.54,\"Villa\":920907.69,\"Guesthouse\":799061.54,\"ThreeStar\":1050507.69,\"FourStar\":1224138.46},{\"vehicle\":\"Big Bus HD\",\"user\":40,\"wnaCost\":225000,\"mealCostPerPerson\":37500,\"Villa\":908550,\"Guesthouse\":787050,\"ThreeStar\":1030050,\"FourStar\":1192050},{\"vehicle\":\"Big Bus HD\",\"user\":41,\"wnaCost\":225000,\"mealCostPerPerson\":43902.44,\"Villa\":908648.78,\"Guesthouse\":794063.41,\"ThreeStar\":1045097.56,\"FourStar\":1218160.98},{\"vehicle\":\"Big Bus HD\",\"user\":42,\"wnaCost\":225000,\"mealCostPerPerson\":42857.14,\"Villa\":901028.57,\"Guesthouse\":782742.86,\"ThreeStar\":1025742.86,\"FourStar\":1187742.86},{\"vehicle\":\"Big Bus HD\",\"user\":43,\"wnaCost\":225000,\"mealCostPerPerson\":41860.47,\"Villa\":903809.3,\"Guesthouse\":781995.35,\"ThreeStar\":1032655.81,\"FourStar\":1205204.65},{\"vehicle\":\"Big Bus HD\",\"user\":44,\"wnaCost\":225000,\"mealCostPerPerson\":40909.09,\"Villa\":892963.64,\"Guesthouse\":771463.64,\"ThreeStar\":1014463.64,\"FourStar\":1176463.64},{\"vehicle\":\"Big Bus HD\",\"user\":45,\"wnaCost\":225000,\"mealCostPerPerson\":40000,\"Villa\":886200,\"Guesthouse\":771000,\"ThreeStar\":1021320,\"FourStar\":1193400},{\"vehicle\":\"Big Bus SHD\",\"user\":46,\"wnaCost\":225000,\"mealCostPerPerson\":39130.43,\"Villa\":912600,\"Guesthouse\":794034.78,\"ThreeStar\":1037034.78,\"FourStar\":1199034.78},{\"vehicle\":\"Big Bus SHD\",\"user\":47,\"wnaCost\":225000,\"mealCostPerPerson\":38297.87,\"Villa\":914897.87,\"Guesthouse\":793110.64,\"ThreeStar\":1043119.15,\"FourStar\":1214770.21},{\"vehicle\":\"Big Bus SHD\",\"user\":48,\"wnaCost\":225000,\"mealCostPerPerson\":37500,\"Villa\":904725,\"Guesthouse\":783225,\"ThreeStar\":1026225,\"FourStar\":1188225},{\"vehicle\":\"Big Bus SHD\",\"user\":49,\"wnaCost\":225000,\"mealCostPerPerson\":36734.69,\"Villa\":898273.47,\"Guesthouse\":782559.18,\"ThreeStar\":1032281.63,\"FourStar\":1203538.78},{\"vehicle\":\"Big Bus SHD\",\"user\":50,\"wnaCost\":225000,\"mealCostPerPerson\":36000,\"Villa\":892080,\"Guesthouse\":773280,\"ThreeStar\":1016280,\"FourStar\":1178280},{\"vehicle\":\"Big Bus SHD\",\"user\":51,\"wnaCost\":225000,\"mealCostPerPerson\":35294.12,\"Villa\":894600,\"Guesthouse\":772835.29,\"ThreeStar\":1022294.12,\"FourStar\":1193188.24},{\"vehicle\":\"Big Bus SHD\",\"user\":52,\"wnaCost\":225000,\"mealCostPerPerson\":34615.38,\"Villa\":885600,\"Guesthouse\":764100,\"ThreeStar\":1007100,\"FourStar\":1169100},{\"vehicle\":\"Big Bus SHD\",\"user\":53,\"wnaCost\":225000,\"mealCostPerPerson\":33962.26,\"Villa\":879996.23,\"Guesthouse\":763845.28,\"ThreeStar\":1013060.38,\"FourStar\":1183618.87},{\"vehicle\":\"Big Bus SHD\",\"user\":54,\"wnaCost\":225000,\"mealCostPerPerson\":33333.33,\"Villa\":874600,\"Guesthouse\":755600,\"ThreeStar\":998600,\"FourStar\":1160600},{\"vehicle\":\"Big Bus SHD\",\"user\":55,\"wnaCost\":225000,\"mealCostPerPerson\":32727.27,\"Villa\":877254.55,\"Guesthouse\":755509.09,\"ThreeStar\":1004498.18,\"FourStar\":1174745.45}]}]', '2025-03-01 22:35:01', '2025-03-01 22:35:01');

-- --------------------------------------------------------

--
-- Table structure for table `password_reset_tokens`
--

CREATE TABLE `password_reset_tokens` (
  `email` varchar(255) NOT NULL,
  `token` varchar(255) NOT NULL,
  `created_at` timestamp NULL DEFAULT NULL
) ENGINE=InnoDB DEFAULT CHARSET=utf8mb4 COLLATE=utf8mb4_unicode_ci;

-- --------------------------------------------------------

--
-- Table structure for table `permissions`
--

CREATE TABLE `permissions` (
  `id` bigint(20) UNSIGNED NOT NULL,
  `name` varchar(255) NOT NULL,
  `group_name` varchar(255) CHARACTER SET utf8mb4 COLLATE utf8mb4_general_ci DEFAULT NULL,
  `guard_name` varchar(255) NOT NULL,
  `created_at` timestamp NULL DEFAULT NULL,
  `updated_at` timestamp NULL DEFAULT NULL
) ENGINE=InnoDB DEFAULT CHARSET=utf8mb4 COLLATE=utf8mb4_unicode_ci;

--
-- Dumping data for table `permissions`
--

INSERT INTO `permissions` (`id`, `name`, `group_name`, `guard_name`, `created_at`, `updated_at`) VALUES
(1, 'agen.menu', 'agen', 'web', '2025-01-03 20:34:18', '2025-01-03 20:34:18'),
(2, 'agen.list', 'agen', 'web', '2025-01-04 00:40:14', '2025-01-04 00:40:14'),
(3, 'agen.add', 'agen', 'web', '2025-01-04 00:40:32', '2025-01-04 00:40:32'),
(4, 'agen.edit', 'agen', 'web', '2025-01-04 00:40:55', '2025-01-04 00:40:55'),
(5, 'agen.delete', 'agen', 'web', '2025-01-04 00:41:09', '2025-01-04 00:41:09'),
(6, 'agen.show', 'agen', 'web', '2025-01-04 00:41:43', '2025-01-04 00:41:43'),
(7, 'booking.menu', 'booking', 'web', '2025-01-04 01:09:46', '2025-01-04 01:09:46'),
(8, 'booking.list', 'booking', 'web', '2025-01-04 01:10:19', '2025-01-04 01:10:19'),
(9, 'booking.add', 'booking', 'web', '2025-01-04 01:10:38', '2025-01-04 01:10:38'),
(10, 'booking.edit', 'booking', 'web', '2025-01-04 01:10:52', '2025-01-04 01:10:52'),
(11, 'booking.delete', 'booking', 'web', '2025-01-04 01:11:07', '2025-01-04 01:11:07'),
(12, 'booking.show', 'booking', 'web', '2025-01-04 01:11:20', '2025-01-04 01:11:20'),
(13, 'package.menu', 'package', 'web', '2025-01-04 01:11:42', '2025-01-04 01:11:42'),
(14, 'package.list', 'package', 'web', '2025-01-04 01:12:00', '2025-01-04 01:12:00'),
(15, 'package.add', 'package', 'web', '2025-01-04 01:12:30', '2025-01-04 01:12:30'),
(16, 'package.edit', 'package', 'web', '2025-01-04 01:12:41', '2025-01-04 01:12:41'),
(17, 'package.delete', 'package', 'web', '2025-01-04 01:12:51', '2025-01-04 01:12:51'),
(18, 'package.show', 'package', 'web', '2025-01-04 01:13:02', '2025-01-04 01:13:02'),
(19, 'rent.menu', 'rent', 'web', '2025-01-04 01:14:08', '2025-01-04 01:14:08'),
(20, 'rent.list', 'rent', 'web', '2025-01-04 01:14:22', '2025-01-04 01:14:22'),
(21, 'rent.add', 'rent', 'web', '2025-01-04 01:14:43', '2025-01-04 01:14:43'),
(22, 'rent.edit', 'rent', 'web', '2025-01-04 01:14:55', '2025-01-04 01:14:55'),
(23, 'rent.delete', 'rent', 'web', '2025-01-04 01:15:06', '2025-01-04 01:15:06'),
(24, 'rent,show', 'rent', 'web', '2025-01-04 01:15:20', '2025-01-04 01:15:20'),
(25, 'role.menu', 'role', 'web', '2025-01-04 01:15:39', '2025-01-04 01:15:39'),
(26, 'role.list', 'role', 'web', '2025-01-04 01:15:53', '2025-01-04 01:15:53'),
(27, 'role.add', 'role', 'web', '2025-01-04 01:16:07', '2025-01-04 01:16:07'),
(28, 'role.edit', 'role', 'web', '2025-01-04 01:16:17', '2025-01-04 01:16:17'),
(29, 'role.delete', 'role', 'web', '2025-01-04 01:16:34', '2025-01-04 01:16:34'),
(31, 'role.permission.all', 'role', 'web', '2025-01-04 03:11:55', '2025-01-06 11:43:18'),
(35, 'permission.menu', 'permission', 'web', '2025-01-04 08:20:14', '2025-01-04 08:20:14'),
(36, 'permission.list', 'permission', 'web', '2025-01-04 08:20:14', '2025-01-04 08:20:14'),
(37, 'permission.add', 'permission', 'web', '2025-01-04 08:20:14', '2025-01-04 08:20:14'),
(38, 'permission.edit', 'permission', 'web', '2025-01-04 08:20:14', '2025-01-04 08:20:14'),
(39, 'permission.delete', 'permission', 'web', '2025-01-04 08:20:14', '2025-01-04 08:20:14'),
(40, 'role.permission.set', 'permission', 'web', '2025-01-04 08:20:14', '2025-01-06 11:41:11'),
(41, 'role.permission.menu', 'Roles and Permissions', 'web', '2025-01-04 09:34:05', '2025-01-04 09:34:05'),
(42, 'admin.menu', 'admin', 'web', '2025-01-06 10:59:37', '2025-01-06 10:59:37'),
(43, 'admin.list', 'admin', 'web', '2025-01-06 10:59:37', '2025-01-06 10:59:37'),
(44, 'admin.add', 'admin', 'web', '2025-01-06 10:59:37', '2025-01-06 10:59:37'),
(45, 'admin.edit', 'admin', 'web', '2025-01-06 10:59:37', '2025-01-06 10:59:37'),
(46, 'admin.delete', 'admin', 'web', '2025-01-06 10:59:37', '2025-01-06 10:59:37'),
(48, 'package.generate', 'package', 'web', '2025-01-06 11:07:00', '2025-01-06 11:07:00'),
(49, 'package.setting.menu', 'package', 'web', '2025-01-06 11:14:10', '2025-01-06 11:14:10'),
(50, 'package.tour.menu', 'package', 'web', '2025-01-06 11:21:18', '2025-01-06 11:21:18'),
(51, 'destinations.list', 'destinations', 'web', '2025-01-06 21:16:25', '2025-01-06 21:16:25'),
(52, 'destinations.add', 'destinations', 'web', '2025-01-06 21:16:37', '2025-01-06 21:16:37'),
(53, 'destinations.edit', 'destinations', 'web', '2025-01-06 21:17:03', '2025-01-06 21:17:03'),
(54, 'destinations.delete', 'destinations', 'web', '2025-01-06 21:17:17', '2025-01-06 21:17:17'),
(55, 'vehicles.list', 'vehicles', 'web', '2025-01-06 21:23:00', '2025-01-06 21:23:00'),
(56, 'vehicles.add', 'vehicles', 'web', '2025-01-06 21:23:00', '2025-01-06 21:23:00'),
(57, 'vehicles.edit', 'vehicles', 'web', '2025-01-06 21:23:00', '2025-01-06 21:23:00'),
(58, 'vehicles.delete', 'vehicles', 'web', '2025-01-06 21:23:00', '2025-01-06 21:23:00'),
(59, 'hotels.list', 'hotels', 'web', '2025-01-06 21:23:00', '2025-01-06 21:23:00'),
(60, 'hotels.add', 'hotels', 'web', '2025-01-06 21:23:00', '2025-01-06 21:23:00'),
(61, 'hotels.edit', 'hotels', 'web', '2025-01-06 21:23:00', '2025-01-06 21:23:00'),
(62, 'hotels.delete', 'hotels', 'web', '2025-01-06 21:23:00', '2025-01-06 21:23:00'),
(63, 'service.list', 'service', 'web', '2025-01-06 21:23:00', '2025-01-06 21:23:00'),
(64, 'service.add', 'service', 'web', '2025-01-06 21:23:00', '2025-01-06 21:23:00'),
(65, 'service.edit', 'service', 'web', '2025-01-06 21:23:00', '2025-01-06 21:23:00'),
(66, 'service.delete', 'service', 'web', '2025-01-06 21:23:00', '2025-01-06 21:23:00'),
(67, 'destinations.import', 'destinations', 'web', '2025-01-06 21:33:57', '2025-01-06 21:33:57'),
(68, 'destinations.export', 'destinations', 'web', '2025-01-06 21:34:35', '2025-01-06 21:34:35'),
(69, 'admin.action', 'admin', 'web', '2025-01-06 22:05:08', '2025-01-06 22:05:08'),
(70, 'agen.action', 'agen', 'web', '2025-01-06 22:05:28', '2025-01-06 22:05:28'),
(71, 'booking.action', 'booking', 'web', '2025-01-06 22:05:42', '2025-01-06 22:05:42'),
(72, 'destinations.action', 'destinations', 'web', '2025-01-06 22:06:04', '2025-01-06 22:06:04'),
(73, 'hotels.action', 'hotels', 'web', '2025-01-06 22:06:24', '2025-01-06 22:06:24'),
(74, 'package.action', 'package', 'web', '2025-01-06 22:06:47', '2025-01-06 22:06:47'),
(75, 'permission.action', 'permission', 'web', '2025-01-06 22:07:07', '2025-01-06 22:07:07'),
(76, 'rent.action', 'rent', 'web', '2025-01-06 22:07:21', '2025-01-06 22:07:21'),
(77, 'role.action', 'role', 'web', '2025-01-06 22:07:35', '2025-01-06 22:07:35'),
(78, 'service.action', 'service', 'web', '2025-01-06 22:07:53', '2025-01-06 22:07:53'),
(79, 'vehicles.action', 'vehicles', 'web', '2025-01-06 22:08:08', '2025-01-06 22:08:08'),
(80, 'invoice.list', 'invoices', 'web', '2025-02-10 10:44:12', '2025-02-10 10:44:12'),
(81, 'invoice.add', 'invoices', 'web', '2025-02-10 10:44:12', '2025-02-10 10:44:12'),
(82, 'invoice.edit', 'invoices', 'web', '2025-02-10 10:44:12', '2025-02-10 10:44:12'),
(83, 'invoice.delete', 'invoices', 'web', '2025-02-10 10:44:12', '2025-02-10 10:44:12'),
(84, 'invoice.menu', 'invoices', 'web', '2025-02-10 10:44:12', '2025-02-10 10:44:12'),
(85, 'invoice.show', 'invoices', 'web', '2025-02-10 10:44:12', '2025-02-10 10:44:12'),
(86, 'invoice.action', 'invoices', 'web', '2025-02-10 10:44:12', '2025-02-10 10:44:12'),
(89, 'accounting.list', 'accountings', 'web', '2025-03-01 01:02:48', '2025-03-01 01:02:48'),
(90, 'accounting.add', 'accountings', 'web', '2025-03-01 01:02:48', '2025-03-01 01:02:48'),
(91, 'accounting.edit', 'accountings', 'web', '2025-03-01 01:02:48', '2025-03-01 01:02:48'),
(92, 'accounting.delete', 'accountings', 'web', '2025-03-01 01:02:48', '2025-03-01 01:02:48'),
(93, 'accounting.menu', 'accountings', 'web', '2025-03-01 01:02:48', '2025-03-01 01:02:48'),
(94, 'accounting.show', 'accountings', 'web', '2025-03-01 01:02:48', '2025-03-01 01:02:48'),
(95, 'accounting.action', 'accountings', 'web', '2025-03-01 01:02:48', '2025-03-01 01:02:48');

-- --------------------------------------------------------

--
-- Table structure for table `provinces`
--

CREATE TABLE `provinces` (
  `id` bigint(20) UNSIGNED NOT NULL,
  `name` varchar(255) NOT NULL,
  `created_at` timestamp NULL DEFAULT NULL,
  `updated_at` timestamp NULL DEFAULT NULL
) ENGINE=InnoDB DEFAULT CHARSET=utf8mb4 COLLATE=utf8mb4_unicode_ci;

--
-- Dumping data for table `provinces`
--

INSERT INTO `provinces` (`id`, `name`, `created_at`, `updated_at`) VALUES
(11, 'ACEH', NULL, NULL),
(12, 'SUMATERA UTARA', NULL, NULL),
(13, 'SUMATERA BARAT', NULL, NULL),
(14, 'RIAU', NULL, NULL),
(15, 'JAMBI', NULL, NULL),
(16, 'SUMATERA SELATAN', NULL, NULL),
(17, 'BENGKULU', NULL, NULL),
(18, 'LAMPUNG', NULL, NULL),
(19, 'KEPULAUAN BANGKA BELITUNG', NULL, NULL),
(21, 'KEPULAUAN RIAU', NULL, NULL),
(31, 'DKI JAKARTA', NULL, NULL),
(32, 'JAWA BARAT', NULL, NULL),
(33, 'JAWA TENGAH', NULL, NULL),
(34, 'DAERAH ISTIMEWA YOGYAKARTA', NULL, NULL),
(35, 'JAWA TIMUR', NULL, NULL),
(36, 'BANTEN', NULL, NULL),
(51, 'BALI', NULL, NULL),
(52, 'NUSA TENGGARA BARAT', NULL, NULL),
(53, 'NUSA TENGGARA TIMUR', NULL, NULL),
(61, 'KALIMANTAN BARAT', NULL, NULL),
(62, 'KALIMANTAN TENGAH', NULL, NULL),
(63, 'KALIMANTAN SELATAN', NULL, NULL),
(64, 'KALIMANTAN TIMUR', NULL, NULL),
(65, 'KALIMANTAN UTARA', NULL, NULL),
(71, 'SULAWESI UTARA', NULL, NULL),
(72, 'SULAWESI TENGAH', NULL, NULL),
(73, 'SULAWESI SELATAN', NULL, NULL),
(74, 'SULAWESI TENGGARA', NULL, NULL),
(75, 'GORONTALO', NULL, NULL),
(76, 'SULAWESI BARAT', NULL, NULL),
(81, 'MALUKU', NULL, NULL),
(82, 'MALUKU UTARA', NULL, NULL),
(91, 'PAPUA', NULL, NULL),
(92, 'PAPUA BARAT', NULL, NULL),
(93, 'PAPUA SELATAN', NULL, NULL),
(94, 'PAPUA TENGAH', NULL, NULL),
(95, 'PAPUA PEGUNUNGAN', NULL, NULL);

-- --------------------------------------------------------

--
-- Table structure for table `regencies`
--

CREATE TABLE `regencies` (
  `id` bigint(20) UNSIGNED NOT NULL,
  `province_id` bigint(20) UNSIGNED NOT NULL,
  `name` varchar(255) NOT NULL,
  `created_at` timestamp NULL DEFAULT NULL,
  `updated_at` timestamp NULL DEFAULT NULL
) ENGINE=InnoDB DEFAULT CHARSET=utf8mb4 COLLATE=utf8mb4_unicode_ci;

--
-- Dumping data for table `regencies`
--

INSERT INTO `regencies` (`id`, `province_id`, `name`, `created_at`, `updated_at`) VALUES
(1101, 11, 'KAB. ACEH SELATAN', NULL, NULL),
(1102, 11, 'KAB. ACEH TENGGARA', NULL, NULL),
(1103, 11, 'KAB. ACEH TIMUR', NULL, NULL),
(1104, 11, 'KAB. ACEH TENGAH', NULL, NULL),
(1105, 11, 'KAB. ACEH BARAT', NULL, NULL),
(1106, 11, 'KAB. ACEH BESAR', NULL, NULL),
(1107, 11, 'KAB. PIDIE', NULL, NULL),
(1108, 11, 'KAB. ACEH UTARA', NULL, NULL),
(1109, 11, 'KAB. SIMEULUE', NULL, NULL),
(1110, 11, 'KAB. ACEH SINGKIL', NULL, NULL),
(1111, 11, 'KAB. BIREUEN', NULL, NULL),
(1112, 11, 'KAB. ACEH BARAT DAYA', NULL, NULL),
(1113, 11, 'KAB. GAYO LUES', NULL, NULL),
(1114, 11, 'KAB. ACEH JAYA', NULL, NULL),
(1115, 11, 'KAB. NAGAN RAYA', NULL, NULL),
(1116, 11, 'KAB. ACEH TAMIANG', NULL, NULL),
(1117, 11, 'KAB. BENER MERIAH', NULL, NULL),
(1118, 11, 'KAB. PIDIE JAYA', NULL, NULL),
(1171, 11, 'KOTA BANDA ACEH', NULL, NULL),
(1172, 11, 'KOTA SABANG', NULL, NULL),
(1173, 11, 'KOTA LHOKSEUMAWE', NULL, NULL),
(1174, 11, 'KOTA LANGSA', NULL, NULL),
(1175, 11, 'KOTA SUBULUSSALAM', NULL, NULL),
(1201, 12, 'KAB. TAPANULI TENGAH', NULL, NULL),
(1202, 12, 'KAB. TAPANULI UTARA', NULL, NULL),
(1203, 12, 'KAB. TAPANULI SELATAN', NULL, NULL),
(1204, 12, 'KAB. NIAS', NULL, NULL),
(1205, 12, 'KAB. LANGKAT', NULL, NULL),
(1206, 12, 'KAB. KARO', NULL, NULL),
(1207, 12, 'KAB. DELI SERDANG', NULL, NULL),
(1208, 12, 'KAB. SIMALUNGUN', NULL, NULL),
(1209, 12, 'KAB. ASAHAN', NULL, NULL),
(1210, 12, 'KAB. LABUHANBATU', NULL, NULL),
(1211, 12, 'KAB. DAIRI', NULL, NULL),
(1212, 12, 'KAB. TOBA', NULL, NULL),
(1213, 12, 'KAB. MANDAILING NATAL', NULL, NULL),
(1214, 12, 'KAB. NIAS SELATAN', NULL, NULL),
(1215, 12, 'KAB. PAKPAK BHARAT', NULL, NULL),
(1216, 12, 'KAB. HUMBANG HASUNDUTAN', NULL, NULL),
(1217, 12, 'KAB. SAMOSIR', NULL, NULL),
(1218, 12, 'KAB. SERDANG BEDAGAI', NULL, NULL),
(1219, 12, 'KAB. BATU BARA', NULL, NULL),
(1220, 12, 'KAB. PADANG LAWAS UTARA', NULL, NULL),
(1221, 12, 'KAB. PADANG LAWAS', NULL, NULL),
(1222, 12, 'KAB. LABUHANBATU SELATAN', NULL, NULL),
(1223, 12, 'KAB. LABUHANBATU UTARA', NULL, NULL),
(1224, 12, 'KAB. NIAS UTARA', NULL, NULL),
(1225, 12, 'KAB. NIAS BARAT', NULL, NULL),
(1271, 12, 'KOTA MEDAN', NULL, NULL),
(1272, 12, 'KOTA PEMATANGSIANTAR', NULL, NULL),
(1273, 12, 'KOTA SIBOLGA', NULL, NULL),
(1274, 12, 'KOTA TANJUNG BALAI', NULL, NULL),
(1275, 12, 'KOTA BINJAI', NULL, NULL),
(1276, 12, 'KOTA TEBING TINGGI', NULL, NULL),
(1277, 12, 'KOTA PADANGSIDIMPUAN', NULL, NULL),
(1278, 12, 'KOTA GUNUNGSITOLI', NULL, NULL),
(1301, 13, 'KAB. PESISIR SELATAN', NULL, NULL),
(1302, 13, 'KAB. SOLOK', NULL, NULL),
(1303, 13, 'KAB. SIJUNJUNG', NULL, NULL),
(1304, 13, 'KAB. TANAH DATAR', NULL, NULL),
(1305, 13, 'KAB. PADANG PARIAMAN', NULL, NULL),
(1306, 13, 'KAB. AGAM', NULL, NULL),
(1307, 13, 'KAB. LIMA PULUH KOTA', NULL, NULL),
(1308, 13, 'KAB. PASAMAN', NULL, NULL),
(1309, 13, 'KAB. KEPULAUAN MENTAWAI', NULL, NULL),
(1310, 13, 'KAB. DHARMASRAYA', NULL, NULL),
(1311, 13, 'KAB. SOLOK SELATAN', NULL, NULL),
(1312, 13, 'KAB. PASAMAN BARAT', NULL, NULL),
(1371, 13, 'KOTA PADANG', NULL, NULL),
(1372, 13, 'KOTA SOLOK', NULL, NULL),
(1373, 13, 'KOTA SAWAHLUNTO', NULL, NULL),
(1374, 13, 'KOTA PADANG PANJANG', NULL, NULL),
(1375, 13, 'KOTA BUKITTINGGI', NULL, NULL),
(1376, 13, 'KOTA PAYAKUMBUH', NULL, NULL),
(1377, 13, 'KOTA PARIAMAN', NULL, NULL),
(1401, 14, 'KAB. KAMPAR', NULL, NULL),
(1402, 14, 'KAB. INDRAGIRI HULU', NULL, NULL),
(1403, 14, 'KAB. BENGKALIS', NULL, NULL),
(1404, 14, 'KAB. INDRAGIRI HILIR', NULL, NULL),
(1405, 14, 'KAB. PELALAWAN', NULL, NULL),
(1406, 14, 'KAB. ROKAN HULU', NULL, NULL),
(1407, 14, 'KAB. ROKAN HILIR', NULL, NULL),
(1408, 14, 'KAB. SIAK', NULL, NULL),
(1409, 14, 'KAB. KUANTAN SINGINGI', NULL, NULL),
(1410, 14, 'KAB. KEPULAUAN MERANTI', NULL, NULL),
(1471, 14, 'KOTA PEKANBARU', NULL, NULL),
(1472, 14, 'KOTA DUMAI', NULL, NULL),
(1501, 15, 'KAB. KERINCI', NULL, NULL),
(1502, 15, 'KAB. MERANGIN', NULL, NULL),
(1503, 15, 'KAB. SAROLANGUN', NULL, NULL),
(1504, 15, 'KAB. BATANGHARI', NULL, NULL),
(1505, 15, 'KAB. MUARO JAMBI', NULL, NULL),
(1506, 15, 'KAB. TANJUNG JABUNG BARAT', NULL, NULL),
(1507, 15, 'KAB. TANJUNG JABUNG TIMUR', NULL, NULL),
(1508, 15, 'KAB. BUNGO', NULL, NULL),
(1509, 15, 'KAB. TEBO', NULL, NULL),
(1571, 15, 'KOTA JAMBI', NULL, NULL),
(1572, 15, 'KOTA SUNGAI PENUH', NULL, NULL),
(1601, 16, 'KAB. OGAN KOMERING ULU', NULL, NULL),
(1602, 16, 'KAB. OGAN KOMERING ILIR', NULL, NULL),
(1603, 16, 'KAB. MUARA ENIM', NULL, NULL),
(1604, 16, 'KAB. LAHAT', NULL, NULL),
(1605, 16, 'KAB. MUSI RAWAS', NULL, NULL),
(1606, 16, 'KAB. MUSI BANYUASIN', NULL, NULL),
(1607, 16, 'KAB. BANYUASIN', NULL, NULL),
(1608, 16, 'KAB. OGAN KOMERING ULU TIMUR', NULL, NULL),
(1609, 16, 'KAB. OGAN KOMERING ULU SELATAN', NULL, NULL),
(1610, 16, 'KAB. OGAN ILIR', NULL, NULL),
(1611, 16, 'KAB. EMPAT LAWANG', NULL, NULL),
(1612, 16, 'KAB. PENUKAL ABAB LEMATANG ILIR', NULL, NULL),
(1613, 16, 'KAB. MUSI RAWAS UTARA', NULL, NULL),
(1671, 16, 'KOTA PALEMBANG', NULL, NULL),
(1672, 16, 'KOTA PAGAR ALAM', NULL, NULL),
(1673, 16, 'KOTA LUBUK LINGGAU', NULL, NULL),
(1674, 16, 'KOTA PRABUMULIH', NULL, NULL),
(1701, 17, 'KAB. BENGKULU SELATAN', NULL, NULL),
(1702, 17, 'KAB. REJANG LEBONG', NULL, NULL),
(1703, 17, 'KAB. BENGKULU UTARA', NULL, NULL),
(1704, 17, 'KAB. KAUR', NULL, NULL),
(1705, 17, 'KAB. SELUMA', NULL, NULL),
(1706, 17, 'KAB. MUKO MUKO', NULL, NULL),
(1707, 17, 'KAB. LEBONG', NULL, NULL),
(1708, 17, 'KAB. KEPAHIANG', NULL, NULL),
(1709, 17, 'KAB. BENGKULU TENGAH', NULL, NULL),
(1771, 17, 'KOTA BENGKULU', NULL, NULL),
(1801, 18, 'KAB. LAMPUNG SELATAN', NULL, NULL),
(1802, 18, 'KAB. LAMPUNG TENGAH', NULL, NULL),
(1803, 18, 'KAB. LAMPUNG UTARA', NULL, NULL),
(1804, 18, 'KAB. LAMPUNG BARAT', NULL, NULL),
(1805, 18, 'KAB. TULANG BAWANG', NULL, NULL),
(1806, 18, 'KAB. TANGGAMUS', NULL, NULL),
(1807, 18, 'KAB. LAMPUNG TIMUR', NULL, NULL),
(1808, 18, 'KAB. WAY KANAN', NULL, NULL),
(1809, 18, 'KAB. PESAWARAN', NULL, NULL),
(1810, 18, 'KAB. PRINGSEWU', NULL, NULL),
(1811, 18, 'KAB. MESUJI', NULL, NULL),
(1812, 18, 'KAB. TULANG BAWANG BARAT', NULL, NULL),
(1813, 18, 'KAB. PESISIR BARAT', NULL, NULL),
(1871, 18, 'KOTA BANDAR LAMPUNG', NULL, NULL),
(1872, 18, 'KOTA METRO', NULL, NULL),
(1901, 19, 'KAB. BANGKA', NULL, NULL),
(1902, 19, 'KAB. BELITUNG', NULL, NULL),
(1903, 19, 'KAB. BANGKA SELATAN', NULL, NULL),
(1904, 19, 'KAB. BANGKA TENGAH', NULL, NULL),
(1905, 19, 'KAB. BANGKA BARAT', NULL, NULL),
(1906, 19, 'KAB. BELITUNG TIMUR', NULL, NULL),
(1971, 19, 'KOTA PANGKAL PINANG', NULL, NULL),
(2101, 21, 'KAB. BINTAN', NULL, NULL),
(2102, 21, 'KAB. KARIMUN', NULL, NULL),
(2103, 21, 'KAB. NATUNA', NULL, NULL),
(2104, 21, 'KAB. LINGGA', NULL, NULL),
(2105, 21, 'KAB. KEPULAUAN ANAMBAS', NULL, NULL),
(2171, 21, 'KOTA BATAM', NULL, NULL),
(2172, 21, 'KOTA TANJUNG PINANG', NULL, NULL),
(3101, 31, 'KAB. ADM. KEP. SERIBU', NULL, NULL),
(3171, 31, 'KOTA ADM. JAKARTA PUSAT', NULL, NULL),
(3172, 31, 'KOTA ADM. JAKARTA UTARA', NULL, NULL),
(3173, 31, 'KOTA ADM. JAKARTA BARAT', NULL, NULL),
(3174, 31, 'KOTA ADM. JAKARTA SELATAN', NULL, NULL),
(3175, 31, 'KOTA ADM. JAKARTA TIMUR', NULL, NULL),
(3201, 32, 'KAB. BOGOR', NULL, NULL),
(3202, 32, 'KAB. SUKABUMI', NULL, NULL),
(3203, 32, 'KAB. CIANJUR', NULL, NULL),
(3204, 32, 'KAB. BANDUNG', NULL, NULL),
(3205, 32, 'KAB. GARUT', NULL, NULL),
(3206, 32, 'KAB. TASIKMALAYA', NULL, NULL),
(3207, 32, 'KAB. CIAMIS', NULL, NULL),
(3208, 32, 'KAB. KUNINGAN', NULL, NULL),
(3209, 32, 'KAB. CIREBON', NULL, NULL),
(3210, 32, 'KAB. MAJALENGKA', NULL, NULL),
(3211, 32, 'KAB. SUMEDANG', NULL, NULL),
(3212, 32, 'KAB. INDRAMAYU', NULL, NULL),
(3213, 32, 'KAB. SUBANG', NULL, NULL),
(3214, 32, 'KAB. PURWAKARTA', NULL, NULL),
(3215, 32, 'KAB. KARAWANG', NULL, NULL),
(3216, 32, 'KAB. BEKASI', NULL, NULL),
(3217, 32, 'KAB. BANDUNG BARAT', NULL, NULL),
(3218, 32, 'KAB. PANGANDARAN', NULL, NULL),
(3271, 32, 'KOTA BOGOR', NULL, NULL),
(3272, 32, 'KOTA SUKABUMI', NULL, NULL),
(3273, 32, 'KOTA BANDUNG', NULL, NULL),
(3274, 32, 'KOTA CIREBON', NULL, NULL),
(3275, 32, 'KOTA BEKASI', NULL, NULL),
(3276, 32, 'KOTA DEPOK', NULL, NULL),
(3277, 32, 'KOTA CIMAHI', NULL, NULL),
(3278, 32, 'KOTA TASIKMALAYA', NULL, NULL),
(3279, 32, 'KOTA BANJAR', NULL, NULL),
(3301, 33, 'KAB. CILACAP', NULL, NULL),
(3302, 33, 'KAB. BANYUMAS', NULL, NULL),
(3303, 33, 'KAB. PURBALINGGA', NULL, NULL),
(3304, 33, 'KAB. BANJARNEGARA', NULL, NULL),
(3305, 33, 'KAB. KEBUMEN', NULL, NULL),
(3306, 33, 'KAB. PURWOREJO', NULL, NULL),
(3307, 33, 'KAB. WONOSOBO', NULL, NULL),
(3308, 33, 'KAB. MAGELANG', NULL, NULL),
(3309, 33, 'KAB. BOYOLALI', NULL, NULL),
(3310, 33, 'KAB. KLATEN', NULL, NULL),
(3311, 33, 'KAB. SUKOHARJO', NULL, NULL),
(3312, 33, 'KAB. WONOGIRI', NULL, NULL),
(3313, 33, 'KAB. KARANGANYAR', NULL, NULL),
(3314, 33, 'KAB. SRAGEN', NULL, NULL),
(3315, 33, 'KAB. GROBOGAN', NULL, NULL),
(3316, 33, 'KAB. BLORA', NULL, NULL),
(3317, 33, 'KAB. REMBANG', NULL, NULL),
(3318, 33, 'KAB. PATI', NULL, NULL),
(3319, 33, 'KAB. KUDUS', NULL, NULL),
(3320, 33, 'KAB. JEPARA', NULL, NULL),
(3321, 33, 'KAB. DEMAK', NULL, NULL),
(3322, 33, 'KAB. SEMARANG', NULL, NULL),
(3323, 33, 'KAB. TEMANGGUNG', NULL, NULL),
(3324, 33, 'KAB. KENDAL', NULL, NULL),
(3325, 33, 'KAB. BATANG', NULL, NULL),
(3326, 33, 'KAB. PEKALONGAN', NULL, NULL),
(3327, 33, 'KAB. PEMALANG', NULL, NULL),
(3328, 33, 'KAB. TEGAL', NULL, NULL),
(3329, 33, 'KAB. BREBES', NULL, NULL),
(3371, 33, 'KOTA MAGELANG', NULL, NULL),
(3372, 33, 'KOTA SURAKARTA', NULL, NULL),
(3373, 33, 'KOTA SALATIGA', NULL, NULL),
(3374, 33, 'KOTA SEMARANG', NULL, NULL),
(3375, 33, 'KOTA PEKALONGAN', NULL, NULL),
(3376, 33, 'KOTA TEGAL', NULL, NULL),
(3401, 34, 'KAB. KULON PROGO', NULL, NULL),
(3402, 34, 'KAB. BANTUL', NULL, NULL),
(3403, 34, 'KAB. GUNUNGKIDUL', NULL, NULL),
(3404, 34, 'KAB. SLEMAN', NULL, NULL),
(3471, 34, 'KOTA YOGYAKARTA', NULL, NULL),
(3501, 35, 'KAB. PACITAN', NULL, NULL),
(3502, 35, 'KAB. PONOROGO', NULL, NULL),
(3503, 35, 'KAB. TRENGGALEK', NULL, NULL),
(3504, 35, 'KAB. TULUNGAGUNG', NULL, NULL),
(3505, 35, 'KAB. BLITAR', NULL, NULL),
(3506, 35, 'KAB. KEDIRI', NULL, NULL),
(3507, 35, 'KAB. MALANG', NULL, NULL),
(3508, 35, 'KAB. LUMAJANG', NULL, NULL),
(3509, 35, 'KAB. JEMBER', NULL, NULL),
(3510, 35, 'KAB. BANYUWANGI', NULL, NULL),
(3511, 35, 'KAB. BONDOWOSO', NULL, NULL),
(3512, 35, 'KAB. SITUBONDO', NULL, NULL),
(3513, 35, 'KAB. PROBOLINGGO', NULL, NULL),
(3514, 35, 'KAB. PASURUAN', NULL, NULL),
(3515, 35, 'KAB. SIDOARJO', NULL, NULL),
(3516, 35, 'KAB. MOJOKERTO', NULL, NULL),
(3517, 35, 'KAB. JOMBANG', NULL, NULL),
(3518, 35, 'KAB. NGANJUK', NULL, NULL),
(3519, 35, 'KAB. MADIUN', NULL, NULL),
(3520, 35, 'KAB. MAGETAN', NULL, NULL),
(3521, 35, 'KAB. NGAWI', NULL, NULL),
(3522, 35, 'KAB. BOJONEGORO', NULL, NULL),
(3523, 35, 'KAB. TUBAN', NULL, NULL),
(3524, 35, 'KAB. LAMONGAN', NULL, NULL),
(3525, 35, 'KAB. GRESIK', NULL, NULL),
(3526, 35, 'KAB. BANGKALAN', NULL, NULL),
(3527, 35, 'KAB. SAMPANG', NULL, NULL),
(3528, 35, 'KAB. PAMEKASAN', NULL, NULL),
(3529, 35, 'KAB. SUMENEP', NULL, NULL),
(3571, 35, 'KOTA KEDIRI', NULL, NULL),
(3572, 35, 'KOTA BLITAR', NULL, NULL),
(3573, 35, 'KOTA MALANG', NULL, NULL),
(3574, 35, 'KOTA PROBOLINGGO', NULL, NULL),
(3575, 35, 'KOTA PASURUAN', NULL, NULL),
(3576, 35, 'KOTA MOJOKERTO', NULL, NULL),
(3577, 35, 'KOTA MADIUN', NULL, NULL),
(3578, 35, 'KOTA SURABAYA', NULL, NULL),
(3579, 35, 'KOTA BATU', NULL, NULL),
(3601, 36, 'KAB. PANDEGLANG', NULL, NULL),
(3602, 36, 'KAB. LEBAK', NULL, NULL),
(3603, 36, 'KAB. TANGERANG', NULL, NULL),
(3604, 36, 'KAB. SERANG', NULL, NULL),
(3671, 36, 'KOTA TANGERANG', NULL, NULL),
(3672, 36, 'KOTA CILEGON', NULL, NULL),
(3673, 36, 'KOTA SERANG', NULL, NULL),
(3674, 36, 'KOTA TANGERANG SELATAN', NULL, NULL),
(5101, 51, 'KAB. JEMBRANA', NULL, NULL),
(5102, 51, 'KAB. TABANAN', NULL, NULL),
(5103, 51, 'KAB. BADUNG', NULL, NULL),
(5104, 51, 'KAB. GIANYAR', NULL, NULL),
(5105, 51, 'KAB. KLUNGKUNG', NULL, NULL),
(5106, 51, 'KAB. BANGLI', NULL, NULL),
(5107, 51, 'KAB. KARANGASEM', NULL, NULL),
(5108, 51, 'KAB. BULELENG', NULL, NULL),
(5171, 51, 'KOTA DENPASAR', NULL, NULL),
(5201, 52, 'KAB. LOMBOK BARAT', NULL, NULL),
(5202, 52, 'KAB. LOMBOK TENGAH', NULL, NULL),
(5203, 52, 'KAB. LOMBOK TIMUR', NULL, NULL),
(5204, 52, 'KAB. SUMBAWA', NULL, NULL),
(5205, 52, 'KAB. DOMPU', NULL, NULL),
(5206, 52, 'KAB. BIMA', NULL, NULL),
(5207, 52, 'KAB. SUMBAWA BARAT', NULL, NULL),
(5208, 52, 'KAB. LOMBOK UTARA', NULL, NULL),
(5271, 52, 'KOTA MATARAM', NULL, NULL),
(5272, 52, 'KOTA BIMA', NULL, NULL),
(5301, 53, 'KAB. KUPANG', NULL, NULL),
(5302, 53, 'KAB TIMOR TENGAH SELATAN', NULL, NULL),
(5303, 53, 'KAB. TIMOR TENGAH UTARA', NULL, NULL),
(5304, 53, 'KAB. BELU', NULL, NULL),
(5305, 53, 'KAB. ALOR', NULL, NULL),
(5306, 53, 'KAB. FLORES TIMUR', NULL, NULL),
(5307, 53, 'KAB. SIKKA', NULL, NULL),
(5308, 53, 'KAB. ENDE', NULL, NULL),
(5309, 53, 'KAB. NGADA', NULL, NULL),
(5310, 53, 'KAB. MANGGARAI', NULL, NULL),
(5311, 53, 'KAB. SUMBA TIMUR', NULL, NULL),
(5312, 53, 'KAB. SUMBA BARAT', NULL, NULL),
(5313, 53, 'KAB. LEMBATA', NULL, NULL),
(5314, 53, 'KAB. ROTE NDAO', NULL, NULL),
(5315, 53, 'KAB. MANGGARAI BARAT', NULL, NULL),
(5316, 53, 'KAB. NAGEKEO', NULL, NULL),
(5317, 53, 'KAB. SUMBA TENGAH', NULL, NULL),
(5318, 53, 'KAB. SUMBA BARAT DAYA', NULL, NULL),
(5319, 53, 'KAB. MANGGARAI TIMUR', NULL, NULL),
(5320, 53, 'KAB. SABU RAIJUA', NULL, NULL),
(5321, 53, 'KAB. MALAKA', NULL, NULL),
(5371, 53, 'KOTA KUPANG', NULL, NULL),
(6101, 61, 'KAB. SAMBAS', NULL, NULL),
(6102, 61, 'KAB. MEMPAWAH', NULL, NULL),
(6103, 61, 'KAB. SANGGAU', NULL, NULL),
(6104, 61, 'KAB. KETAPANG', NULL, NULL),
(6105, 61, 'KAB. SINTANG', NULL, NULL),
(6106, 61, 'KAB. KAPUAS HULU', NULL, NULL),
(6107, 61, 'KAB. BENGKAYANG', NULL, NULL),
(6108, 61, 'KAB. LANDAK', NULL, NULL),
(6109, 61, 'KAB. SEKADAU', NULL, NULL),
(6110, 61, 'KAB. MELAWI', NULL, NULL),
(6111, 61, 'KAB. KAYONG UTARA', NULL, NULL),
(6112, 61, 'KAB. KUBU RAYA', NULL, NULL),
(6171, 61, 'KOTA PONTIANAK', NULL, NULL),
(6172, 61, 'KOTA SINGKAWANG', NULL, NULL),
(6201, 62, 'KAB. KOTAWARINGIN BARAT', NULL, NULL),
(6202, 62, 'KAB. KOTAWARINGIN TIMUR', NULL, NULL),
(6203, 62, 'KAB. KAPUAS', NULL, NULL),
(6204, 62, 'KAB. BARITO SELATAN', NULL, NULL),
(6205, 62, 'KAB. BARITO UTARA', NULL, NULL),
(6206, 62, 'KAB. KATINGAN', NULL, NULL),
(6207, 62, 'KAB. SERUYAN', NULL, NULL),
(6208, 62, 'KAB. SUKAMARA', NULL, NULL),
(6209, 62, 'KAB. LAMANDAU', NULL, NULL),
(6210, 62, 'KAB. GUNUNG MAS', NULL, NULL),
(6211, 62, 'KAB. PULANG PISAU', NULL, NULL),
(6212, 62, 'KAB. MURUNG RAYA', NULL, NULL),
(6213, 62, 'KAB. BARITO TIMUR', NULL, NULL),
(6271, 62, 'KOTA PALANGKARAYA', NULL, NULL),
(6301, 63, 'KAB. TANAH LAUT', NULL, NULL),
(6302, 63, 'KAB. KOTABARU', NULL, NULL),
(6303, 63, 'KAB. BANJAR', NULL, NULL),
(6304, 63, 'KAB. BARITO KUALA', NULL, NULL),
(6305, 63, 'KAB. TAPIN', NULL, NULL),
(6306, 63, 'KAB. HULU SUNGAI SELATAN', NULL, NULL),
(6307, 63, 'KAB. HULU SUNGAI TENGAH', NULL, NULL),
(6308, 63, 'KAB. HULU SUNGAI UTARA', NULL, NULL),
(6309, 63, 'KAB. TABALONG', NULL, NULL),
(6310, 63, 'KAB. TANAH BUMBU', NULL, NULL),
(6311, 63, 'KAB. BALANGAN', NULL, NULL),
(6371, 63, 'KOTA BANJARMASIN', NULL, NULL),
(6372, 63, 'KOTA BANJARBARU', NULL, NULL),
(6401, 64, 'KAB. PASER', NULL, NULL),
(6402, 64, 'KAB. KUTAI KARTANEGARA', NULL, NULL),
(6403, 64, 'KAB. BERAU', NULL, NULL),
(6407, 64, 'KAB. KUTAI BARAT', NULL, NULL),
(6408, 64, 'KAB. KUTAI TIMUR', NULL, NULL),
(6409, 64, 'KAB. PENAJAM PASER UTARA', NULL, NULL),
(6411, 64, 'KAB. MAHAKAM ULU', NULL, NULL),
(6471, 64, 'KOTA BALIKPAPAN', NULL, NULL),
(6472, 64, 'KOTA SAMARINDA', NULL, NULL),
(6474, 64, 'KOTA BONTANG', NULL, NULL),
(6501, 65, 'KAB. BULUNGAN', NULL, NULL),
(6502, 65, 'KAB. MALINAU', NULL, NULL),
(6503, 65, 'KAB. NUNUKAN', NULL, NULL),
(6504, 65, 'KAB. TANA TIDUNG', NULL, NULL),
(6571, 65, 'KOTA TARAKAN', NULL, NULL),
(7101, 71, 'KAB. BOLAANG MONGONDOW', NULL, NULL),
(7102, 71, 'KAB. MINAHASA', NULL, NULL),
(7103, 71, 'KAB. KEPULAUAN SANGIHE', NULL, NULL),
(7104, 71, 'KAB. KEPULAUAN TALAUD', NULL, NULL),
(7105, 71, 'KAB. MINAHASA SELATAN', NULL, NULL),
(7106, 71, 'KAB. MINAHASA UTARA', NULL, NULL),
(7107, 71, 'KAB. MINAHASA TENGGARA', NULL, NULL),
(7108, 71, 'KAB. BOLAANG MONGONDOW UTARA', NULL, NULL),
(7109, 71, 'KAB. KEP. SIAU TAGULANDANG BIARO', NULL, NULL),
(7110, 71, 'KAB. BOLAANG MONGONDOW TIMUR', NULL, NULL),
(7111, 71, 'KAB. BOLAANG MONGONDOW SELATAN', NULL, NULL),
(7171, 71, 'KOTA MANADO', NULL, NULL),
(7172, 71, 'KOTA BITUNG', NULL, NULL),
(7173, 71, 'KOTA TOMOHON', NULL, NULL),
(7174, 71, 'KOTA KOTAMOBAGU', NULL, NULL),
(7201, 72, 'KAB. BANGGAI', NULL, NULL),
(7202, 72, 'KAB. POSO', NULL, NULL),
(7203, 72, 'KAB. DONGGALA', NULL, NULL),
(7204, 72, 'KAB. TOLI TOLI', NULL, NULL),
(7205, 72, 'KAB. BUOL', NULL, NULL),
(7206, 72, 'KAB. MOROWALI', NULL, NULL),
(7207, 72, 'KAB. BANGGAI KEPULAUAN', NULL, NULL),
(7208, 72, 'KAB. PARIGI MOUTONG', NULL, NULL),
(7209, 72, 'KAB. TOJO UNA UNA', NULL, NULL),
(7210, 72, 'KAB. SIGI', NULL, NULL),
(7211, 72, 'KAB. BANGGAI LAUT', NULL, NULL),
(7212, 72, 'KAB. MOROWALI UTARA', NULL, NULL),
(7271, 72, 'KOTA PALU', NULL, NULL),
(7301, 73, 'KAB. KEPULAUAN SELAYAR', NULL, NULL),
(7302, 73, 'KAB. BULUKUMBA', NULL, NULL),
(7303, 73, 'KAB. BANTAENG', NULL, NULL),
(7304, 73, 'KAB. JENEPONTO', NULL, NULL),
(7305, 73, 'KAB. TAKALAR', NULL, NULL),
(7306, 73, 'KAB. GOWA', NULL, NULL),
(7307, 73, 'KAB. SINJAI', NULL, NULL),
(7308, 73, 'KAB. BONE', NULL, NULL),
(7309, 73, 'KAB. MAROS', NULL, NULL),
(7310, 73, 'KAB. PANGKAJENE KEPULAUAN', NULL, NULL),
(7311, 73, 'KAB. BARRU', NULL, NULL),
(7312, 73, 'KAB. SOPPENG', NULL, NULL),
(7313, 73, 'KAB. WAJO', NULL, NULL),
(7314, 73, 'KAB. SIDENRENG RAPPANG', NULL, NULL),
(7315, 73, 'KAB. PINRANG', NULL, NULL),
(7316, 73, 'KAB. ENREKANG', NULL, NULL),
(7317, 73, 'KAB. LUWU', NULL, NULL),
(7318, 73, 'KAB. TANA TORAJA', NULL, NULL),
(7322, 73, 'KAB. LUWU UTARA', NULL, NULL),
(7324, 73, 'KAB. LUWU TIMUR', NULL, NULL),
(7326, 73, 'KAB. TORAJA UTARA', NULL, NULL),
(7371, 73, 'KOTA MAKASSAR', NULL, NULL),
(7372, 73, 'KOTA PARE PARE', NULL, NULL),
(7373, 73, 'KOTA PALOPO', NULL, NULL),
(7401, 74, 'KAB. KOLAKA', NULL, NULL),
(7402, 74, 'KAB. KONAWE', NULL, NULL),
(7403, 74, 'KAB. MUNA', NULL, NULL),
(7404, 74, 'KAB. BUTON', NULL, NULL),
(7405, 74, 'KAB. KONAWE SELATAN', NULL, NULL),
(7406, 74, 'KAB. BOMBANA', NULL, NULL),
(7407, 74, 'KAB. WAKATOBI', NULL, NULL),
(7408, 74, 'KAB. KOLAKA UTARA', NULL, NULL),
(7409, 74, 'KAB. KONAWE UTARA', NULL, NULL),
(7410, 74, 'KAB. BUTON UTARA', NULL, NULL),
(7411, 74, 'KAB. KOLAKA TIMUR', NULL, NULL),
(7412, 74, 'KAB. KONAWE KEPULAUAN', NULL, NULL),
(7413, 74, 'KAB. MUNA BARAT', NULL, NULL),
(7414, 74, 'KAB. BUTON TENGAH', NULL, NULL),
(7415, 74, 'KAB. BUTON SELATAN', NULL, NULL),
(7471, 74, 'KOTA KENDARI', NULL, NULL),
(7472, 74, 'KOTA BAU BAU', NULL, NULL),
(7501, 75, 'KAB. GORONTALO', NULL, NULL),
(7502, 75, 'KAB. BOALEMO', NULL, NULL),
(7503, 75, 'KAB. BONE BOLANGO', NULL, NULL),
(7504, 75, 'KAB. POHUWATO', NULL, NULL),
(7505, 75, 'KAB. GORONTALO UTARA', NULL, NULL),
(7571, 75, 'KOTA GORONTALO', NULL, NULL),
(7601, 76, 'KAB. PASANGKAYU', NULL, NULL),
(7602, 76, 'KAB. MAMUJU', NULL, NULL),
(7603, 76, 'KAB. MAMASA', NULL, NULL),
(7604, 76, 'KAB. POLEWALI MANDAR', NULL, NULL),
(7605, 76, 'KAB. MAJENE', NULL, NULL),
(7606, 76, 'KAB. MAMUJU TENGAH', NULL, NULL),
(8101, 81, 'KAB. MALUKU TENGAH', NULL, NULL),
(8102, 81, 'KAB. MALUKU TENGGARA', NULL, NULL),
(8103, 81, 'KAB. KEPULAUAN TANIMBAR', NULL, NULL),
(8104, 81, 'KAB. BURU', NULL, NULL),
(8105, 81, 'KAB. SERAM BAGIAN TIMUR', NULL, NULL),
(8106, 81, 'KAB. SERAM BAGIAN BARAT', NULL, NULL),
(8107, 81, 'KAB. KEPULAUAN ARU', NULL, NULL),
(8108, 81, 'KAB. MALUKU BARAT DAYA', NULL, NULL),
(8109, 81, 'KAB. BURU SELATAN', NULL, NULL),
(8171, 81, 'KOTA AMBON', NULL, NULL),
(8172, 81, 'KOTA TUAL', NULL, NULL),
(8201, 82, 'KAB. HALMAHERA BARAT', NULL, NULL),
(8202, 82, 'KAB. HALMAHERA TENGAH', NULL, NULL),
(8203, 82, 'KAB. HALMAHERA UTARA', NULL, NULL),
(8204, 82, 'KAB. HALMAHERA SELATAN', NULL, NULL),
(8205, 82, 'KAB. KEPULAUAN SULA', NULL, NULL),
(8206, 82, 'KAB. HALMAHERA TIMUR', NULL, NULL),
(8207, 82, 'KAB. PULAU MOROTAI', NULL, NULL),
(8208, 82, 'KAB. PULAU TALIABU', NULL, NULL),
(8271, 82, 'KOTA TERNATE', NULL, NULL),
(8272, 82, 'KOTA TIDORE KEPULAUAN', NULL, NULL),
(9103, 91, 'KAB. JAYAPURA', NULL, NULL),
(9105, 91, 'KAB. KEPULAUAN YAPEN', NULL, NULL),
(9106, 91, 'KAB. BIAK NUMFOR', NULL, NULL),
(9110, 91, 'KAB. SARMI', NULL, NULL),
(9111, 91, 'KAB. KEEROM', NULL, NULL),
(9115, 91, 'KAB. WAROPEN', NULL, NULL),
(9119, 91, 'KAB. SUPIORI', NULL, NULL),
(9120, 91, 'KAB. MAMBERAMO RAYA', NULL, NULL),
(9171, 91, 'KOTA JAYAPURA', NULL, NULL),
(9201, 92, 'KAB. SORONG', NULL, NULL),
(9202, 92, 'KAB. MANOKWARI', NULL, NULL),
(9203, 92, 'KAB. FAK FAK', NULL, NULL),
(9204, 92, 'KAB. SORONG SELATAN', NULL, NULL),
(9205, 92, 'KAB. RAJA AMPAT', NULL, NULL),
(9206, 92, 'KAB. TELUK BINTUNI', NULL, NULL),
(9207, 92, 'KAB. TELUK WONDAMA', NULL, NULL),
(9208, 92, 'KAB. KAIMANA', NULL, NULL),
(9209, 92, 'KAB. TAMBRAUW', NULL, NULL),
(9210, 92, 'KAB. MAYBRAT', NULL, NULL),
(9211, 92, 'KAB. MANOKWARI SELATAN', NULL, NULL),
(9212, 92, 'KAB. PEGUNUNGAN ARFAK', NULL, NULL),
(9271, 92, 'KOTA SORONG', NULL, NULL),
(9301, 93, 'KAB. MERAUKE', NULL, NULL),
(9302, 93, 'KAB. BOVEN DIGOEL', NULL, NULL),
(9303, 93, 'KAB. MAPPI', NULL, NULL),
(9304, 93, 'KAB. ASMAT', NULL, NULL),
(9401, 94, 'KAB. NABIRE', NULL, NULL),
(9402, 94, 'KAB. PUNCAK JAYA', NULL, NULL),
(9403, 94, 'KAB. PANIAI', NULL, NULL),
(9404, 94, 'KAB. MIMIKA', NULL, NULL),
(9405, 94, 'KAB. PUNCAK', NULL, NULL),
(9406, 94, 'KAB. DOGIYAI', NULL, NULL),
(9407, 94, 'KAB. INTAN JAYA', NULL, NULL),
(9408, 94, 'KAB. DEIYAI', NULL, NULL),
(9501, 95, 'KAB. JAYAWIJAYA', NULL, NULL),
(9502, 95, 'KAB. PEGUNUNGAN BINTANG', NULL, NULL),
(9503, 95, 'KAB. YAHUKIMO', NULL, NULL),
(9504, 95, 'KAB. TOLIKARA', NULL, NULL),
(9505, 95, 'KAB. MAMBERAMO TENGAH', NULL, NULL),
(9506, 95, 'KAB. YALIMO', NULL, NULL),
(9507, 95, 'KAB. LANNY JAYA', NULL, NULL),
(9508, 95, 'KAB. NDUGA', NULL, NULL);

-- --------------------------------------------------------

--
-- Table structure for table `reserve_fees`
--

CREATE TABLE `reserve_fees` (
  `id` bigint(20) UNSIGNED NOT NULL,
  `duration` int(11) DEFAULT NULL,
  `price` varchar(12) DEFAULT NULL,
  `min_user` int(11) DEFAULT NULL,
  `max_user` int(11) DEFAULT NULL,
  `created_at` timestamp NULL DEFAULT NULL,
  `updated_at` timestamp NULL DEFAULT NULL
) ENGINE=InnoDB DEFAULT CHARSET=utf8mb4 COLLATE=utf8mb4_unicode_ci;

--
-- Dumping data for table `reserve_fees`
--

INSERT INTO `reserve_fees` (`id`, `duration`, `price`, `min_user`, `max_user`, `created_at`, `updated_at`) VALUES
(1, 1, '50000', 1, 25, '2024-12-04 09:45:57', '2024-12-05 06:03:07'),
(2, 1, '40000', 26, 55, '2024-12-04 09:59:48', '2024-12-05 06:03:34'),
(6, 2, '40000', 1, 30, '2024-12-10 10:38:16', '2024-12-10 10:43:40'),
(7, 2, '35000', 31, 55, '2024-12-10 10:44:15', '2024-12-10 10:44:15'),
(8, 3, '35000', 1, 30, '2024-12-11 11:12:18', '2024-12-11 11:12:18'),
(9, 3, '30000', 31, 55, '2024-12-11 11:13:22', '2024-12-11 11:13:22'),
(10, 4, '30000', 1, 30, '2024-12-12 00:50:51', '2024-12-12 00:50:51'),
(11, 4, '25000', 31, 55, '2024-12-12 00:51:09', '2024-12-12 00:51:09');

-- --------------------------------------------------------

--
-- Table structure for table `roles`
--

CREATE TABLE `roles` (
  `id` bigint(20) UNSIGNED NOT NULL,
  `name` varchar(255) NOT NULL,
  `guard_name` varchar(255) NOT NULL,
  `created_at` timestamp NULL DEFAULT NULL,
  `updated_at` timestamp NULL DEFAULT NULL
) ENGINE=InnoDB DEFAULT CHARSET=utf8mb4 COLLATE=utf8mb4_unicode_ci;

--
-- Dumping data for table `roles`
--

INSERT INTO `roles` (`id`, `name`, `guard_name`, `created_at`, `updated_at`) VALUES
(1, 'Super Admin', 'web', '2025-01-04 10:16:55', '2025-01-04 10:16:55'),
(2, 'Admin', 'web', '2025-01-04 10:17:08', '2025-01-04 10:17:08'),
(3, 'Accounting', 'web', '2025-01-04 10:17:25', '2025-01-04 10:17:25'),
(7, 'Tour Planner', 'web', '2025-01-05 03:59:04', '2025-01-05 03:59:04'),
(12, 'Agen', 'web', '2025-01-05 08:23:09', '2025-01-05 08:23:09'),
(13, 'View Admin', 'web', '2025-02-24 21:30:00', '2025-02-24 21:30:00');

-- --------------------------------------------------------

--
-- Table structure for table `role_has_permissions`
--

CREATE TABLE `role_has_permissions` (
  `permission_id` bigint(20) UNSIGNED NOT NULL,
  `role_id` bigint(20) UNSIGNED NOT NULL
) ENGINE=InnoDB DEFAULT CHARSET=utf8mb4 COLLATE=utf8mb4_unicode_ci;

--
-- Dumping data for table `role_has_permissions`
--

INSERT INTO `role_has_permissions` (`permission_id`, `role_id`) VALUES
(1, 1),
(1, 2),
(1, 13),
(2, 1),
(2, 2),
(2, 13),
(3, 1),
(3, 2),
(4, 1),
(4, 2),
(5, 1),
(6, 1),
(6, 2),
(6, 13),
(7, 1),
(7, 2),
(7, 3),
(7, 12),
(7, 13),
(8, 1),
(8, 2),
(8, 3),
(8, 12),
(8, 13),
(9, 1),
(9, 2),
(9, 3),
(9, 12),
(10, 1),
(10, 2),
(10, 3),
(11, 1),
(12, 1),
(12, 2),
(12, 3),
(12, 12),
(12, 13),
(13, 1),
(13, 2),
(13, 7),
(13, 12),
(13, 13),
(14, 1),
(14, 2),
(14, 7),
(14, 12),
(14, 13),
(15, 1),
(15, 2),
(15, 7),
(16, 1),
(16, 2),
(16, 7),
(17, 1),
(18, 1),
(18, 2),
(18, 7),
(18, 12),
(19, 1),
(19, 2),
(19, 7),
(19, 13),
(20, 1),
(20, 2),
(20, 7),
(20, 13),
(21, 1),
(21, 2),
(21, 7),
(22, 1),
(22, 2),
(22, 7),
(23, 1),
(24, 1),
(24, 2),
(24, 7),
(24, 13),
(25, 1),
(25, 2),
(25, 13),
(26, 1),
(26, 2),
(26, 13),
(27, 1),
(28, 1),
(29, 1),
(31, 1),
(31, 2),
(31, 13),
(35, 1),
(35, 2),
(35, 13),
(36, 1),
(36, 2),
(36, 13),
(37, 1),
(38, 1),
(39, 1),
(40, 1),
(40, 13),
(41, 1),
(41, 2),
(41, 13),
(42, 1),
(42, 2),
(42, 13),
(43, 1),
(43, 2),
(43, 13),
(44, 1),
(44, 2),
(45, 1),
(46, 1),
(48, 1),
(48, 2),
(48, 7),
(49, 1),
(49, 2),
(49, 7),
(49, 13),
(50, 1),
(50, 2),
(50, 7),
(50, 13),
(51, 1),
(51, 2),
(51, 7),
(51, 13),
(52, 1),
(52, 2),
(52, 7),
(53, 1),
(53, 2),
(54, 1),
(55, 1),
(55, 2),
(55, 7),
(55, 13),
(56, 1),
(56, 2),
(56, 7),
(57, 1),
(57, 2),
(57, 7),
(58, 1),
(59, 1),
(59, 2),
(59, 7),
(59, 13),
(60, 1),
(60, 2),
(60, 7),
(61, 1),
(61, 2),
(62, 1),
(63, 1),
(63, 2),
(63, 7),
(63, 13),
(64, 1),
(64, 2),
(64, 7),
(65, 1),
(65, 2),
(65, 7),
(66, 1),
(67, 1),
(68, 1),
(69, 1),
(69, 13),
(70, 1),
(70, 2),
(70, 13),
(71, 1),
(71, 2),
(71, 3),
(71, 12),
(71, 13),
(72, 1),
(72, 2),
(72, 7),
(72, 13),
(73, 1),
(73, 2),
(73, 7),
(73, 13),
(74, 1),
(74, 2),
(74, 7),
(74, 13),
(75, 1),
(75, 13),
(76, 1),
(76, 2),
(76, 7),
(76, 13),
(77, 1),
(77, 13),
(78, 1),
(78, 2),
(78, 7),
(78, 13),
(79, 1),
(79, 2),
(79, 7),
(79, 13),
(80, 1),
(80, 13),
(81, 1),
(82, 1),
(83, 1),
(84, 1),
(84, 13),
(85, 1),
(85, 13),
(86, 1),
(86, 13),
(89, 1),
(89, 13),
(90, 1),
(91, 1),
(92, 1),
(93, 1),
(93, 13),
(94, 1),
(94, 13),
(95, 1),
(95, 13);

-- --------------------------------------------------------

--
-- Table structure for table `service_fees`
--

CREATE TABLE `service_fees` (
  `id` bigint(20) UNSIGNED NOT NULL,
  `duration` varchar(255) NOT NULL,
  `mark` varchar(4) NOT NULL,
  `created_at` timestamp NULL DEFAULT NULL,
  `updated_at` timestamp NULL DEFAULT NULL
) ENGINE=InnoDB DEFAULT CHARSET=utf8mb4 COLLATE=utf8mb4_unicode_ci;

--
-- Dumping data for table `service_fees`
--

INSERT INTO `service_fees` (`id`, `duration`, `mark`, `created_at`, `updated_at`) VALUES
(1, '1', '0.08', '2024-11-27 05:29:19', '2024-12-05 06:06:51'),
(2, '2', '0.08', '2024-11-27 05:34:13', '2024-12-05 05:49:53'),
(3, '3', '0.08', '2024-11-27 05:34:25', '2024-12-05 06:07:13'),
(4, '4', '0.06', '2024-11-27 05:34:42', '2024-12-05 05:50:18'),
(5, '5', '0.05', '2024-11-27 05:34:58', '2024-12-05 05:50:27'),
(7, '6', '0.04', '2024-12-04 10:07:15', '2024-12-04 10:07:15');

-- --------------------------------------------------------

--
-- Table structure for table `sessions`
--

CREATE TABLE `sessions` (
  `id` varchar(255) NOT NULL,
  `user_id` bigint(20) UNSIGNED DEFAULT NULL,
  `ip_address` varchar(45) DEFAULT NULL,
  `user_agent` text DEFAULT NULL,
  `payload` longtext NOT NULL,
  `last_activity` int(11) NOT NULL
) ENGINE=InnoDB DEFAULT CHARSET=utf8mb4 COLLATE=utf8mb4_unicode_ci;

--
-- Dumping data for table `sessions`
--

INSERT INTO `sessions` (`id`, `user_id`, `ip_address`, `user_agent`, `payload`, `last_activity`) VALUES
('5CcDnc1kzrKaTS6ML5zcOoL5W2NJ6fN5wkQ4clKs', NULL, '127.0.0.1', 'Mozilla/5.0 (X11; Linux x86_64) AppleWebKit/537.36 (KHTML, like Gecko) Chrome/133.0.0.0 Safari/537.36', 'YTozOntzOjY6Il90b2tlbiI7czo0MDoidlRNT3h5WTVOS2haV0paMFE4R0pEM2o4S1VvR1lHVWljeUd1YnpIWiI7czo5OiJfcHJldmlvdXMiO2E6MTp7czozOiJ1cmwiO3M6Mjc6Imh0dHA6Ly9sb2NhbGhvc3Q6ODAwMS9sb2dpbiI7fXM6NjoiX2ZsYXNoIjthOjI6e3M6Mzoib2xkIjthOjA6e31zOjM6Im5ldyI7YTowOnt9fX0=', 1741042212),
('8JvhnYtrsiYC0LEtPcU58VmdbvZL9mDBMX3ZFQA9', 1, '127.0.0.1', 'Mozilla/5.0 (X11; Linux x86_64) AppleWebKit/537.36 (KHTML, like Gecko) Chrome/133.0.0.0 Safari/537.36', 'YTo1OntzOjY6Il90b2tlbiI7czo0MDoiOVhmVU5VSlE0NTR6Q2liMnQ1blJDMTBQd2pTN1V5YjZ5QlQ5THUxdCI7czozOiJ1cmwiO2E6MDp7fXM6OToiX3ByZXZpb3VzIjthOjE6e3M6MzoidXJsIjtzOjM3OiJodHRwOi8vMTI3LjAuMC4xOjgwMDEvYWxsL2FjY291bnRpbmdzIjt9czo2OiJfZmxhc2giO2E6Mjp7czozOiJvbGQiO2E6MDp7fXM6MzoibmV3IjthOjA6e319czo1MDoibG9naW5fd2ViXzU5YmEzNmFkZGMyYjJmOTQwMTU4MGYwMTRjN2Y1OGVhNGUzMDk4OWQiO2k6MTt9', 1741072622),
('DxHI59a9iRmUqt54MZ8nIfBnwOW9V9a9DbYJ7ejQ', 1, '127.0.0.1', 'Mozilla/5.0 (X11; Linux x86_64) AppleWebKit/537.36 (KHTML, like Gecko) Chrome/133.0.0.0 Safari/537.36', 'YTo1OntzOjY6Il90b2tlbiI7czo0MDoieGxXdHY0Q3VNODZubUVqT0NiTkZKanhHaUREOEVKZEtkVGw4dnNlbSI7czozOiJ1cmwiO2E6MDp7fXM6OToiX3ByZXZpb3VzIjthOjE6e3M6MzoidXJsIjtzOjQ2OiJodHRwOi8vMTI3LjAuMC4xOjgwMDEvY2FsY3VsYXRlL2N1c3RvbS1wYWNrYWdlIjt9czo2OiJfZmxhc2giO2E6Mjp7czozOiJvbGQiO2E6MDp7fXM6MzoibmV3IjthOjA6e319czo1MDoibG9naW5fd2ViXzU5YmEzNmFkZGMyYjJmOTQwMTU4MGYwMTRjN2Y1OGVhNGUzMDk4OWQiO2k6MTt9', 1740952200),
('FmJPzl3iZJhACfitruiAoZFaaJCh41h75RI1TiYB', NULL, '127.0.0.1', 'Mozilla/5.0 (X11; Linux x86_64) AppleWebKit/537.36 (KHTML, like Gecko) Chrome/133.0.0.0 Safari/537.36', 'YTo0OntzOjY6Il90b2tlbiI7czo0MDoiaHVzMkYyNkV6WE5wQ1FoMk5jT0hzOTdpSEJndk96VkJtU1g4dWIyZCI7czozOiJ1cmwiO2E6MTp7czo4OiJpbnRlbmRlZCI7czo0NjoiaHR0cDovLzEyNy4wLjAuMTo4MDAxL2NhbGN1bGF0ZS9jdXN0b20tcGFja2FnZSI7fXM6OToiX3ByZXZpb3VzIjthOjE6e3M6MzoidXJsIjtzOjI3OiJodHRwOi8vMTI3LjAuMC4xOjgwMDEvbG9naW4iO31zOjY6Il9mbGFzaCI7YToyOntzOjM6Im9sZCI7YTowOnt9czozOiJuZXciO2E6MDp7fX19', 1741085037),
('jHMlYU9f9FlmMUy4PXL7OzFZjZASnq7iYbwuUE1y', 1, '127.0.0.1', 'Mozilla/5.0 (X11; Linux x86_64) AppleWebKit/537.36 (KHTML, like Gecko) Chrome/133.0.0.0 Safari/537.36', 'YTo0OntzOjY6Il90b2tlbiI7czo0MDoiRG1lN2tQdUdTbGc1SHFnU3o3QUFVSUpPc1ExRjRtZVBXU0QzWDNoSSI7czo5OiJfcHJldmlvdXMiO2E6MTp7czozOiJ1cmwiO3M6Mzc6Imh0dHA6Ly8xMjcuMC4wLjE6ODAwMS9hZG1pbi9kYXNoYm9hcmQiO31zOjY6Il9mbGFzaCI7YToyOntzOjM6Im9sZCI7YTowOnt9czozOiJuZXciO2E6MDp7fX1zOjUwOiJsb2dpbl93ZWJfNTliYTM2YWRkYzJiMmY5NDAxNTgwZjAxNGM3ZjU4ZWE0ZTMwOTg5ZCI7aToxO30=', 1741247507),
('kWr7anl0Chzrsijm3ABBcbwqzZYQtbBfiUHnbJKp', NULL, '127.0.0.1', 'Mozilla/5.0 (X11; Linux x86_64) AppleWebKit/537.36 (KHTML, like Gecko) Chrome/133.0.0.0 Safari/537.36', 'YToyOntzOjY6Il90b2tlbiI7czo0MDoic00wNWZzQlRlazV0SHNwbEI5WUlGd25SODRBODQyMHRuRUszaVRFdCI7czo2OiJfZmxhc2giO2E6Mjp7czozOiJvbGQiO2E6MDp7fXM6MzoibmV3IjthOjA6e319fQ==', 1741017707),
('OZE16o9zXnmb5CwF0BKgOQSeqcvkTdfA74Sfd3Jf', 1, '127.0.0.1', 'Mozilla/5.0 (X11; Linux x86_64) AppleWebKit/537.36 (KHTML, like Gecko) Chrome/133.0.0.0 Safari/537.36', 'YTo0OntzOjY6Il90b2tlbiI7czo0MDoibjZyN09zUnkybWgyRUZhc3BOUmNTb203aFpESkJqNWdiNW5Fem9GOCI7czo2OiJfZmxhc2giO2E6Mjp7czozOiJvbGQiO2E6MDp7fXM6MzoibmV3IjthOjA6e319czo5OiJfcHJldmlvdXMiO2E6MTp7czozOiJ1cmwiO3M6MzQ6Imh0dHA6Ly8xMjcuMC4wLjE6ODAwMS9hbGwvYm9va2luZ3MiO31zOjUwOiJsb2dpbl93ZWJfNTliYTM2YWRkYzJiMmY5NDAxNTgwZjAxNGM3ZjU4ZWE0ZTMwOTg5ZCI7aToxO30=', 1741047301),
('q86VoZ7nFzhD9wCK4WMRjb8ZvMWe3E9Imbf5FWJy', 1, '127.0.0.1', 'Mozilla/5.0 (X11; Linux x86_64) AppleWebKit/537.36 (KHTML, like Gecko) Chrome/133.0.0.0 Safari/537.36', 'YTo1OntzOjY6Il90b2tlbiI7czo0MDoiN3dnNTY2Q0dVYm9jRnc3RHhGaXFFWWI2a0lCSWg1QmoyMk45dTFOZSI7czozOiJ1cmwiO2E6MDp7fXM6OToiX3ByZXZpb3VzIjthOjE6e3M6MzoidXJsIjtzOjM3OiJodHRwOi8vMTI3LjAuMC4xOjgwMDEvYWxsL2FjY291bnRpbmdzIjt9czo2OiJfZmxhc2giO2E6Mjp7czozOiJvbGQiO2E6MDp7fXM6MzoibmV3IjthOjA6e319czo1MDoibG9naW5fd2ViXzU5YmEzNmFkZGMyYjJmOTQwMTU4MGYwMTRjN2Y1OGVhNGUzMDk4OWQiO2k6MTt9', 1740941600),
('t7P8enXOLHcBjmKFCc4K7LJ2ye9GuLJokcg8sz4j', NULL, '::1', 'Mozilla/5.0 (X11; Linux x86_64) AppleWebKit/537.36 (KHTML, like Gecko) Chrome/133.0.0.0 Safari/537.36', 'YTozOntzOjY6Il90b2tlbiI7czo0MDoiTU5xUjJ6V28yYUJJbVZiRUZKZ0FCb1oyQnJwNG0xNnd2TkpqVWo3ZCI7czo5OiJfcHJldmlvdXMiO2E6MTp7czozOiJ1cmwiO3M6MjE6Imh0dHA6Ly9sb2NhbGhvc3Q6ODAwMSI7fXM6NjoiX2ZsYXNoIjthOjI6e3M6Mzoib2xkIjthOjA6e31zOjM6Im5ldyI7YTowOnt9fX0=', 1741241255),
('Up6zyH6ukwQFUOzyMXf3AKokDBLftTML9A421BSM', 1, '127.0.0.1', 'Mozilla/5.0 (X11; Linux x86_64) AppleWebKit/537.36 (KHTML, like Gecko) Chrome/133.0.0.0 Safari/537.36', 'YTo1OntzOjY6Il90b2tlbiI7czo0MDoidENraWV2NEhYREIwaVgzNWNrUk9ZZGhpTTFra3MwWmUybTZ1cVpuaCI7czozOiJ1cmwiO2E6MDp7fXM6OToiX3ByZXZpb3VzIjthOjE6e3M6MzoidXJsIjtzOjM3OiJodHRwOi8vMTI3LjAuMC4xOjgwMDEvYWxsL2FjY291bnRpbmdzIjt9czo2OiJfZmxhc2giO2E6Mjp7czozOiJvbGQiO2E6MDp7fXM6MzoibmV3IjthOjA6e319czo1MDoibG9naW5fd2ViXzU5YmEzNmFkZGMyYjJmOTQwMTU4MGYwMTRjN2Y1OGVhNGUzMDk4OWQiO2k6MTt9', 1740972562),
('x66yL0rzhQhw50c8CGb364mnLNxch7GWx3gLJ6Ai', NULL, '::1', 'Mozilla/5.0 (X11; Linux x86_64) AppleWebKit/537.36 (KHTML, like Gecko) Chrome/133.0.0.0 Safari/537.36', 'YTozOntzOjY6Il90b2tlbiI7czo0MDoiYjBZVFZDb1psS1ByZ2JTREZJWGVXY2wwWTRXc2k5RWhIVHpsMDZiRiI7czo5OiJfcHJldmlvdXMiO2E6MTp7czozOiJ1cmwiO3M6NDY6Imh0dHA6Ly9jNjU3LTI3LTEyNC05NS0xNzMubmdyb2stZnJlZS5hcHAvbG9naW4iO31zOjY6Il9mbGFzaCI7YToyOntzOjM6Im9sZCI7YTowOnt9czozOiJuZXciO2E6MDp7fX19', 1741241272);

-- --------------------------------------------------------

--
-- Table structure for table `users`
--

CREATE TABLE `users` (
  `id` bigint(20) UNSIGNED NOT NULL,
  `name` varchar(255) NOT NULL,
  `username` varchar(255) NOT NULL,
  `email` varchar(255) NOT NULL,
  `email_verified_at` timestamp NULL DEFAULT NULL,
  `password` varchar(255) NOT NULL,
  `photo` varchar(255) DEFAULT NULL,
  `phone` varchar(255) DEFAULT NULL,
  `address` text DEFAULT NULL,
  `company` varchar(255) DEFAULT NULL,
  `norek` varchar(255) DEFAULT NULL,
  `bank` varchar(255) DEFAULT NULL,
  `role` enum('admin','agen') NOT NULL DEFAULT 'agen',
  `status` enum('active','inactive') NOT NULL DEFAULT 'active',
  `remember_token` varchar(100) DEFAULT NULL,
  `created_at` timestamp NULL DEFAULT NULL,
  `updated_at` timestamp NULL DEFAULT NULL
) ENGINE=InnoDB DEFAULT CHARSET=utf8mb4 COLLATE=utf8mb4_unicode_ci;

--
-- Dumping data for table `users`
--

INSERT INTO `users` (`id`, `name`, `username`, `email`, `email_verified_at`, `password`, `photo`, `phone`, `address`, `company`, `norek`, `bank`, `role`, `status`, `remember_token`, `created_at`, `updated_at`) VALUES
(1, 'Shin Sugiono', 'shingiwoo', 'admin@gmail.com', NULL, '$2y$12$xTCTrhLKBPdoVjC5ufJ.FOMMxesGEtZtTV6RGhuw4qXtgJs4HLKwu', '202501150243_Desain tanpa judul_20241211_204805_0000.png', '8123623123', 'Yogyakarta', NULL, '123123123', 'BCA', 'admin', 'active', NULL, NULL, '2025-01-14 19:43:17'),
(2, 'Agen Travel', 'agen1', 'agen1@gmail.com', NULL, '$2y$12$M9r5xG95YL9FI2c96NeeT.IP7dSQmtT3rA83I4prCZFeoPcw33yhO', '202501080901_2.png', '0823423443', 'yogyakarta', NULL, '454234456', 'BCA', 'agen', 'active', NULL, NULL, '2025-01-08 02:37:31'),
(6, 'Dewi Nur Ruqoiyah', 'deyah', 'deyah@gmail.com', NULL, '$2y$12$RN8gXxJ0lIpKssgmBv/bCOe3YaHv5wilMp5LhL5PKvVjl14b33fHS', '202502210509_ama2.jpeg', '8112954989', 'Yogyakarta', 'Travel Istimewa', '5234344', 'BCA', 'agen', 'active', NULL, '2025-01-06 01:34:06', '2025-02-20 22:09:19'),
(8, 'Librah Sugiono', 'Shin', 'librahtourtravel@gmail.com', NULL, '$2y$12$V6Dhwxx6yG7J/KYNUdcjTuE8yYbwGsP.vE82DDWGZGtgvpAenG2Wi', NULL, '85109070660', 'Yogyakarta', NULL, NULL, NULL, 'agen', 'active', NULL, '2025-02-24 01:37:13', '2025-02-24 01:37:38'),
(9, 'hanyalihat', 'view', 'adminview@gmail.com', NULL, '$2y$12$KEKFNW5u6mgsd9AviNRMwOTUXqIQRaLJNdZPjhmqn7OYI42uMvJby', '202502250435_7.png', '5352342346', 'Yogyakarta', NULL, '3431233', 'BCA', 'admin', 'active', NULL, '2025-02-24 21:34:13', '2025-02-24 21:35:57'),
(10, 'Deyah', 'admin', 'gomiku@gmail.com', NULL, '$2y$12$GIbvkj7sNnscHiM9Iw3Vpe5OG6uI2EU5Y6PMg9pZlPKv897YdVP1q', '202502250538_ama2.jpeg', '082221362884', 'Yogyakarta', NULL, '342312312', 'BCA', 'admin', 'active', NULL, '2025-02-24 22:33:20', '2025-02-24 22:38:21');

-- --------------------------------------------------------

--
-- Table structure for table `vehicles`
--

CREATE TABLE `vehicles` (
  `id` bigint(20) UNSIGNED NOT NULL,
  `regency_id` bigint(20) UNSIGNED NOT NULL,
  `name` varchar(255) DEFAULT NULL,
  `type` enum('City Car','Mini Bus','Bus') NOT NULL DEFAULT 'City Car',
  `capacity_min` int(11) DEFAULT NULL,
  `capacity_max` int(11) DEFAULT NULL,
  `price` varchar(255) DEFAULT NULL,
  `status` tinyint(1) NOT NULL DEFAULT 1,
  `created_at` timestamp NULL DEFAULT NULL,
  `updated_at` timestamp NULL DEFAULT NULL
) ENGINE=InnoDB DEFAULT CHARSET=utf8mb4 COLLATE=utf8mb4_unicode_ci;

--
-- Dumping data for table `vehicles`
--

INSERT INTO `vehicles` (`id`, `regency_id`, `name`, `type`, `capacity_min`, `capacity_max`, `price`, `status`, `created_at`, `updated_at`) VALUES
(2, 3471, 'Avanza', 'City Car', 1, 5, '700000', 1, '2024-11-26 21:32:06', '2024-11-26 21:32:06'),
(3, 3471, 'Xenia', 'City Car', 1, 5, '700000', 1, '2024-11-26 21:32:34', '2024-11-26 21:32:34'),
(4, 3471, 'Innova', 'City Car', 1, 6, '900000', 1, '2024-11-26 21:33:06', '2024-12-05 06:04:38'),
(5, 3471, 'Hiace Commuter', 'Mini Bus', 7, 12, '1600000', 1, '2024-11-26 21:33:39', '2024-12-07 23:38:57'),
(6, 3471, 'Hiace Premio', 'Mini Bus', 7, 12, '1700000', 1, '2024-11-26 21:34:12', '2024-12-07 23:39:14'),
(7, 3471, 'Elf Giga', 'Mini Bus', 13, 17, '1700000', 1, '2024-11-26 21:34:49', '2024-12-05 11:07:20'),
(8, 3471, 'Medium Bus', 'Bus', 18, 30, '2600000', 1, '2024-11-26 21:35:33', '2024-12-05 09:39:43'),
(9, 3471, 'Big Bus HD', 'Bus', 31, 45, '3800000', 1, '2024-11-26 21:36:09', '2024-12-05 09:13:54'),
(10, 3471, 'Big Bus SHD', 'Bus', 46, 58, '4500000', 1, '2024-11-26 21:36:40', '2024-12-05 09:14:16'),
(11, 3307, 'Avanza', 'City Car', 1, 5, '900000', 1, '2024-12-12 04:44:31', '2024-12-12 04:44:31'),
(12, 3307, 'Xenia', 'City Car', 1, 5, '900000', 1, '2024-12-12 04:45:14', '2024-12-12 04:45:14'),
(13, 3307, 'Innova', 'City Car', 1, 6, '1200000', 1, '2024-12-12 04:46:12', '2024-12-12 04:46:12'),
(14, 3307, 'Hiace Commuter', 'Mini Bus', 7, 12, '1800000', 1, '2024-12-12 04:48:20', '2024-12-12 04:48:37'),
(15, 3307, 'Hiace Premio', 'Mini Bus', 7, 12, '1900000', 1, '2024-12-12 04:49:33', '2024-12-12 04:49:33'),
(16, 3307, 'Elf Giga', 'Mini Bus', 13, 17, '1900000', 1, '2024-12-12 04:51:04', '2024-12-12 04:51:18'),
(17, 3307, 'Medium Bus', 'Bus', 18, 30, '3400000', 1, '2024-12-12 04:53:25', '2024-12-12 04:55:33'),
(18, 3307, 'Big Bus HD', 'Bus', 31, 45, '4000000', 1, '2024-12-12 04:54:57', '2024-12-12 04:55:14'),
(19, 3307, 'Big Bus SHD', 'Bus', 46, 55, '4800000', 1, '2024-12-12 04:56:14', '2024-12-12 04:56:14'),
(22, 3579, 'Avanza', 'City Car', 1, 5, '700000', 1, '2025-01-04 07:03:38', '2025-03-01 21:34:47'),
(23, 3579, 'Xenia', 'City Car', 1, 5, '700000', 1, '2025-01-04 07:20:32', '2025-03-01 21:34:29'),
(24, 3579, 'Innova', 'City Car', 1, 6, '900000', 1, '2025-01-04 07:20:32', '2025-03-01 21:35:04'),
(25, 3579, 'Hiace Commuter', 'Mini Bus', 7, 12, '1500000', 1, '2025-01-04 07:20:32', '2025-01-04 07:20:32'),
(26, 3579, 'Hiace Premio', 'Mini Bus', 7, 12, '1500000', 1, '2025-01-04 07:20:32', '2025-01-04 07:20:32'),
(27, 3579, 'Elf Giga', 'Mini Bus', 13, 17, '1700000', 1, '2025-01-04 07:20:33', '2025-01-04 07:20:33'),
(28, 3579, 'Medium Bus', 'Bus', 18, 30, '2600000', 1, '2025-01-04 07:20:33', '2025-01-04 07:20:33'),
(29, 3579, 'Big Bus HD', 'Bus', 31, 45, '3800000', 1, '2025-01-04 07:20:33', '2025-01-04 07:20:33'),
(30, 3579, 'Big Bus SHD', 'Bus', 46, 58, '4500000', 1, '2025-01-04 07:20:33', '2025-01-04 07:20:33'),
(31, 3204, 'Big Bus SHD', 'Bus', 46, 58, '4500000', 1, '2025-01-14 04:05:33', '2025-01-14 05:09:50'),
(32, 3174, 'Big Bus SHD', 'Bus', 46, 58, '4500000', 1, '2025-01-14 05:09:19', '2025-01-14 05:10:10'),
(33, 3306, 'Hiace', 'Mini Bus', 7, 12, '2500000', 1, '2025-01-16 19:53:02', '2025-01-16 19:53:02'),
(34, 3374, 'Innova', 'City Car', 1, 6, '1200000', 1, '2025-02-09 09:38:17', '2025-02-09 09:38:17'),
(35, 3471, 'No Transport', 'City Car', 1, 5, '1', 1, '2025-02-25 22:52:07', '2025-02-25 22:52:07'),
(36, 3579, 'Avanza New 2022', 'City Car', 1, 5, '750000', 1, '2025-03-01 21:35:35', '2025-03-01 21:35:35'),
(37, 3471, 'Xpander', 'City Car', 1, 5, '800000', 1, '2025-03-03 23:26:32', '2025-03-03 23:26:32');

--
-- Indexes for dumped tables
--

--
-- Indexes for table `agen_fees`
--
ALTER TABLE `agen_fees`
  ADD PRIMARY KEY (`id`);

--
-- Indexes for table `bookings`
--
ALTER TABLE `bookings`
  ADD PRIMARY KEY (`id`);

--
-- Indexes for table `booking_lists`
--
ALTER TABLE `booking_lists`
  ADD PRIMARY KEY (`id`);

--
-- Indexes for table `cache`
--
ALTER TABLE `cache`
  ADD PRIMARY KEY (`key`);

--
-- Indexes for table `cache_locks`
--
ALTER TABLE `cache_locks`
  ADD PRIMARY KEY (`key`);

--
-- Indexes for table `crews`
--
ALTER TABLE `crews`
  ADD PRIMARY KEY (`id`);

--
-- Indexes for table `customs`
--
ALTER TABLE `customs`
  ADD PRIMARY KEY (`id`);

--
-- Indexes for table `destinations`
--
ALTER TABLE `destinations`
  ADD PRIMARY KEY (`id`);

--
-- Indexes for table `facilities`
--
ALTER TABLE `facilities`
  ADD PRIMARY KEY (`id`);

--
-- Indexes for table `facilities_four_days`
--
ALTER TABLE `facilities_four_days`
  ADD PRIMARY KEY (`id`),
  ADD KEY `facilities_four_days_package_id_foreign` (`package_id`),
  ADD KEY `facilities_four_days_facility_id_foreign` (`facility_id`);

--
-- Indexes for table `facilities_one_days`
--
ALTER TABLE `facilities_one_days`
  ADD PRIMARY KEY (`id`),
  ADD KEY `facilities_one_days_package_id_foreign` (`package_id`),
  ADD KEY `facilities_one_days_facility_id_foreign` (`facility_id`);

--
-- Indexes for table `facilities_three_days`
--
ALTER TABLE `facilities_three_days`
  ADD PRIMARY KEY (`id`),
  ADD KEY `facilities_three_days_package_id_foreign` (`package_id`),
  ADD KEY `facilities_three_days_facility_id_foreign` (`facility_id`);

--
-- Indexes for table `facilities_two_days`
--
ALTER TABLE `facilities_two_days`
  ADD PRIMARY KEY (`id`),
  ADD KEY `facilities_two_days_package_id_foreign` (`package_id`),
  ADD KEY `facilities_two_days_facility_id_foreign` (`facility_id`);

--
-- Indexes for table `failed_jobs`
--
ALTER TABLE `failed_jobs`
  ADD PRIMARY KEY (`id`),
  ADD UNIQUE KEY `failed_jobs_uuid_unique` (`uuid`);

--
-- Indexes for table `hotels`
--
ALTER TABLE `hotels`
  ADD PRIMARY KEY (`id`);

--
-- Indexes for table `invoices`
--
ALTER TABLE `invoices`
  ADD PRIMARY KEY (`id`);

--
-- Indexes for table `jobs`
--
ALTER TABLE `jobs`
  ADD PRIMARY KEY (`id`),
  ADD KEY `jobs_queue_index` (`queue`);

--
-- Indexes for table `job_batches`
--
ALTER TABLE `job_batches`
  ADD PRIMARY KEY (`id`);

--
-- Indexes for table `meals`
--
ALTER TABLE `meals`
  ADD PRIMARY KEY (`id`);

--
-- Indexes for table `migrations`
--
ALTER TABLE `migrations`
  ADD PRIMARY KEY (`id`);

--
-- Indexes for table `model_has_permissions`
--
ALTER TABLE `model_has_permissions`
  ADD PRIMARY KEY (`permission_id`,`model_id`,`model_type`),
  ADD KEY `model_has_permissions_model_id_model_type_index` (`model_id`,`model_type`);

--
-- Indexes for table `model_has_roles`
--
ALTER TABLE `model_has_roles`
  ADD PRIMARY KEY (`role_id`,`model_id`,`model_type`),
  ADD KEY `model_has_roles_model_id_model_type_index` (`model_id`,`model_type`);

--
-- Indexes for table `notifications`
--
ALTER TABLE `notifications`
  ADD PRIMARY KEY (`id`),
  ADD KEY `notifications_notifiable_type_notifiable_id_index` (`notifiable_type`,`notifiable_id`);

--
-- Indexes for table `package_destinations`
--
ALTER TABLE `package_destinations`
  ADD PRIMARY KEY (`id`),
  ADD KEY `package_destinations_package_id_foreign` (`package_id`),
  ADD KEY `package_destinations_destination_id_foreign` (`destination_id`);

--
-- Indexes for table `package_four_days`
--
ALTER TABLE `package_four_days`
  ADD PRIMARY KEY (`id`);

--
-- Indexes for table `package_four_destinations`
--
ALTER TABLE `package_four_destinations`
  ADD PRIMARY KEY (`id`),
  ADD KEY `package_four_destinations_package_id_foreign` (`package_id`),
  ADD KEY `package_four_destinations_destination_id_foreign` (`destination_id`);

--
-- Indexes for table `package_four_prices`
--
ALTER TABLE `package_four_prices`
  ADD PRIMARY KEY (`id`);

--
-- Indexes for table `package_one_days`
--
ALTER TABLE `package_one_days`
  ADD PRIMARY KEY (`id`);

--
-- Indexes for table `package_prices`
--
ALTER TABLE `package_prices`
  ADD PRIMARY KEY (`id`);

--
-- Indexes for table `package_three_days`
--
ALTER TABLE `package_three_days`
  ADD PRIMARY KEY (`id`);

--
-- Indexes for table `package_three_destinations`
--
ALTER TABLE `package_three_destinations`
  ADD PRIMARY KEY (`id`),
  ADD KEY `package_three_destinations_package_id_foreign` (`package_id`),
  ADD KEY `package_three_destinations_destination_id_foreign` (`destination_id`);

--
-- Indexes for table `package_three_prices`
--
ALTER TABLE `package_three_prices`
  ADD PRIMARY KEY (`id`);

--
-- Indexes for table `package_two_days`
--
ALTER TABLE `package_two_days`
  ADD PRIMARY KEY (`id`);

--
-- Indexes for table `package_two_destinations`
--
ALTER TABLE `package_two_destinations`
  ADD PRIMARY KEY (`id`),
  ADD KEY `package_two_destinations_package_id_foreign` (`package_id`),
  ADD KEY `package_two_destinations_destination_id_foreign` (`destination_id`);

--
-- Indexes for table `package_two_prices`
--
ALTER TABLE `package_two_prices`
  ADD PRIMARY KEY (`id`);

--
-- Indexes for table `password_reset_tokens`
--
ALTER TABLE `password_reset_tokens`
  ADD PRIMARY KEY (`email`);

--
-- Indexes for table `permissions`
--
ALTER TABLE `permissions`
  ADD PRIMARY KEY (`id`),
  ADD UNIQUE KEY `permissions_name_guard_name_unique` (`name`,`guard_name`);

--
-- Indexes for table `provinces`
--
ALTER TABLE `provinces`
  ADD PRIMARY KEY (`id`);

--
-- Indexes for table `regencies`
--
ALTER TABLE `regencies`
  ADD PRIMARY KEY (`id`),
  ADD KEY `regencies_province_id_foreign` (`province_id`);

--
-- Indexes for table `reserve_fees`
--
ALTER TABLE `reserve_fees`
  ADD PRIMARY KEY (`id`);

--
-- Indexes for table `roles`
--
ALTER TABLE `roles`
  ADD PRIMARY KEY (`id`),
  ADD UNIQUE KEY `roles_name_guard_name_unique` (`name`,`guard_name`);

--
-- Indexes for table `role_has_permissions`
--
ALTER TABLE `role_has_permissions`
  ADD PRIMARY KEY (`permission_id`,`role_id`),
  ADD KEY `role_has_permissions_role_id_foreign` (`role_id`);

--
-- Indexes for table `service_fees`
--
ALTER TABLE `service_fees`
  ADD PRIMARY KEY (`id`);

--
-- Indexes for table `sessions`
--
ALTER TABLE `sessions`
  ADD PRIMARY KEY (`id`),
  ADD KEY `sessions_user_id_index` (`user_id`),
  ADD KEY `sessions_last_activity_index` (`last_activity`);

--
-- Indexes for table `users`
--
ALTER TABLE `users`
  ADD PRIMARY KEY (`id`),
  ADD UNIQUE KEY `users_username_unique` (`username`),
  ADD UNIQUE KEY `users_email_unique` (`email`);

--
-- Indexes for table `vehicles`
--
ALTER TABLE `vehicles`
  ADD PRIMARY KEY (`id`),
  ADD KEY `regency_id` (`regency_id`);

--
-- AUTO_INCREMENT for dumped tables
--

--
-- AUTO_INCREMENT for table `agen_fees`
--
ALTER TABLE `agen_fees`
  MODIFY `id` bigint(20) UNSIGNED NOT NULL AUTO_INCREMENT, AUTO_INCREMENT=2;

--
-- AUTO_INCREMENT for table `bookings`
--
ALTER TABLE `bookings`
  MODIFY `id` bigint(20) UNSIGNED NOT NULL AUTO_INCREMENT, AUTO_INCREMENT=58;

--
-- AUTO_INCREMENT for table `booking_lists`
--
ALTER TABLE `booking_lists`
  MODIFY `id` bigint(20) UNSIGNED NOT NULL AUTO_INCREMENT, AUTO_INCREMENT=58;

--
-- AUTO_INCREMENT for table `crews`
--
ALTER TABLE `crews`
  MODIFY `id` bigint(20) UNSIGNED NOT NULL AUTO_INCREMENT, AUTO_INCREMENT=8;

--
-- AUTO_INCREMENT for table `customs`
--
ALTER TABLE `customs`
  MODIFY `id` bigint(20) UNSIGNED NOT NULL AUTO_INCREMENT, AUTO_INCREMENT=11;

--
-- AUTO_INCREMENT for table `destinations`
--
ALTER TABLE `destinations`
  MODIFY `id` bigint(20) UNSIGNED NOT NULL AUTO_INCREMENT, AUTO_INCREMENT=220;

--
-- AUTO_INCREMENT for table `facilities`
--
ALTER TABLE `facilities`
  MODIFY `id` bigint(20) UNSIGNED NOT NULL AUTO_INCREMENT, AUTO_INCREMENT=51;

--
-- AUTO_INCREMENT for table `facilities_four_days`
--
ALTER TABLE `facilities_four_days`
  MODIFY `id` bigint(20) UNSIGNED NOT NULL AUTO_INCREMENT, AUTO_INCREMENT=29;

--
-- AUTO_INCREMENT for table `facilities_one_days`
--
ALTER TABLE `facilities_one_days`
  MODIFY `id` bigint(20) UNSIGNED NOT NULL AUTO_INCREMENT, AUTO_INCREMENT=193;

--
-- AUTO_INCREMENT for table `facilities_three_days`
--
ALTER TABLE `facilities_three_days`
  MODIFY `id` bigint(20) UNSIGNED NOT NULL AUTO_INCREMENT, AUTO_INCREMENT=58;

--
-- AUTO_INCREMENT for table `facilities_two_days`
--
ALTER TABLE `facilities_two_days`
  MODIFY `id` bigint(20) UNSIGNED NOT NULL AUTO_INCREMENT, AUTO_INCREMENT=323;

--
-- AUTO_INCREMENT for table `failed_jobs`
--
ALTER TABLE `failed_jobs`
  MODIFY `id` bigint(20) UNSIGNED NOT NULL AUTO_INCREMENT;

--
-- AUTO_INCREMENT for table `hotels`
--
ALTER TABLE `hotels`
  MODIFY `id` bigint(20) UNSIGNED NOT NULL AUTO_INCREMENT, AUTO_INCREMENT=31;

--
-- AUTO_INCREMENT for table `invoices`
--
ALTER TABLE `invoices`
  MODIFY `id` bigint(20) UNSIGNED NOT NULL AUTO_INCREMENT;

--
-- AUTO_INCREMENT for table `jobs`
--
ALTER TABLE `jobs`
  MODIFY `id` bigint(20) UNSIGNED NOT NULL AUTO_INCREMENT;

--
-- AUTO_INCREMENT for table `meals`
--
ALTER TABLE `meals`
  MODIFY `id` bigint(20) UNSIGNED NOT NULL AUTO_INCREMENT, AUTO_INCREMENT=9;

--
-- AUTO_INCREMENT for table `migrations`
--
ALTER TABLE `migrations`
  MODIFY `id` int(10) UNSIGNED NOT NULL AUTO_INCREMENT, AUTO_INCREMENT=47;

--
-- AUTO_INCREMENT for table `package_destinations`
--
ALTER TABLE `package_destinations`
  MODIFY `id` bigint(20) UNSIGNED NOT NULL AUTO_INCREMENT, AUTO_INCREMENT=169;

--
-- AUTO_INCREMENT for table `package_four_days`
--
ALTER TABLE `package_four_days`
  MODIFY `id` bigint(20) UNSIGNED NOT NULL AUTO_INCREMENT, AUTO_INCREMENT=5;

--
-- AUTO_INCREMENT for table `package_four_destinations`
--
ALTER TABLE `package_four_destinations`
  MODIFY `id` bigint(20) UNSIGNED NOT NULL AUTO_INCREMENT, AUTO_INCREMENT=45;

--
-- AUTO_INCREMENT for table `package_four_prices`
--
ALTER TABLE `package_four_prices`
  MODIFY `id` bigint(20) UNSIGNED NOT NULL AUTO_INCREMENT, AUTO_INCREMENT=5;

--
-- AUTO_INCREMENT for table `package_one_days`
--
ALTER TABLE `package_one_days`
  MODIFY `id` bigint(20) UNSIGNED NOT NULL AUTO_INCREMENT, AUTO_INCREMENT=35;

--
-- AUTO_INCREMENT for table `package_prices`
--
ALTER TABLE `package_prices`
  MODIFY `id` bigint(20) UNSIGNED NOT NULL AUTO_INCREMENT, AUTO_INCREMENT=33;

--
-- AUTO_INCREMENT for table `package_three_days`
--
ALTER TABLE `package_three_days`
  MODIFY `id` bigint(20) UNSIGNED NOT NULL AUTO_INCREMENT, AUTO_INCREMENT=12;

--
-- AUTO_INCREMENT for table `package_three_destinations`
--
ALTER TABLE `package_three_destinations`
  MODIFY `id` bigint(20) UNSIGNED NOT NULL AUTO_INCREMENT, AUTO_INCREMENT=91;

--
-- AUTO_INCREMENT for table `package_three_prices`
--
ALTER TABLE `package_three_prices`
  MODIFY `id` bigint(20) UNSIGNED NOT NULL AUTO_INCREMENT, AUTO_INCREMENT=12;

--
-- AUTO_INCREMENT for table `package_two_days`
--
ALTER TABLE `package_two_days`
  MODIFY `id` bigint(20) UNSIGNED NOT NULL AUTO_INCREMENT, AUTO_INCREMENT=46;

--
-- AUTO_INCREMENT for table `package_two_destinations`
--
ALTER TABLE `package_two_destinations`
  MODIFY `id` bigint(20) UNSIGNED NOT NULL AUTO_INCREMENT, AUTO_INCREMENT=302;

--
-- AUTO_INCREMENT for table `package_two_prices`
--
ALTER TABLE `package_two_prices`
  MODIFY `id` bigint(20) UNSIGNED NOT NULL AUTO_INCREMENT, AUTO_INCREMENT=43;

--
-- AUTO_INCREMENT for table `permissions`
--
ALTER TABLE `permissions`
  MODIFY `id` bigint(20) UNSIGNED NOT NULL AUTO_INCREMENT, AUTO_INCREMENT=96;

--
-- AUTO_INCREMENT for table `provinces`
--
ALTER TABLE `provinces`
  MODIFY `id` bigint(20) UNSIGNED NOT NULL AUTO_INCREMENT, AUTO_INCREMENT=96;

--
-- AUTO_INCREMENT for table `regencies`
--
ALTER TABLE `regencies`
  MODIFY `id` bigint(20) UNSIGNED NOT NULL AUTO_INCREMENT, AUTO_INCREMENT=9509;

--
-- AUTO_INCREMENT for table `reserve_fees`
--
ALTER TABLE `reserve_fees`
  MODIFY `id` bigint(20) UNSIGNED NOT NULL AUTO_INCREMENT, AUTO_INCREMENT=12;

--
-- AUTO_INCREMENT for table `roles`
--
ALTER TABLE `roles`
  MODIFY `id` bigint(20) UNSIGNED NOT NULL AUTO_INCREMENT, AUTO_INCREMENT=14;

--
-- AUTO_INCREMENT for table `service_fees`
--
ALTER TABLE `service_fees`
  MODIFY `id` bigint(20) UNSIGNED NOT NULL AUTO_INCREMENT, AUTO_INCREMENT=8;

--
-- AUTO_INCREMENT for table `users`
--
ALTER TABLE `users`
  MODIFY `id` bigint(20) UNSIGNED NOT NULL AUTO_INCREMENT, AUTO_INCREMENT=11;

--
-- AUTO_INCREMENT for table `vehicles`
--
ALTER TABLE `vehicles`
  MODIFY `id` bigint(20) UNSIGNED NOT NULL AUTO_INCREMENT, AUTO_INCREMENT=38;

--
-- Constraints for dumped tables
--

--
-- Constraints for table `facilities_four_days`
--
ALTER TABLE `facilities_four_days`
  ADD CONSTRAINT `facilities_four_days_facility_id_foreign` FOREIGN KEY (`facility_id`) REFERENCES `facilities` (`id`) ON DELETE CASCADE,
  ADD CONSTRAINT `facilities_four_days_package_id_foreign` FOREIGN KEY (`package_id`) REFERENCES `package_four_days` (`id`) ON DELETE CASCADE;

--
-- Constraints for table `facilities_one_days`
--
ALTER TABLE `facilities_one_days`
  ADD CONSTRAINT `facilities_one_days_facility_id_foreign` FOREIGN KEY (`facility_id`) REFERENCES `facilities` (`id`) ON DELETE CASCADE,
  ADD CONSTRAINT `facilities_one_days_package_id_foreign` FOREIGN KEY (`package_id`) REFERENCES `package_one_days` (`id`) ON DELETE CASCADE;

--
-- Constraints for table `facilities_three_days`
--
ALTER TABLE `facilities_three_days`
  ADD CONSTRAINT `facilities_three_days_facility_id_foreign` FOREIGN KEY (`facility_id`) REFERENCES `facilities` (`id`) ON DELETE CASCADE,
  ADD CONSTRAINT `facilities_three_days_package_id_foreign` FOREIGN KEY (`package_id`) REFERENCES `package_three_days` (`id`) ON DELETE CASCADE;

--
-- Constraints for table `facilities_two_days`
--
ALTER TABLE `facilities_two_days`
  ADD CONSTRAINT `facilities_two_days_facility_id_foreign` FOREIGN KEY (`facility_id`) REFERENCES `facilities` (`id`) ON DELETE CASCADE,
  ADD CONSTRAINT `facilities_two_days_package_id_foreign` FOREIGN KEY (`package_id`) REFERENCES `package_two_days` (`id`) ON DELETE CASCADE;

--
-- Constraints for table `model_has_permissions`
--
ALTER TABLE `model_has_permissions`
  ADD CONSTRAINT `model_has_permissions_permission_id_foreign` FOREIGN KEY (`permission_id`) REFERENCES `permissions` (`id`) ON DELETE CASCADE;

--
-- Constraints for table `model_has_roles`
--
ALTER TABLE `model_has_roles`
  ADD CONSTRAINT `model_has_roles_role_id_foreign` FOREIGN KEY (`role_id`) REFERENCES `roles` (`id`) ON DELETE CASCADE;

--
-- Constraints for table `package_destinations`
--
ALTER TABLE `package_destinations`
  ADD CONSTRAINT `package_destinations_destination_id_foreign` FOREIGN KEY (`destination_id`) REFERENCES `destinations` (`id`) ON DELETE CASCADE,
  ADD CONSTRAINT `package_destinations_package_id_foreign` FOREIGN KEY (`package_id`) REFERENCES `package_one_days` (`id`) ON DELETE CASCADE;

--
-- Constraints for table `package_four_destinations`
--
ALTER TABLE `package_four_destinations`
  ADD CONSTRAINT `package_four_destinations_destination_id_foreign` FOREIGN KEY (`destination_id`) REFERENCES `destinations` (`id`) ON DELETE CASCADE,
  ADD CONSTRAINT `package_four_destinations_package_id_foreign` FOREIGN KEY (`package_id`) REFERENCES `package_four_days` (`id`) ON DELETE CASCADE;

--
-- Constraints for table `package_three_destinations`
--
ALTER TABLE `package_three_destinations`
  ADD CONSTRAINT `package_three_destinations_destination_id_foreign` FOREIGN KEY (`destination_id`) REFERENCES `destinations` (`id`) ON DELETE CASCADE,
  ADD CONSTRAINT `package_three_destinations_package_id_foreign` FOREIGN KEY (`package_id`) REFERENCES `package_three_days` (`id`) ON DELETE CASCADE;

--
-- Constraints for table `package_two_destinations`
--
ALTER TABLE `package_two_destinations`
  ADD CONSTRAINT `package_two_destinations_destination_id_foreign` FOREIGN KEY (`destination_id`) REFERENCES `destinations` (`id`) ON DELETE CASCADE,
  ADD CONSTRAINT `package_two_destinations_package_id_foreign` FOREIGN KEY (`package_id`) REFERENCES `package_two_days` (`id`) ON DELETE CASCADE;

--
-- Constraints for table `regencies`
--
ALTER TABLE `regencies`
  ADD CONSTRAINT `regencies_province_id_foreign` FOREIGN KEY (`province_id`) REFERENCES `provinces` (`id`) ON DELETE CASCADE;

--
-- Constraints for table `role_has_permissions`
--
ALTER TABLE `role_has_permissions`
  ADD CONSTRAINT `role_has_permissions_permission_id_foreign` FOREIGN KEY (`permission_id`) REFERENCES `permissions` (`id`) ON DELETE CASCADE,
  ADD CONSTRAINT `role_has_permissions_role_id_foreign` FOREIGN KEY (`role_id`) REFERENCES `roles` (`id`) ON DELETE CASCADE;

--
-- Constraints for table `vehicles`
--
ALTER TABLE `vehicles`
  ADD CONSTRAINT `vehicles_regency_id_foreign` FOREIGN KEY (`regency_id`) REFERENCES `regencies` (`id`) ON DELETE CASCADE;
COMMIT;

/*!40101 SET CHARACTER_SET_CLIENT=@OLD_CHARACTER_SET_CLIENT */;
/*!40101 SET CHARACTER_SET_RESULTS=@OLD_CHARACTER_SET_RESULTS */;
/*!40101 SET COLLATION_CONNECTION=@OLD_COLLATION_CONNECTION */;
